{"type":"FeatureCollection", "features": [
{"type":"Feature","geometry":{"type":"MultiPolygon","coordinates":[[[[93.848,7.24],[93.808,7.229],[93.808,7.215],[93.755,7.211],[93.734,7.187],[93.686,7.19],[93.675,7.176],[93.676,7.14],[93.656,7.126],[93.66,7.086],[93.67,7.081],[93.665,7.042],[93.67,7.013],[93.699,7.012],[93.745,6.962],[93.742,6.925],[93.78,6.882],[93.774,6.864],[93.786,6.836],[93.813,6.808],[93.807,6.763],[93.828,6.754],[93.847,6.78],[93.853,6.815],[93.896,6.805],[93.909,6.838],[93.894,6.847],[93.902,6.881],[93.897,6.902],[93.917,6.945],[93.937,6.962],[93.922,7.01],[93.917,7.048],[93.888,7.086],[93.891,7.121],[93.87,7.216],[93.851,7.214],[93.848,7.24]]],[[[93.713,7.444],[93.707,7.394],[93.662,7.381],[93.631,7.362],[93.636,7.321],[93.626,7.306],[93.629,7.269],[93.649,7.242],[93.67,7.26],[93.679,7.285],[93.725,7.31],[93.756,7.374],[93.725,7.397],[93.713,7.444]]],[[[93.38,8.025],[93.355,8.008],[93.336,8.012],[93.311,7.962],[93.318,7.943],[93.348,7.926],[93.344,7.902],[93.377,7.882],[93.397,7.902],[93.441,7.899],[93.462,7.872],[93.474,7.896],[93.461,7.936],[93.43,7.968],[93.403,7.974],[93.41,8.007],[93.38,8.025]]],[[[93.547,8.028],[93.543,8.015],[93.507,7.985],[93.574,7.929],[93.583,7.992],[93.564,8.025],[93.547,8.028]]],[[[93.579,8.125],[93.561,8.119],[93.572,8.067],[93.592,8.038],[93.589,8.109],[93.579,8.125]]],[[[93.526,8.231],[93.495,8.223],[93.491,8.199],[93.455,8.176],[93.459,8.124],[93.483,8.078],[93.516,8.084],[93.526,8.055],[93.486,8.037],[93.492,8],[93.507,8.002],[93.509,8.034],[93.542,8.038],[93.553,8.066],[93.548,8.088],[93.504,8.144],[93.545,8.196],[93.544,8.225],[93.526,8.231]]],[[[93.235,8.266],[93.22,8.245],[93.239,8.221],[93.252,8.229],[93.235,8.266]]],[[[93.126,8.356],[93.095,8.34],[93.085,8.308],[93.085,8.274],[93.123,8.221],[93.166,8.2],[93.196,8.193],[93.194,8.225],[93.154,8.243],[93.126,8.277],[93.143,8.347],[93.126,8.356]]],[[[93.616,8.574],[93.61,8.544],[93.625,8.515],[93.627,8.467],[93.642,8.467],[93.635,8.524],[93.623,8.529],[93.616,8.574]]],[[[92.788,9.244],[92.765,9.215],[92.721,9.214],[92.72,9.146],[92.732,9.124],[92.811,9.124],[92.832,9.163],[92.814,9.22],[92.788,9.244]]],[[[92.516,10.898],[92.493,10.889],[92.459,10.863],[92.457,10.84],[92.431,10.822],[92.413,10.789],[92.376,10.782],[92.382,10.72],[92.381,10.666],[92.408,10.649],[92.421,10.615],[92.41,10.583],[92.384,10.544],[92.402,10.531],[92.435,10.548],[92.499,10.511],[92.531,10.518],[92.568,10.576],[92.544,10.593],[92.54,10.614],[92.553,10.638],[92.598,10.683],[92.597,10.706],[92.583,10.743],[92.588,10.787],[92.561,10.812],[92.558,10.863],[92.516,10.898]]],[[[92.641,11.51],[92.616,11.485],[92.611,11.459],[92.624,11.441],[92.622,11.405],[92.588,11.401],[92.581,11.367],[92.599,11.347],[92.638,11.347],[92.691,11.37],[92.692,11.388],[92.664,11.395],[92.685,11.433],[92.668,11.49],[92.641,11.51]]],[[[92.219,11.592],[92.208,11.548],[92.217,11.529],[92.25,11.526],[92.275,11.535],[92.27,11.585],[92.219,11.592]]],[[[92.54,11.603],[92.538,11.561],[92.553,11.562],[92.567,11.592],[92.54,11.603]]],[[[93.021,11.843],[93.017,11.831],[93.05,11.812],[93.063,11.845],[93.021,11.843]]],[[[92.97,12.034],[92.931,12.006],[92.934,11.985],[92.961,11.98],[92.973,11.949],[92.988,11.95],[93.022,11.901],[93.054,11.896],[93.037,11.947],[93.008,11.998],[93.003,12.029],[92.97,12.034]]],[[[92.991,12.109],[92.96,12.107],[92.962,12.072],[92.999,12.046],[93.003,12.105],[92.991,12.109]]],[[[93.028,12.157],[92.993,12.141],[92.963,12.151],[92.962,12.123],[93.006,12.108],[93.007,12.076],[93.054,12.076],[93.036,12.098],[93.028,12.157]]],[[[93.069,12.211],[93.056,12.191],[93.037,12.134],[93.07,12.087],[93.092,12.107],[93.094,12.148],[93.085,12.195],[93.069,12.211]]],[[[92.701,12.236],[92.689,12.235],[92.646,12.179],[92.624,12.103],[92.626,12.062],[92.613,12.007],[92.611,11.94],[92.606,11.923],[92.611,11.871],[92.586,11.888],[92.578,11.927],[92.565,11.943],[92.543,11.923],[92.526,11.895],[92.514,11.848],[92.525,11.826],[92.546,11.828],[92.556,11.773],[92.552,11.721],[92.587,11.717],[92.599,11.69],[92.595,11.665],[92.608,11.635],[92.607,11.595],[92.651,11.552],[92.646,11.524],[92.664,11.507],[92.698,11.507],[92.728,11.518],[92.73,11.558],[92.753,11.61],[92.756,11.666],[92.745,11.676],[92.716,11.666],[92.702,11.692],[92.718,11.706],[92.755,11.717],[92.787,11.872],[92.779,11.892],[92.788,11.926],[92.777,11.938],[92.747,11.932],[92.732,11.899],[92.716,11.951],[92.726,11.974],[92.757,11.988],[92.762,12.021],[92.776,12.031],[92.735,12.089],[92.738,12.111],[92.756,12.154],[92.757,12.176],[92.737,12.182],[92.716,12.168],[92.701,12.236]]],[[[92.731,12.242],[92.722,12.228],[92.723,12.189],[92.764,12.182],[92.762,12.229],[92.731,12.242]]],[[[92.941,12.281],[92.914,12.293],[92.902,12.281],[92.923,12.26],[92.941,12.281]]],[[[92.777,12.31],[92.782,12.285],[92.742,12.246],[92.768,12.228],[92.765,12.177],[92.739,12.099],[92.739,12.085],[92.765,12.063],[92.793,12.083],[92.799,12.109],[92.872,12.227],[92.859,12.247],[92.888,12.259],[92.87,12.301],[92.83,12.3],[92.809,12.313],[92.777,12.31]]],[[[93.84,12.321],[93.815,12.285],[93.827,12.245],[93.841,12.237],[93.881,12.237],[93.872,12.268],[93.84,12.321]]],[[[92.853,12.409],[92.867,12.378],[92.89,12.391],[92.853,12.409]]],[[[92.955,12.415],[92.933,12.419],[92.919,12.365],[92.932,12.359],[92.943,12.4],[92.955,12.415]]],[[[92.899,12.916],[92.875,12.882],[92.845,12.875],[92.842,12.876],[92.84,12.878],[92.843,12.886],[92.84,12.891],[92.834,12.886],[92.828,12.886],[92.824,12.895],[92.792,12.89],[92.793,12.863],[92.771,12.863],[92.738,12.829],[92.724,12.828],[92.721,12.788],[92.741,12.724],[92.745,12.671],[92.715,12.636],[92.707,12.593],[92.709,12.557],[92.694,12.515],[92.708,12.492],[92.698,12.421],[92.701,12.337],[92.719,12.301],[92.748,12.3],[92.772,12.318],[92.809,12.315],[92.832,12.303],[92.887,12.323],[92.874,12.353],[92.838,12.398],[92.829,12.429],[92.878,12.418],[92.924,12.436],[92.95,12.464],[92.976,12.542],[92.956,12.608],[92.965,12.681],[92.977,12.718],[92.96,12.755],[92.935,12.782],[92.954,12.807],[92.928,12.883],[92.909,12.883],[92.899,12.916]]],[[[92.696,12.992],[92.67,12.952],[92.665,12.881],[92.649,12.861],[92.672,12.794],[92.69,12.834],[92.715,12.863],[92.721,12.888],[92.719,12.979],[92.696,12.992]]],[[[93.029,13.573],[93.016,13.55],[92.993,13.566],[92.965,13.544],[92.919,13.537],[92.929,13.502],[92.904,13.497],[92.901,13.478],[92.877,13.475],[92.872,13.416],[92.845,13.409],[92.853,13.387],[92.836,13.367],[92.823,13.277],[92.85,13.239],[92.832,13.214],[92.81,13.153],[92.82,13.101],[92.797,13.089],[92.791,13.012],[92.819,13.001],[92.793,12.98],[92.801,12.901],[92.843,12.891],[92.844,12.886],[92.841,12.877],[92.843,12.876],[92.851,12.879],[92.858,12.879],[92.872,12.883],[92.859,12.903],[92.857,12.934],[92.877,12.946],[92.883,12.983],[92.907,12.984],[92.904,13.022],[92.916,13.054],[92.961,13.015],[92.971,13.029],[93.006,13.031],[93.031,13.069],[93.037,13.139],[93.032,13.178],[93.056,13.233],[93.046,13.259],[93.013,13.307],[92.977,13.324],[93.003,13.353],[93.027,13.345],[93.04,13.322],[93.072,13.323],[93.079,13.341],[93.063,13.361],[93.051,13.406],[93.037,13.419],[93.033,13.458],[93.044,13.505],[93.04,13.547],[93.029,13.573]]],[[[93.016,13.676],[92.982,13.665],[92.986,13.643],[93.015,13.644],[93.016,13.676]]]]},"properties":{"NAME_1":"Andaman and Nicobar"}},
{"type":"Feature","geometry":{"type":"Polygon","coordinates":[[[77.509,15.921],[77.588,15.907],[77.606,15.912],[77.64,15.883],[77.684,15.874],[77.716,15.887],[77.799,15.865],[77.856,15.876],[77.888,15.896],[77.928,15.877],[77.973,15.874],[78.002,15.859],[78.017,15.895],[78.04,15.898],[78.064,15.845],[78.101,15.828],[78.126,15.849],[78.165,15.849],[78.18,15.9],[78.243,15.937],[78.26,15.995],[78.251,16.026],[78.268,16.035],[78.316,16.029],[78.34,16.053],[78.37,16.06],[78.406,16.081],[78.451,16.081],[78.559,16.056],[78.604,16.096],[78.636,16.091],[78.687,16.04],[78.739,16.021],[78.775,16.024],[78.808,16.046],[78.837,16.087],[78.832,16.152],[78.856,16.159],[78.873,16.11],[78.901,16.098],[78.922,16.122],[78.906,16.165],[78.908,16.191],[79.02,16.244],[79.069,16.238],[79.123,16.238],[79.177,16.217],[79.208,16.231],[79.225,16.25],[79.228,16.337],[79.211,16.363],[79.219,16.438],[79.236,16.459],[79.224,16.492],[79.23,16.519],[79.266,16.561],[79.346,16.58],[79.427,16.583],[79.451,16.609],[79.497,16.631],[79.537,16.632],[79.574,16.644],[79.6,16.663],[79.648,16.662],[79.683,16.69],[79.723,16.693],[79.75,16.72],[79.775,16.73],[79.81,16.69],[79.862,16.698],[79.891,16.65],[79.924,16.631],[79.943,16.633],[79.973,16.66],[79.992,16.693],[80.048,16.745],[80.052,16.771],[80.07,16.814],[80.042,16.826],[80.033,16.852],[79.992,16.863],[80.01,16.907],[80.037,16.936],[80.046,16.965],[80.084,16.963],[80.106,16.981],[80.134,16.985],[80.182,17.045],[80.196,17.018],[80.218,17.02],[80.241,17.003],[80.262,17.011],[80.301,16.956],[80.319,16.871],[80.335,16.856],[80.359,16.855],[80.373,16.811],[80.419,16.842],[80.453,16.815],[80.456,16.79],[80.49,16.776],[80.563,16.763],[80.598,16.785],[80.586,16.807],[80.555,16.825],[80.565,16.869],[80.587,16.874],[80.584,16.927],[80.569,16.927],[80.532,16.95],[80.521,16.936],[80.491,16.948],[80.477,16.921],[80.443,16.945],[80.36,16.971],[80.389,17.014],[80.367,17.057],[80.395,17.078],[80.421,17.025],[80.446,17.017],[80.485,17.056],[80.497,17.101],[80.549,17.124],[80.56,17.138],[80.595,17.12],[80.63,17.11],[80.655,17.084],[80.649,17.055],[80.684,17.069],[80.726,17.065],[80.747,17.055],[80.823,17.038],[80.859,17.051],[80.864,17.096],[80.855,17.111],[80.87,17.146],[80.913,17.146],[80.905,17.201],[80.931,17.205],[80.985,17.179],[81.026,17.187],[81.044,17.205],[81.146,17.232],[81.163,17.233],[81.172,17.305],[81.19,17.327],[81.267,17.32],[81.289,17.338],[81.322,17.389],[81.35,17.369],[81.385,17.355],[81.416,17.362],[81.442,17.382],[81.493,17.449],[81.501,17.539],[81.524,17.573],[81.503,17.59],[81.571,17.688],[81.573,17.719],[81.609,17.744],[81.623,17.763],[81.675,17.767],[81.73,17.819],[81.753,17.818],[81.794,17.844],[81.781,17.871],[81.758,17.893],[81.703,17.861],[81.688,17.885],[81.663,17.877],[81.643,17.839],[81.611,17.815],[81.575,17.827],[81.554,17.816],[81.481,17.803],[81.47,17.823],[81.409,17.805],[81.385,17.807],[81.315,17.812],[81.254,17.812],[81.192,17.847],[81.16,17.853],[81.098,17.817],[81.074,17.786],[81.032,17.79],[81.004,17.838],[80.994,17.914],[80.985,17.923],[80.966,18.043],[80.948,18.091],[80.949,18.123],[80.973,18.144],[80.974,18.168],[80.901,18.135],[80.862,18.133],[80.849,18.2],[80.859,18.226],[80.824,18.234],[80.819,18.192],[80.798,18.166],[80.762,18.163],[80.735,18.172],[80.733,18.219],[80.784,18.243],[80.723,18.361],[80.713,18.406],[80.691,18.419],[80.681,18.454],[80.651,18.472],[80.633,18.519],[80.601,18.545],[80.532,18.586],[80.511,18.616],[80.488,18.627],[80.45,18.626],[80.382,18.594],[80.367,18.605],[80.342,18.586],[80.319,18.622],[80.296,18.686],[80.268,18.718],[80.247,18.701],[80.202,18.697],[80.189,18.676],[80.158,18.696],[80.107,18.678],[80.082,18.702],[80.046,18.721],[80.012,18.767],[79.932,18.784],[79.894,18.831],[79.926,18.838],[79.939,18.859],[79.941,18.938],[79.931,18.975],[79.934,19.022],[79.926,19.042],[79.891,19.045],[79.871,19.036],[79.861,19.06],[79.858,19.104],[79.871,19.123],[79.906,19.142],[79.942,19.176],[79.923,19.203],[79.92,19.226],[79.945,19.284],[79.962,19.297],[79.957,19.335],[79.973,19.401],[79.946,19.441],[79.945,19.459],[79.911,19.492],[79.878,19.501],[79.828,19.537],[79.817,19.569],[79.778,19.598],[79.74,19.603],[79.713,19.583],[79.64,19.575],[79.621,19.565],[79.601,19.508],[79.566,19.511],[79.543,19.549],[79.515,19.542],[79.513,19.518],[79.47,19.497],[79.441,19.534],[79.414,19.533],[79.371,19.562],[79.341,19.574],[79.314,19.566],[79.305,19.59],[79.255,19.611],[79.237,19.527],[79.216,19.511],[79.209,19.485],[79.219,19.465],[79.189,19.459],[79.169,19.468],[79.14,19.501],[79.105,19.513],[79.103,19.528],[79.063,19.531],[79.052,19.545],[79.018,19.54],[78.978,19.58],[78.963,19.617],[78.969,19.649],[78.944,19.665],[78.916,19.668],[78.891,19.655],[78.859,19.656],[78.863,19.697],[78.846,19.758],[78.808,19.758],[78.785,19.779],[78.738,19.779],[78.716,19.767],[78.702,19.786],[78.619,19.809],[78.526,19.822],[78.494,19.793],[78.476,19.816],[78.429,19.823],[78.398,19.836],[78.384,19.879],[78.336,19.883],[78.31,19.913],[78.294,19.85],[78.339,19.839],[78.339,19.814],[78.36,19.806],[78.368,19.781],[78.345,19.734],[78.345,19.714],[78.316,19.691],[78.286,19.69],[78.27,19.663],[78.288,19.654],[78.311,19.604],[78.311,19.572],[78.297,19.558],[78.299,19.504],[78.312,19.466],[78.297,19.449],[78.273,19.454],[78.252,19.43],[78.224,19.434],[78.188,19.396],[78.18,19.353],[78.197,19.332],[78.183,19.279],[78.183,19.242],[78.15,19.23],[78.127,19.246],[78.082,19.255],[78.058,19.24],[78.046,19.271],[78.012,19.301],[77.985,19.309],[77.949,19.341],[77.912,19.318],[77.861,19.302],[77.862,19.284],[77.901,19.277],[77.868,19.246],[77.845,19.188],[77.849,19.155],[77.834,19.133],[77.845,19.114],[77.842,19.087],[77.815,19.104],[77.8,19.099],[77.797,19.051],[77.762,19.062],[77.757,19.029],[77.767,18.981],[77.817,18.982],[77.813,18.949],[77.854,18.952],[77.84,18.911],[77.882,18.909],[77.899,18.868],[77.944,18.842],[77.943,18.822],[77.908,18.83],[77.837,18.807],[77.823,18.769],[77.787,18.694],[77.749,18.69],[77.733,18.676],[77.73,18.643],[77.743,18.621],[77.747,18.589],[77.728,18.552],[77.712,18.554],[77.658,18.527],[77.64,18.554],[77.597,18.548],[77.571,18.467],[77.583,18.443],[77.555,18.418],[77.549,18.388],[77.521,18.365],[77.527,18.339],[77.553,18.331],[77.57,18.308],[77.55,18.291],[77.603,18.278],[77.573,18.241],[77.585,18.217],[77.57,18.189],[77.579,18.162],[77.598,18.152],[77.597,18.084],[77.567,18.076],[77.546,18.054],[77.553,18.035],[77.607,18.018],[77.653,17.969],[77.644,17.946],[77.62,17.944],[77.617,17.903],[77.585,17.908],[77.592,17.879],[77.567,17.866],[77.554,17.83],[77.526,17.827],[77.504,17.783],[77.554,17.761],[77.562,17.747],[77.539,17.725],[77.494,17.716],[77.458,17.699],[77.446,17.657],[77.451,17.632],[77.44,17.581],[77.49,17.566],[77.502,17.541],[77.527,17.573],[77.548,17.549],[77.585,17.558],[77.592,17.533],[77.621,17.522],[77.657,17.521],[77.688,17.499],[77.684,17.473],[77.648,17.481],[77.611,17.47],[77.611,17.444],[77.573,17.454],[77.573,17.43],[77.533,17.441],[77.51,17.427],[77.521,17.362],[77.456,17.345],[77.434,17.288],[77.455,17.276],[77.38,17.22],[77.36,17.162],[77.376,17.138],[77.404,17.123],[77.463,17.104],[77.499,17.007],[77.478,16.99],[77.479,16.968],[77.464,16.953],[77.468,16.917],[77.453,16.909],[77.46,16.844],[77.457,16.824],[77.472,16.796],[77.467,16.777],[77.437,16.763],[77.423,16.715],[77.469,16.709],[77.465,16.678],[77.417,16.663],[77.433,16.638],[77.471,16.644],[77.454,16.607],[77.456,16.581],[77.421,16.565],[77.415,16.518],[77.381,16.512],[77.366,16.484],[77.324,16.481],[77.252,16.468],[77.264,16.43],[77.285,16.403],[77.353,16.377],[77.373,16.38],[77.412,16.363],[77.438,16.374],[77.481,16.378],[77.519,16.37],[77.535,16.353],[77.584,16.328],[77.591,16.312],[77.524,16.27],[77.501,16.268],[77.488,16.25],[77.495,16.187],[77.484,16.159],[77.487,16.116],[77.503,16.073],[77.491,16.031],[77.51,16.002],[77.515,15.963],[77.509,15.921]]]},"properties":{"NAME_1":"Telangana"}},
{"type":"Feature","geometry":{"type":"MultiPolygon","coordinates":[[[[80.149,13.618],[80.128,13.578],[80.151,13.551],[80.168,13.59],[80.149,13.618]]],[[[82.332,16.725],[82.317,16.705],[82.285,16.698],[82.259,16.69],[82.256,16.654],[82.282,16.642],[82.297,16.613],[82.319,16.617],[82.319,16.652],[82.339,16.685],[82.332,16.725]]],[[[82.3,16.714],[82.341,16.753],[82.356,16.812],[82.359,16.849],[82.312,16.855],[82.27,16.876],[82.251,16.906],[82.251,16.935],[82.284,16.977],[82.278,16.992],[82.303,17.041],[82.332,17.072],[82.439,17.173],[82.532,17.243],[82.623,17.299],[82.703,17.344],[82.954,17.46],[82.985,17.47],[83.007,17.498],[83.104,17.544],[83.161,17.561],[83.176,17.575],[83.216,17.594],[83.235,17.611],[83.24,17.633],[83.295,17.675],[83.298,17.694],[83.342,17.723],[83.354,17.757],[83.386,17.779],[83.41,17.81],[83.419,17.857],[83.444,17.872],[83.452,17.9],[83.53,17.949],[83.559,17.983],[83.57,18.014],[83.713,18.111],[83.785,18.147],[83.863,18.176],[83.886,18.195],[83.951,18.217],[84.011,18.25],[84.07,18.276],[84.13,18.314],[84.125,18.328],[84.153,18.377],[84.219,18.442],[84.286,18.502],[84.356,18.557],[84.363,18.588],[84.441,18.664],[84.441,18.68],[84.49,18.739],[84.555,18.796],[84.557,18.817],[84.577,18.837],[84.589,18.873],[84.615,18.902],[84.688,18.973],[84.761,19.071],[84.73,19.089],[84.719,19.096],[84.698,19.109],[84.698,19.11],[84.694,19.122],[84.697,19.125],[84.702,19.151],[84.698,19.15],[84.681,19.15],[84.665,19.157],[84.666,19.135],[84.661,19.122],[84.647,19.12],[84.629,19.121],[84.596,19.115],[84.606,19.093],[84.617,19.09],[84.624,19.074],[84.634,19.075],[84.645,19.084],[84.663,19.064],[84.655,19.052],[84.648,19.056],[84.634,19.056],[84.63,19.05],[84.625,19.053],[84.623,19.056],[84.612,19.05],[84.609,19.047],[84.6,19.033],[84.588,19.013],[84.574,19.035],[84.578,19.062],[84.571,19.06],[84.568,19.063],[84.56,19.06],[84.548,19.046],[84.51,19.037],[84.498,19.025],[84.489,19.021],[84.478,19.008],[84.476,18.992],[84.472,18.981],[84.437,18.997],[84.422,19.009],[84.42,19.013],[84.415,19.012],[84.425,18.995],[84.426,18.989],[84.426,18.984],[84.435,18.977],[84.441,18.967],[84.416,18.938],[84.429,18.914],[84.41,18.891],[84.386,18.883],[84.362,18.851],[84.334,18.864],[84.344,18.812],[84.332,18.792],[84.3,18.782],[84.284,18.791],[84.246,18.773],[84.217,18.787],[84.18,18.769],[84.159,18.775],[84.092,18.745],[84.066,18.752],[84.048,18.783],[84.007,18.804],[83.982,18.8],[83.908,18.816],[83.87,18.818],[83.864,18.839],[83.844,18.851],[83.835,18.909],[83.813,18.934],[83.816,18.949],[83.788,19.008],[83.726,18.976],[83.706,18.985],[83.684,19.044],[83.657,19.075],[83.645,19.113],[83.619,19.142],[83.594,19.12],[83.604,19.093],[83.582,19.076],[83.579,19.05],[83.551,19.05],[83.535,19.029],[83.514,19.025],[83.505,19.065],[83.477,19.075],[83.459,19.07],[83.475,19],[83.449,19],[83.462,18.959],[83.443,18.948],[83.415,18.978],[83.409,18.996],[83.362,18.995],[83.335,19.007],[83.313,18.967],[83.361,18.953],[83.348,18.921],[83.388,18.871],[83.399,18.834],[83.36,18.807],[83.28,18.79],[83.266,18.757],[83.185,18.744],[83.133,18.772],[83.078,18.705],[83.051,18.654],[83.012,18.639],[83.02,18.605],[83.008,18.588],[83.051,18.535],[83.089,18.533],[83.052,18.477],[83.016,18.448],[83.037,18.435],[83.066,18.392],[83.04,18.37],[82.992,18.375],[82.976,18.355],[82.903,18.356],[82.885,18.379],[82.891,18.392],[82.819,18.433],[82.799,18.439],[82.776,18.42],[82.787,18.39],[82.784,18.354],[82.767,18.331],[82.698,18.296],[82.665,18.291],[82.632,18.229],[82.589,18.257],[82.59,18.319],[82.601,18.366],[82.556,18.389],[82.536,18.408],[82.554,18.438],[82.529,18.443],[82.523,18.504],[82.481,18.515],[82.474,18.537],[82.437,18.497],[82.427,18.477],[82.397,18.452],[82.361,18.41],[82.384,18.372],[82.376,18.353],[82.345,18.322],[82.384,18.319],[82.393,18.306],[82.367,18.271],[82.337,18.266],[82.333,18.216],[82.306,18.196],[82.31,18.175],[82.349,18.162],[82.333,18.142],[82.332,18.094],[82.343,18.082],[82.336,18.047],[82.304,18.04],[82.288,18.061],[82.258,18.035],[82.271,18.011],[82.267,17.986],[82.242,17.98],[82.197,18.009],[82.177,18.011],[82.164,18.042],[82.092,18.053],[82.072,18.066],[82.06,18.045],[82.025,18.058],[82.002,18.045],[82.002,18.024],[81.936,17.984],[81.801,17.936],[81.786,17.914],[81.758,17.893],[81.781,17.871],[81.794,17.844],[81.753,17.818],[81.73,17.819],[81.675,17.767],[81.623,17.763],[81.609,17.744],[81.573,17.719],[81.571,17.688],[81.503,17.59],[81.524,17.573],[81.501,17.539],[81.493,17.449],[81.442,17.382],[81.416,17.362],[81.385,17.355],[81.35,17.369],[81.322,17.389],[81.289,17.338],[81.267,17.32],[81.19,17.327],[81.172,17.305],[81.163,17.233],[81.146,17.232],[81.044,17.205],[81.026,17.187],[80.985,17.179],[80.931,17.205],[80.905,17.201],[80.913,17.146],[80.87,17.146],[80.855,17.111],[80.864,17.096],[80.859,17.051],[80.823,17.038],[80.747,17.055],[80.726,17.065],[80.684,17.069],[80.649,17.055],[80.655,17.084],[80.63,17.11],[80.595,17.12],[80.56,17.138],[80.549,17.124],[80.497,17.101],[80.485,17.056],[80.446,17.017],[80.421,17.025],[80.395,17.078],[80.367,17.057],[80.389,17.014],[80.36,16.971],[80.443,16.945],[80.477,16.921],[80.491,16.948],[80.521,16.936],[80.532,16.95],[80.569,16.927],[80.584,16.927],[80.587,16.874],[80.565,16.869],[80.555,16.825],[80.586,16.807],[80.598,16.785],[80.563,16.763],[80.49,16.776],[80.456,16.79],[80.453,16.815],[80.419,16.842],[80.373,16.811],[80.359,16.855],[80.335,16.856],[80.319,16.871],[80.301,16.956],[80.262,17.011],[80.241,17.003],[80.218,17.02],[80.196,17.018],[80.182,17.045],[80.134,16.985],[80.106,16.981],[80.084,16.963],[80.046,16.965],[80.037,16.936],[80.01,16.907],[79.992,16.863],[80.033,16.852],[80.042,16.826],[80.07,16.814],[80.052,16.771],[80.048,16.745],[79.992,16.693],[79.973,16.66],[79.943,16.633],[79.924,16.631],[79.891,16.65],[79.862,16.698],[79.81,16.69],[79.775,16.73],[79.75,16.72],[79.723,16.693],[79.683,16.69],[79.648,16.662],[79.6,16.663],[79.574,16.644],[79.537,16.632],[79.497,16.631],[79.451,16.609],[79.427,16.583],[79.346,16.58],[79.266,16.561],[79.23,16.519],[79.224,16.492],[79.236,16.459],[79.219,16.438],[79.211,16.363],[79.228,16.337],[79.225,16.25],[79.208,16.231],[79.177,16.217],[79.123,16.238],[79.069,16.238],[79.02,16.244],[78.908,16.191],[78.906,16.165],[78.922,16.122],[78.901,16.098],[78.873,16.11],[78.856,16.159],[78.832,16.152],[78.837,16.087],[78.808,16.046],[78.775,16.024],[78.739,16.021],[78.687,16.04],[78.636,16.091],[78.604,16.096],[78.559,16.056],[78.451,16.081],[78.406,16.081],[78.37,16.06],[78.34,16.053],[78.316,16.029],[78.268,16.035],[78.251,16.026],[78.26,15.995],[78.243,15.937],[78.18,15.9],[78.165,15.849],[78.126,15.849],[78.101,15.828],[78.064,15.845],[78.04,15.898],[78.017,15.895],[78.002,15.859],[77.973,15.874],[77.928,15.877],[77.888,15.896],[77.856,15.876],[77.799,15.865],[77.716,15.887],[77.684,15.874],[77.64,15.883],[77.606,15.912],[77.588,15.907],[77.509,15.921],[77.467,15.928],[77.426,15.942],[77.376,15.933],[77.354,15.944],[77.282,15.947],[77.249,15.958],[77.181,15.95],[77.143,15.941],[77.077,15.91],[77.033,15.853],[77.028,15.826],[77.064,15.823],[77.062,15.778],[77.047,15.751],[77.047,15.725],[77.076,15.721],[77.076,15.691],[77.125,15.659],[77.116,15.625],[77.081,15.653],[77.069,15.641],[77.027,15.629],[77.024,15.576],[77.027,15.5],[76.97,15.491],[77.006,15.448],[77.027,15.435],[77.029,15.401],[77.044,15.384],[77.038,15.359],[77.063,15.338],[77.069,15.319],[77.11,15.327],[77.115,15.29],[77.148,15.286],[77.141,15.218],[77.164,15.168],[77.148,15.107],[77.128,15.094],[77.126,15.068],[77.11,15.029],[77.082,15.022],[77.079,15],[77.041,15.005],[77.047,15.029],[77.001,15.03],[76.967,15.013],[76.951,15.024],[76.914,15.031],[76.877,15.029],[76.861,15.057],[76.797,15.091],[76.773,15.065],[76.785,15.017],[76.757,14.983],[76.764,14.97],[76.841,14.961],[76.864,14.964],[76.86,14.891],[76.84,14.83],[76.834,14.785],[76.78,14.779],[76.798,14.735],[76.771,14.674],[76.761,14.596],[76.778,14.579],[76.8,14.528],[76.844,14.509],[76.864,14.475],[76.88,14.471],[76.907,14.484],[76.973,14.478],[76.959,14.445],[76.944,14.445],[76.942,14.4],[76.913,14.414],[76.883,14.39],[76.879,14.351],[76.899,14.319],[76.943,14.305],[76.944,14.282],[76.925,14.272],[76.938,14.24],[77.004,14.232],[77.05,14.24],[77.075,14.209],[77.11,14.221],[77.112,14.288],[77.126,14.302],[77.132,14.331],[77.152,14.338],[77.196,14.314],[77.245,14.315],[77.281,14.331],[77.28,14.276],[77.359,14.269],[77.355,14.23],[77.377,14.217],[77.384,14.192],[77.415,14.203],[77.401,14.26],[77.375,14.295],[77.395,14.329],[77.442,14.31],[77.444,14.278],[77.479,14.284],[77.499,14.261],[77.49,14.228],[77.51,14.172],[77.5,14.151],[77.463,14.164],[77.39,14.165],[77.377,14.13],[77.348,14.124],[77.352,14.105],[77.39,14.119],[77.395,14.103],[77.372,14.072],[77.338,14.054],[77.326,14.023],[77.383,14.007],[77.387,13.974],[77.421,13.977],[77.429,13.943],[77.408,13.936],[77.419,13.895],[77.348,13.897],[77.343,13.912],[77.363,13.942],[77.344,13.951],[77.354,13.982],[77.333,13.988],[77.313,14.025],[77.279,14.007],[77.272,14.028],[77.243,14.006],[77.195,14.003],[77.171,14.009],[77.154,13.991],[77.134,13.998],[77.121,14.042],[77.091,14.038],[77.024,14.053],[77.024,14.083],[77.01,14.092],[77.02,14.173],[76.958,14.176],[76.917,14.158],[76.891,14.159],[76.884,14.131],[76.943,14.112],[76.951,14.085],[76.968,14.08],[76.972,14.052],[76.938,14.048],[76.931,14.023],[76.994,13.981],[76.989,13.957],[77.036,13.926],[77.041,13.897],[77.017,13.893],[77.006,13.85],[76.969,13.81],[76.993,13.743],[77.011,13.733],[77.02,13.77],[77.035,13.769],[77.06,13.739],[77.095,13.761],[77.124,13.751],[77.167,13.755],[77.171,13.772],[77.154,13.801],[77.162,13.815],[77.139,13.859],[77.165,13.866],[77.156,13.9],[77.182,13.901],[77.175,13.861],[77.193,13.856],[77.225,13.895],[77.24,13.894],[77.25,13.839],[77.307,13.857],[77.32,13.826],[77.352,13.844],[77.373,13.831],[77.425,13.827],[77.409,13.799],[77.451,13.786],[77.463,13.744],[77.445,13.696],[77.45,13.676],[77.476,13.678],[77.48,13.703],[77.528,13.707],[77.52,13.744],[77.54,13.744],[77.548,13.72],[77.582,13.731],[77.614,13.76],[77.67,13.777],[77.696,13.761],[77.728,13.802],[77.769,13.809],[77.774,13.832],[77.803,13.841],[77.828,13.861],[77.806,13.918],[77.814,13.931],[77.862,13.927],[77.912,13.897],[77.951,13.928],[77.974,13.924],[77.978,13.893],[77.942,13.871],[77.948,13.825],[77.966,13.82],[77.985,13.862],[78.038,13.853],[78.041,13.887],[78.071,13.872],[78.075,13.855],[78.106,13.854],[78.117,13.822],[78.108,13.804],[78.118,13.777],[78.085,13.733],[78.109,13.71],[78.105,13.684],[78.066,13.664],[78.08,13.65],[78.146,13.65],[78.161,13.623],[78.194,13.616],[78.194,13.595],[78.25,13.574],[78.312,13.584],[78.344,13.578],[78.38,13.581],[78.398,13.566],[78.367,13.495],[78.363,13.452],[78.371,13.391],[78.355,13.355],[78.397,13.332],[78.391,13.304],[78.429,13.317],[78.436,13.298],[78.47,13.294],[78.501,13.277],[78.567,13.272],[78.577,13.262],[78.56,13.233],[78.553,13.189],[78.569,13.156],[78.539,13.152],[78.535,13.131],[78.509,13.12],[78.514,13.085],[78.505,13.053],[78.452,13.032],[78.461,12.979],[78.458,12.963],[78.423,12.969],[78.421,12.924],[78.436,12.901],[78.417,12.889],[78.388,12.906],[78.378,12.895],[78.345,12.928],[78.327,12.889],[78.316,12.893],[78.303,12.847],[78.263,12.857],[78.241,12.847],[78.242,12.812],[78.229,12.762],[78.221,12.753],[78.229,12.72],[78.22,12.703],[78.195,12.695],[78.2,12.676],[78.227,12.689],[78.264,12.692],[78.29,12.653],[78.309,12.65],[78.368,12.612],[78.46,12.617],[78.458,12.662],[78.493,12.67],[78.494,12.73],[78.524,12.68],[78.552,12.697],[78.546,12.729],[78.558,12.752],[78.58,12.767],[78.592,12.839],[78.625,12.914],[78.647,12.919],[78.62,12.974],[78.651,13.018],[78.694,13.004],[78.702,13.056],[78.74,13.045],[78.778,13.053],[78.801,13.076],[78.88,13.07],[78.882,13.02],[78.914,13.068],[78.946,13.064],[78.982,13.076],[79,13.058],[79.053,13.038],[79.069,13.014],[79.104,13.024],[79.153,13.007],[79.171,13.016],[79.169,13.053],[79.193,13.09],[79.214,13.097],[79.226,13.135],[79.271,13.138],[79.274,13.121],[79.299,13.115],[79.35,13.125],[79.348,13.163],[79.384,13.185],[79.421,13.184],[79.407,13.238],[79.422,13.287],[79.405,13.285],[79.375,13.303],[79.417,13.322],[79.455,13.324],[79.536,13.311],[79.541,13.279],[79.565,13.249],[79.585,13.247],[79.601,13.268],[79.669,13.282],[79.684,13.257],[79.671,13.236],[79.744,13.195],[79.783,13.228],[79.722,13.266],[79.746,13.28],[79.754,13.303],[79.78,13.282],[79.8,13.304],[79.851,13.303],[79.904,13.333],[79.926,13.336],[79.954,13.374],[79.932,13.404],[79.963,13.418],[79.962,13.451],[79.995,13.459],[80.006,13.488],[79.99,13.527],[80.045,13.522],[80.069,13.538],[80.076,13.527],[80.079,13.529],[80.089,13.526],[80.096,13.51],[80.1,13.505],[80.121,13.502],[80.133,13.496],[80.135,13.492],[80.145,13.485],[80.151,13.48],[80.152,13.479],[80.157,13.479],[80.163,13.478],[80.216,13.482],[80.246,13.465],[80.26,13.447],[80.276,13.389],[80.315,13.371],[80.313,13.428],[80.274,13.445],[80.262,13.473],[80.237,13.484],[80.177,13.495],[80.162,13.49],[80.138,13.512],[80.109,13.519],[80.086,13.552],[80.053,13.583],[80.072,13.608],[80.072,13.635],[80.103,13.654],[80.126,13.612],[80.139,13.613],[80.147,13.662],[80.142,13.694],[80.154,13.703],[80.187,13.67],[80.188,13.648],[80.243,13.614],[80.233,13.67],[80.236,13.713],[80.252,13.783],[80.245,13.82],[80.195,13.925],[80.172,13.984],[80.148,14.028],[80.133,14.1],[80.127,14.166],[80.129,14.213],[80.138,14.27],[80.17,14.361],[80.182,14.53],[80.197,14.593],[80.166,14.622],[80.144,14.701],[80.112,14.744],[80.087,14.822],[80.083,14.889],[80.069,14.927],[80.051,15.028],[80.048,15.089],[80.066,15.157],[80.088,15.219],[80.083,15.262],[80.097,15.313],[80.127,15.376],[80.201,15.465],[80.237,15.601],[80.27,15.673],[80.34,15.747],[80.384,15.778],[80.45,15.815],[80.567,15.861],[80.644,15.878],[80.712,15.88],[80.786,15.86],[80.812,15.832],[80.794,15.808],[80.812,15.76],[80.803,15.744],[80.822,15.713],[80.838,15.709],[80.917,15.72],[80.938,15.718],[80.998,15.75],[81.006,15.781],[80.995,15.803],[80.998,15.83],[81.088,15.93],[81.146,15.974],[81.141,16.018],[81.189,16.103],[81.205,16.176],[81.218,16.21],[81.243,16.25],[81.283,16.291],[81.319,16.313],[81.393,16.342],[81.47,16.353],[81.543,16.358],[81.561,16.345],[81.687,16.332],[81.719,16.312],[81.774,16.334],[81.842,16.37],[81.892,16.386],[81.945,16.395],[82.073,16.463],[82.222,16.537],[82.26,16.551],[82.3,16.592],[82.278,16.636],[82.254,16.653],[82.258,16.69],[82.215,16.71],[82.179,16.716],[82.197,16.736],[82.22,16.718],[82.281,16.723],[82.3,16.714]]]]},"properties":{"NAME_1":"Andhra Pradesh"}},
{"type":"Feature","geometry":{"type":"Polygon","coordinates":[[[95.238,26.686],[95.26,26.686],[95.272,26.663],[95.303,26.656],[95.347,26.678],[95.366,26.678],[95.423,26.697],[95.466,26.75],[95.483,26.755],[95.515,26.813],[95.546,26.838],[95.612,26.821],[95.632,26.849],[95.637,26.879],[95.673,26.91],[95.703,26.887],[95.731,26.887],[95.755,26.908],[95.761,26.964],[95.815,27.022],[95.838,27.015],[95.877,27.02],[95.957,27.068],[95.979,27.111],[96.017,27.155],[96.036,27.196],[96.164,27.254],[96.218,27.27],[96.234,27.285],[96.279,27.279],[96.311,27.302],[96.348,27.288],[96.364,27.3],[96.392,27.295],[96.433,27.31],[96.5,27.309],[96.531,27.298],[96.562,27.325],[96.601,27.345],[96.62,27.373],[96.694,27.366],[96.713,27.381],[96.741,27.364],[96.773,27.365],[96.802,27.354],[96.817,27.33],[96.85,27.306],[96.856,27.28],[96.885,27.268],[96.89,27.237],[96.863,27.219],[96.866,27.2],[96.918,27.175],[96.985,27.167],[97.03,27.142],[97.063,27.111],[97.109,27.121],[97.146,27.103],[97.172,27.137],[97.15,27.178],[97.127,27.185],[97.117,27.209],[97.095,27.221],[97.094,27.248],[97.044,27.29],[97.04,27.308],[97.003,27.33],[96.997,27.355],[96.969,27.386],[96.966,27.415],[96.941,27.427],[96.933,27.451],[96.912,27.463],[96.914,27.488],[96.938,27.53],[96.916,27.558],[96.914,27.588],[96.898,27.621],[96.919,27.631],[96.929,27.656],[96.959,27.674],[96.978,27.672],[97.016,27.741],[97.068,27.76],[97.096,27.75],[97.102,27.793],[97.124,27.799],[97.16,27.823],[97.203,27.864],[97.256,27.91],[97.309,27.93],[97.344,27.894],[97.365,27.885],[97.389,27.896],[97.379,27.918],[97.378,27.986],[97.399,28.034],[97.377,28.039],[97.366,28.068],[97.312,28.07],[97.31,28.093],[97.339,28.12],[97.325,28.148],[97.331,28.163],[97.372,28.2],[97.375,28.226],[97.282,28.276],[97.241,28.275],[97.224,28.3],[97.193,28.294],[97.169,28.302],[97.159,28.327],[97.126,28.356],[97.093,28.37],[97.052,28.358],[97.023,28.326],[96.996,28.316],[96.953,28.34],[96.926,28.345],[96.899,28.386],[96.826,28.367],[96.774,28.374],[96.757,28.415],[96.681,28.451],[96.665,28.466],[96.599,28.466],[96.56,28.453],[96.51,28.418],[96.458,28.419],[96.432,28.392],[96.423,28.351],[96.399,28.344],[96.38,28.364],[96.371,28.394],[96.32,28.386],[96.305,28.405],[96.266,28.417],[96.367,28.48],[96.361,28.51],[96.324,28.53],[96.355,28.561],[96.401,28.562],[96.444,28.606],[96.495,28.644],[96.471,28.685],[96.532,28.711],[96.586,28.722],[96.616,28.765],[96.608,28.798],[96.584,28.822],[96.537,28.884],[96.539,28.921],[96.521,28.965],[96.488,28.965],[96.477,28.994],[96.525,29.079],[96.436,29.038],[96.347,29.032],[96.294,28.999],[96.228,28.929],[96.167,28.906],[96.145,28.937],[96.18,28.969],[96.185,28.988],[96.15,29.053],[96.124,29.081],[96.17,29.088],[96.2,29.106],[96.217,29.138],[96.26,29.16],[96.346,29.171],[96.358,29.182],[96.393,29.257],[96.375,29.284],[96.313,29.259],[96.293,29.236],[96.251,29.233],[96.234,29.243],[96.203,29.294],[96.183,29.309],[96.186,29.344],[96.15,29.399],[96.113,29.428],[96.093,29.456],[96.056,29.458],[96.015,29.421],[95.957,29.383],[95.881,29.391],[95.84,29.354],[95.791,29.338],[95.778,29.356],[95.745,29.329],[95.727,29.302],[95.702,29.3],[95.673,29.271],[95.631,29.249],[95.599,29.262],[95.586,29.218],[95.545,29.216],[95.547,29.129],[95.504,29.143],[95.492,29.124],[95.489,29.09],[95.454,29.037],[95.41,29.034],[95.345,29.046],[95.303,29.063],[95.267,29.058],[95.25,29.069],[95.251,29.11],[95.178,29.109],[95.122,29.116],[95.098,29.144],[95.04,29.152],[95.005,29.17],[95.011,29.133],[94.968,29.16],[94.919,29.162],[94.872,29.184],[94.847,29.183],[94.798,29.165],[94.798,29.21],[94.767,29.253],[94.711,29.304],[94.677,29.328],[94.628,29.349],[94.611,29.301],[94.574,29.275],[94.558,29.229],[94.533,29.219],[94.494,29.217],[94.431,29.227],[94.372,29.19],[94.364,29.157],[94.35,29.15],[94.288,29.148],[94.258,29.117],[94.215,29.084],[94.185,29.039],[94.173,28.992],[94.155,28.955],[94.079,28.906],[94.03,28.853],[93.995,28.841],[94,28.82],[93.985,28.798],[94.001,28.776],[93.969,28.751],[93.966,28.723],[93.935,28.677],[93.904,28.677],[93.865,28.704],[93.844,28.707],[93.775,28.669],[93.732,28.689],[93.607,28.656],[93.524,28.661],[93.496,28.684],[93.474,28.654],[93.446,28.676],[93.412,28.653],[93.332,28.634],[93.328,28.608],[93.3,28.6],[93.305,28.566],[93.289,28.543],[93.276,28.505],[93.229,28.478],[93.19,28.426],[93.232,28.401],[93.219,28.361],[93.223,28.341],[93.194,28.318],[93.125,28.327],[93.095,28.307],[93.022,28.3],[93.034,28.263],[93,28.231],[92.965,28.262],[92.913,28.235],[92.895,28.205],[92.821,28.174],[92.819,28.197],[92.8,28.202],[92.783,28.184],[92.68,28.118],[92.663,28.063],[92.695,28.048],[92.739,27.989],[92.701,27.934],[92.669,27.9],[92.605,27.878],[92.561,27.821],[92.544,27.817],[92.515,27.84],[92.493,27.837],[92.444,27.801],[92.414,27.823],[92.383,27.816],[92.38,27.795],[92.307,27.779],[92.285,27.808],[92.267,27.854],[92.255,27.862],[92.2,27.857],[92.156,27.837],[92.055,27.759],[91.984,27.77],[91.956,27.751],[91.945,27.729],[91.879,27.722],[91.861,27.737],[91.828,27.808],[91.771,27.801],[91.71,27.813],[91.669,27.857],[91.607,27.854],[91.57,27.861],[91.546,27.847],[91.565,27.815],[91.599,27.821],[91.628,27.801],[91.631,27.772],[91.624,27.706],[91.592,27.683],[91.558,27.633],[91.577,27.6],[91.562,27.584],[91.594,27.54],[91.653,27.483],[91.69,27.503],[91.714,27.474],[91.757,27.473],[91.774,27.465],[91.828,27.469],[91.849,27.483],[91.939,27.461],[92.019,27.48],[92.017,27.458],[92.039,27.437],[92.054,27.4],[92.046,27.379],[92.059,27.327],[92.078,27.31],[92.117,27.293],[92.102,27.269],[92.07,27.277],[92.04,27.262],[92.066,27.245],[92.07,27.224],[92.056,27.19],[92.025,27.172],[92.036,27.138],[92.022,27.115],[92.028,27.079],[92.045,27.052],[92.064,27.052],[92.08,27.021],[92.103,27.008],[92.117,26.932],[92.108,26.894],[92.195,26.891],[92.255,26.912],[92.276,26.902],[92.303,26.924],[92.353,26.936],[92.4,26.926],[92.446,26.961],[92.505,26.967],[92.554,26.959],[92.585,26.962],[92.645,26.987],[92.645,27.01],[92.659,27.039],[92.714,27.026],[92.769,27.033],[92.872,27.008],[92.917,26.985],[92.918,26.964],[92.997,26.93],[93.019,26.917],[93.069,26.924],[93.092,26.916],[93.109,26.927],[93.184,26.939],[93.267,26.956],[93.348,26.963],[93.448,26.954],[93.468,26.939],[93.526,26.949],[93.584,26.953],[93.676,26.971],[93.719,27.019],[93.81,27.068],[93.837,27.078],[93.825,27.119],[93.807,27.15],[93.867,27.199],[93.901,27.242],[93.939,27.273],[94,27.335],[94.061,27.364],[94.086,27.405],[94.16,27.466],[94.157,27.478],[94.259,27.523],[94.257,27.557],[94.226,27.576],[94.223,27.601],[94.235,27.633],[94.288,27.592],[94.367,27.577],[94.421,27.601],[94.453,27.571],[94.5,27.577],[94.526,27.596],[94.574,27.607],[94.591,27.623],[94.64,27.631],[94.698,27.667],[94.743,27.663],[94.795,27.698],[94.821,27.696],[94.849,27.711],[94.861,27.739],[94.884,27.742],[94.987,27.771],[95.039,27.778],[95.052,27.79],[95.237,27.848],[95.317,27.871],[95.384,27.842],[95.516,27.882],[95.544,27.913],[95.565,27.923],[95.607,27.958],[95.826,27.977],[95.977,27.969],[95.952,27.942],[95.955,27.927],[95.923,27.886],[95.877,27.842],[95.852,27.834],[95.823,27.809],[95.781,27.758],[95.788,27.742],[95.77,27.72],[95.779,27.661],[95.798,27.608],[95.824,27.603],[95.821,27.582],[95.862,27.553],[95.881,27.553],[95.876,27.471],[95.883,27.444],[95.933,27.447],[95.973,27.437],[96.015,27.375],[95.97,27.337],[95.963,27.317],[95.906,27.292],[95.898,27.264],[95.872,27.267],[95.86,27.294],[95.81,27.281],[95.684,27.257],[95.637,27.237],[95.59,27.23],[95.574,27.251],[95.535,27.271],[95.487,27.246],[95.459,27.21],[95.469,27.191],[95.458,27.136],[95.42,27.131],[95.406,27.118],[95.366,27.113],[95.31,27.081],[95.248,27.03],[95.196,27.043],[95.195,26.99],[95.217,26.934],[95.234,26.921],[95.23,26.886],[95.185,26.865],[95.215,26.798],[95.243,26.785],[95.219,26.756],[95.216,26.735],[95.236,26.712],[95.238,26.686]]]},"properties":{"NAME_1":"Arunachal Pradesh"}},
{"type":"Feature","geometry":{"type":"MultiPolygon","coordinates":[[[[89.871,25.537],[89.855,25.476],[89.869,25.476],[89.88,25.489],[89.874,25.514],[89.876,25.529],[89.871,25.537]]],[[[95.196,27.043],[95.248,27.03],[95.31,27.081],[95.366,27.113],[95.406,27.118],[95.42,27.131],[95.458,27.136],[95.469,27.191],[95.459,27.21],[95.487,27.246],[95.535,27.271],[95.574,27.251],[95.59,27.23],[95.637,27.237],[95.684,27.257],[95.81,27.281],[95.86,27.294],[95.872,27.267],[95.898,27.264],[95.906,27.292],[95.963,27.317],[95.97,27.337],[96.015,27.375],[95.973,27.437],[95.933,27.447],[95.883,27.444],[95.876,27.471],[95.881,27.553],[95.862,27.553],[95.821,27.582],[95.824,27.603],[95.798,27.608],[95.779,27.661],[95.77,27.72],[95.788,27.742],[95.781,27.758],[95.823,27.809],[95.852,27.834],[95.877,27.842],[95.923,27.886],[95.955,27.927],[95.952,27.942],[95.977,27.969],[95.826,27.977],[95.607,27.958],[95.565,27.923],[95.544,27.913],[95.516,27.882],[95.384,27.842],[95.317,27.871],[95.237,27.848],[95.052,27.79],[95.039,27.778],[94.987,27.771],[94.884,27.742],[94.861,27.739],[94.849,27.711],[94.821,27.696],[94.795,27.698],[94.743,27.663],[94.698,27.667],[94.64,27.631],[94.591,27.623],[94.574,27.607],[94.526,27.596],[94.5,27.577],[94.453,27.571],[94.421,27.601],[94.367,27.577],[94.288,27.592],[94.235,27.633],[94.223,27.601],[94.226,27.576],[94.257,27.557],[94.259,27.523],[94.157,27.478],[94.16,27.466],[94.086,27.405],[94.061,27.364],[94,27.335],[93.939,27.273],[93.901,27.242],[93.867,27.199],[93.807,27.15],[93.825,27.119],[93.837,27.078],[93.81,27.068],[93.719,27.019],[93.676,26.971],[93.584,26.953],[93.526,26.949],[93.468,26.939],[93.448,26.954],[93.348,26.963],[93.267,26.956],[93.184,26.939],[93.109,26.927],[93.092,26.916],[93.069,26.924],[93.019,26.917],[92.997,26.93],[92.918,26.964],[92.917,26.985],[92.872,27.008],[92.769,27.033],[92.714,27.026],[92.659,27.039],[92.645,27.01],[92.645,26.987],[92.585,26.962],[92.554,26.959],[92.505,26.967],[92.446,26.961],[92.4,26.926],[92.353,26.936],[92.303,26.924],[92.276,26.902],[92.255,26.912],[92.195,26.891],[92.108,26.894],[92.097,26.869],[92.055,26.848],[91.986,26.858],[91.954,26.888],[91.897,26.916],[91.853,26.912],[91.832,26.876],[91.802,26.852],[91.727,26.813],[91.679,26.805],[91.624,26.821],[91.591,26.805],[91.493,26.79],[91.478,26.792],[91.408,26.836],[91.38,26.801],[91.336,26.78],[91.295,26.785],[91.262,26.805],[91.18,26.811],[91.13,26.808],[91.089,26.818],[91.054,26.779],[90.996,26.788],[90.897,26.779],[90.802,26.774],[90.741,26.775],[90.7,26.768],[90.679,26.78],[90.649,26.774],[90.63,26.792],[90.564,26.8],[90.41,26.902],[90.355,26.896],[90.346,26.876],[90.312,26.851],[90.29,26.848],[90.226,26.858],[90.195,26.833],[90.183,26.804],[90.189,26.771],[90.128,26.749],[90.055,26.729],[90.002,26.734],[89.958,26.723],[89.889,26.724],[89.862,26.737],[89.857,26.704],[89.871,26.684],[89.878,26.584],[89.865,26.57],[89.853,26.488],[89.869,26.448],[89.845,26.41],[89.857,26.384],[89.827,26.367],[89.782,26.353],[89.781,26.331],[89.752,26.322],[89.759,26.293],[89.757,26.289],[89.746,26.291],[89.721,26.296],[89.723,26.308],[89.716,26.302],[89.721,26.288],[89.734,26.266],[89.732,26.26],[89.717,26.259],[89.711,26.265],[89.701,26.261],[89.711,26.258],[89.716,26.255],[89.716,26.246],[89.729,26.238],[89.718,26.232],[89.712,26.228],[89.706,26.217],[89.7,26.219],[89.698,26.216],[89.715,26.215],[89.724,26.217],[89.726,26.206],[89.714,26.206],[89.716,26.191],[89.711,26.189],[89.695,26.189],[89.703,26.177],[89.707,26.173],[89.717,26.177],[89.734,26.175],[89.733,26.173],[89.719,26.166],[89.748,26.158],[89.79,26.1],[89.786,26.088],[89.815,26.041],[89.826,26.009],[89.853,25.988],[89.832,25.941],[89.886,25.944],[89.881,25.919],[89.852,25.889],[89.815,25.817],[89.829,25.809],[89.845,25.757],[89.83,25.735],[89.838,25.712],[89.874,25.658],[89.886,25.608],[89.87,25.544],[89.878,25.549],[89.918,25.563],[89.973,25.575],[89.995,25.586],[90.006,25.588],[90.018,25.608],[90.005,25.624],[89.999,25.622],[89.98,25.638],[89.947,25.659],[89.942,25.678],[89.932,25.69],[89.919,25.703],[89.913,25.707],[89.894,25.727],[89.899,25.744],[89.916,25.739],[89.955,25.774],[89.953,25.783],[89.952,25.811],[89.946,25.816],[89.946,25.82],[89.951,25.825],[89.968,25.826],[90.002,25.842],[89.997,25.844],[90.012,25.85],[90.022,25.866],[90.019,25.871],[90.014,25.872],[90.015,25.889],[90.028,25.894],[90.052,25.899],[90.059,25.91],[90.063,25.916],[90.072,25.919],[90.078,25.918],[90.081,25.925],[90.092,25.929],[90.096,25.94],[90.101,25.942],[90.114,25.957],[90.213,25.954],[90.287,25.964],[90.324,25.974],[90.33,25.989],[90.365,26.01],[90.396,26.014],[90.429,25.989],[90.477,26.015],[90.506,25.996],[90.534,25.958],[90.525,25.901],[90.571,25.939],[90.579,25.958],[90.629,25.937],[90.627,25.917],[90.713,25.952],[90.74,25.941],[90.741,25.915],[90.778,25.908],[90.797,25.941],[90.82,25.948],[90.87,25.942],[90.883,25.952],[90.958,25.934],[90.967,25.887],[91.014,25.884],[91.002,25.826],[91.021,25.823],[91.049,25.849],[91.067,25.826],[91.121,25.831],[91.153,25.85],[91.203,25.841],[91.18,25.776],[91.189,25.739],[91.224,25.723],[91.255,25.748],[91.276,25.747],[91.332,25.832],[91.413,25.854],[91.441,25.842],[91.469,25.859],[91.519,25.958],[91.551,25.975],[91.57,26.027],[91.632,26.022],[91.625,25.986],[91.638,25.965],[91.63,25.945],[91.648,25.914],[91.669,25.905],[91.72,25.954],[91.723,26.03],[91.731,26.059],[91.79,26.087],[91.819,26.119],[91.876,26.098],[91.869,26.057],[91.883,26.03],[91.934,26.015],[91.978,26.026],[91.991,26.041],[92.053,26.033],[92.093,26.049],[92.133,26.046],[92.178,26.08],[92.241,26.063],[92.274,26.066],[92.256,26.029],[92.201,25.986],[92.166,25.964],[92.156,25.945],[92.16,25.915],[92.225,25.902],[92.181,25.872],[92.181,25.851],[92.153,25.813],[92.151,25.784],[92.165,25.745],[92.156,25.709],[92.17,25.666],[92.237,25.708],[92.271,25.711],[92.339,25.727],[92.371,25.746],[92.416,25.74],[92.434,25.688],[92.465,25.682],[92.498,25.627],[92.558,25.612],[92.561,25.574],[92.587,25.553],[92.66,25.585],[92.645,25.537],[92.622,25.516],[92.581,25.495],[92.598,25.472],[92.607,25.419],[92.651,25.432],[92.674,25.417],[92.718,25.375],[92.736,25.374],[92.761,25.335],[92.784,25.333],[92.792,25.287],[92.77,25.269],[92.772,25.233],[92.803,25.222],[92.78,25.203],[92.747,25.208],[92.677,25.182],[92.644,25.151],[92.622,25.118],[92.582,25.132],[92.525,25.14],[92.527,25.106],[92.484,25.108],[92.466,25.057],[92.426,25.032],[92.424,24.996],[92.435,24.966],[92.459,24.946],[92.493,24.936],[92.502,24.912],[92.492,24.874],[92.395,24.855],[92.365,24.882],[92.348,24.879],[92.314,24.908],[92.245,24.91],[92.25,24.885],[92.244,24.849],[92.278,24.83],[92.293,24.784],[92.298,24.737],[92.263,24.689],[92.239,24.6],[92.231,24.504],[92.231,24.46],[92.257,24.436],[92.273,24.388],[92.264,24.362],[92.213,24.249],[92.297,24.252],[92.314,24.253],[92.422,24.253],[92.419,24.194],[92.434,24.174],[92.435,24.163],[92.437,24.151],[92.442,24.153],[92.463,24.136],[92.467,24.135],[92.473,24.142],[92.484,24.154],[92.483,24.157],[92.485,24.159],[92.488,24.162],[92.502,24.162],[92.505,24.167],[92.51,24.163],[92.513,24.163],[92.509,24.169],[92.514,24.174],[92.53,24.175],[92.551,24.246],[92.588,24.245],[92.612,24.253],[92.626,24.334],[92.692,24.356],[92.731,24.453],[92.765,24.521],[92.804,24.422],[92.847,24.382],[92.863,24.399],[92.912,24.413],[92.936,24.396],[92.98,24.41],[93,24.403],[93.039,24.411],[93.032,24.429],[93.049,24.475],[93.036,24.497],[93.053,24.52],[93.053,24.545],[93.097,24.583],[93.087,24.611],[93.085,24.648],[93.099,24.667],[93.089,24.709],[93.113,24.802],[93.157,24.792],[93.193,24.806],[93.196,24.846],[93.233,24.885],[93.253,24.919],[93.244,24.944],[93.263,24.966],[93.247,25.004],[93.268,25.05],[93.297,25.048],[93.324,25.092],[93.336,25.096],[93.351,25.145],[93.353,25.182],[93.404,25.263],[93.474,25.309],[93.452,25.344],[93.478,25.38],[93.457,25.442],[93.417,25.453],[93.39,25.469],[93.391,25.486],[93.333,25.549],[93.373,25.569],[93.418,25.621],[93.466,25.644],[93.483,25.646],[93.544,25.702],[93.545,25.727],[93.584,25.758],[93.622,25.78],[93.629,25.804],[93.648,25.824],[93.678,25.829],[93.706,25.853],[93.688,25.909],[93.75,25.937],[93.785,25.958],[93.798,25.91],[93.78,25.846],[93.796,25.814],[93.819,25.826],[93.824,25.847],[93.852,25.863],[93.883,25.846],[93.916,25.888],[93.96,25.905],[93.983,25.926],[93.956,25.974],[93.955,26.007],[93.966,26.042],[93.991,26.073],[93.986,26.084],[94.006,26.147],[94.013,26.186],[94.036,26.203],[94.053,26.256],[94.07,26.26],[94.108,26.326],[94.164,26.36],[94.179,26.389],[94.176,26.432],[94.187,26.461],[94.24,26.511],[94.282,26.564],[94.294,26.481],[94.324,26.479],[94.397,26.53],[94.415,26.583],[94.41,26.616],[94.455,26.639],[94.468,26.67],[94.498,26.674],[94.52,26.701],[94.545,26.711],[94.592,26.703],[94.593,26.726],[94.621,26.721],[94.687,26.733],[94.732,26.764],[94.756,26.772],[94.773,26.795],[94.802,26.806],[94.821,26.854],[94.852,26.881],[94.886,26.932],[94.914,26.943],[94.957,26.944],[94.986,26.918],[95.021,26.925],[95.038,26.938],[95.087,26.953],[95.117,26.984],[95.155,27.006],[95.196,27.043]]]]},"properties":{"NAME_1":"Assam"}},
{"type":"Feature","geometry":{"type":"Polygon","coordinates":[[[88.106,26.536],[88.098,26.516],[88.106,26.467],[88.097,26.437],[88.03,26.382],[87.995,26.369],[87.994,26.392],[87.968,26.397],[87.935,26.418],[87.927,26.446],[87.903,26.477],[87.861,26.463],[87.851,26.436],[87.795,26.469],[87.779,26.447],[87.776,26.419],[87.736,26.408],[87.712,26.427],[87.681,26.415],[87.654,26.393],[87.59,26.392],[87.555,26.405],[87.519,26.431],[87.469,26.44],[87.43,26.422],[87.391,26.419],[87.359,26.388],[87.361,26.361],[87.343,26.348],[87.316,26.367],[87.268,26.374],[87.269,26.405],[87.248,26.414],[87.189,26.414],[87.165,26.404],[87.094,26.45],[87.074,26.585],[87.045,26.568],[87.018,26.532],[86.978,26.52],[86.935,26.516],[86.932,26.489],[86.896,26.487],[86.898,26.467],[86.863,26.457],[86.836,26.439],[86.772,26.459],[86.749,26.428],[86.728,26.425],[86.698,26.448],[86.634,26.466],[86.628,26.481],[86.567,26.501],[86.544,26.538],[86.501,26.542],[86.458,26.568],[86.397,26.585],[86.396,26.594],[86.343,26.606],[86.31,26.62],[86.255,26.616],[86.233,26.592],[86.199,26.593],[86.195,26.614],[86.157,26.61],[86.072,26.657],[86.031,26.666],[86.002,26.655],[85.959,26.649],[85.958,26.629],[85.893,26.595],[85.861,26.569],[85.853,26.61],[85.82,26.603],[85.802,26.624],[85.749,26.64],[85.726,26.674],[85.737,26.796],[85.723,26.82],[85.683,26.843],[85.645,26.853],[85.626,26.873],[85.609,26.857],[85.545,26.838],[85.498,26.798],[85.455,26.782],[85.41,26.791],[85.377,26.761],[85.357,26.76],[85.336,26.741],[85.32,26.749],[85.263,26.755],[85.2,26.769],[85.179,26.815],[85.196,26.842],[85.191,26.87],[85.113,26.872],[85.092,26.86],[85.046,26.851],[85.031,26.859],[85.046,26.891],[85.006,26.895],[85.002,26.912],[84.973,26.917],[84.981,26.94],[84.964,26.96],[84.913,26.968],[84.861,26.988],[84.857,27.008],[84.82,27.02],[84.796,26.996],[84.775,27.018],[84.759,27.003],[84.645,27.047],[84.648,27.075],[84.678,27.103],[84.686,27.143],[84.678,27.17],[84.692,27.222],[84.645,27.306],[84.624,27.336],[84.488,27.358],[84.443,27.37],[84.394,27.368],[84.293,27.385],[84.278,27.401],[84.275,27.429],[84.256,27.452],[84.151,27.486],[84.153,27.517],[84.111,27.522],[84.098,27.489],[84.071,27.479],[84.054,27.443],[83.948,27.441],[83.933,27.449],[83.87,27.429],[83.875,27.392],[83.907,27.39],[83.89,27.358],[83.859,27.351],[83.855,27.311],[83.908,27.33],[83.924,27.316],[83.919,27.293],[83.896,27.277],[83.902,27.252],[83.908,27.248],[83.948,27.238],[83.962,27.228],[83.963,27.221],[83.977,27.203],[83.985,27.182],[83.984,27.179],[83.968,27.166],[83.951,27.141],[83.954,27.132],[83.951,27.126],[83.941,27.12],[83.94,27.102],[83.941,27.09],[83.948,27.086],[83.978,27.093],[84.005,27.104],[84.014,27.1],[84.019,27.093],[84.017,27.084],[83.991,27.069],[84.024,27.045],[84.036,27.047],[84.043,27.003],[84.05,26.991],[84.036,26.984],[84.043,26.98],[84.041,26.968],[84.047,26.962],[84.039,26.958],[84.035,26.949],[84.032,26.949],[84.025,26.943],[84.03,26.94],[84.045,26.93],[84.049,26.915],[84.042,26.909],[84.045,26.905],[84.051,26.902],[84.049,26.9],[84.059,26.891],[84.076,26.879],[84.088,26.882],[84.093,26.878],[84.1,26.888],[84.13,26.885],[84.141,26.884],[84.139,26.874],[84.132,26.856],[84.151,26.839],[84.169,26.835],[84.175,26.846],[84.176,26.853],[84.209,26.871],[84.222,26.87],[84.235,26.864],[84.246,26.859],[84.25,26.838],[84.243,26.822],[84.249,26.821],[84.252,26.809],[84.248,26.793],[84.241,26.775],[84.225,26.757],[84.242,26.731],[84.254,26.734],[84.267,26.742],[84.279,26.751],[84.298,26.753],[84.306,26.738],[84.319,26.716],[84.323,26.688],[84.337,26.681],[84.35,26.681],[84.367,26.679],[84.402,26.671],[84.414,26.627],[84.325,26.615],[84.297,26.616],[84.272,26.599],[84.202,26.624],[84.167,26.624],[84.152,26.639],[84.08,26.641],[84.085,26.611],[84.049,26.562],[84.048,26.543],[84.001,26.525],[83.974,26.532],[83.965,26.512],[83.93,26.525],[83.907,26.507],[83.902,26.45],[83.983,26.435],[84.016,26.442],[84.036,26.408],[84.062,26.39],[84.117,26.385],[84.171,26.374],[84.167,26.338],[84.182,26.317],[84.157,26.261],[84.113,26.262],[84.11,26.242],[84.074,26.225],[84.034,26.232],[84.002,26.19],[84.028,26.163],[84.018,26.145],[84.042,26.132],[84.049,26.1],[84.091,26.097],[84.137,26.047],[84.167,26.025],[84.172,25.999],[84.202,26.001],[84.24,25.983],[84.292,25.948],[84.351,25.959],[84.408,25.931],[84.431,25.893],[84.485,25.889],[84.507,25.872],[84.529,25.878],[84.527,25.834],[84.547,25.841],[84.587,25.82],[84.621,25.792],[84.601,25.761],[84.626,25.742],[84.556,25.736],[84.559,25.701],[84.516,25.678],[84.489,25.691],[84.467,25.686],[84.449,25.714],[84.402,25.7],[84.394,25.729],[84.354,25.744],[84.326,25.737],[84.319,25.672],[84.29,25.663],[84.217,25.664],[84.2,25.672],[84.194,25.703],[84.168,25.722],[84.108,25.724],[84.07,25.696],[84.077,25.638],[84.014,25.616],[83.944,25.567],[83.921,25.562],[83.834,25.463],[83.838,25.437],[83.803,25.433],[83.782,25.399],[83.748,25.404],[83.709,25.395],[83.686,25.369],[83.656,25.364],[83.62,25.329],[83.611,25.333],[83.544,25.313],[83.508,25.286],[83.48,25.282],[83.46,25.252],[83.443,25.259],[83.409,25.249],[83.388,25.207],[83.35,25.199],[83.343,25.159],[83.353,25.149],[83.323,25.048],[83.32,25.016],[83.344,25.01],[83.344,24.964],[83.357,24.955],[83.351,24.903],[83.368,24.863],[83.39,24.833],[83.396,24.811],[83.387,24.784],[83.411,24.775],[83.453,24.733],[83.48,24.738],[83.49,24.706],[83.513,24.679],[83.498,24.652],[83.516,24.643],[83.535,24.616],[83.517,24.549],[83.498,24.527],[83.542,24.526],[83.6,24.513],[83.682,24.516],[83.717,24.505],[83.749,24.511],[83.799,24.53],[83.858,24.538],[83.868,24.533],[83.928,24.548],[83.972,24.597],[83.992,24.638],[84.024,24.629],[84.047,24.612],[84.06,24.577],[84.09,24.534],[84.089,24.504],[84.11,24.481],[84.154,24.518],[84.173,24.542],[84.221,24.55],[84.258,24.538],[84.269,24.564],[84.293,24.566],[84.319,24.522],[84.322,24.49],[84.294,24.481],[84.293,24.451],[84.33,24.431],[84.336,24.396],[84.382,24.39],[84.395,24.368],[84.423,24.359],[84.417,24.331],[84.455,24.339],[84.465,24.308],[84.494,24.287],[84.517,24.334],[84.522,24.376],[84.546,24.374],[84.572,24.412],[84.601,24.401],[84.658,24.394],[84.679,24.456],[84.725,24.473],[84.742,24.496],[84.78,24.505],[84.784,24.518],[84.819,24.525],[84.833,24.511],[84.827,24.47],[84.863,24.458],[84.903,24.372],[84.969,24.376],[84.99,24.412],[85.032,24.425],[85.075,24.408],[85.065,24.387],[85.092,24.382],[85.115,24.409],[85.169,24.429],[85.153,24.464],[85.224,24.471],[85.254,24.498],[85.282,24.497],[85.279,24.519],[85.383,24.533],[85.403,24.545],[85.433,24.536],[85.494,24.551],[85.504,24.53],[85.534,24.532],[85.54,24.55],[85.568,24.565],[85.561,24.584],[85.577,24.603],[85.609,24.585],[85.665,24.582],[85.672,24.619],[85.66,24.675],[85.705,24.729],[85.704,24.757],[85.737,24.823],[85.777,24.799],[85.811,24.794],[85.827,24.81],[85.878,24.8],[85.911,24.754],[85.95,24.732],[86.006,24.766],[86.048,24.778],[86.063,24.752],[86.106,24.736],[86.134,24.676],[86.118,24.642],[86.126,24.612],[86.166,24.584],[86.216,24.591],[86.293,24.586],[86.304,24.558],[86.301,24.532],[86.312,24.508],[86.294,24.476],[86.319,24.44],[86.354,24.442],[86.373,24.416],[86.416,24.379],[86.446,24.368],[86.462,24.377],[86.466,24.422],[86.489,24.425],[86.49,24.484],[86.524,24.536],[86.547,24.535],[86.555,24.559],[86.583,24.573],[86.6,24.599],[86.646,24.567],[86.668,24.561],[86.746,24.59],[86.754,24.615],[86.792,24.615],[86.806,24.595],[86.809,24.564],[86.837,24.568],[86.855,24.55],[86.898,24.587],[86.936,24.63],[86.966,24.632],[87.01,24.606],[87.05,24.607],[87.044,24.624],[87.055,24.671],[87.082,24.725],[87.075,24.745],[87.083,24.779],[87.077,24.808],[87.106,24.847],[87.147,24.862],[87.158,24.886],[87.148,24.918],[87.154,24.991],[87.144,25.011],[87.177,25.064],[87.211,25.09],[87.234,25.086],[87.259,25.105],[87.291,25.089],[87.298,25.135],[87.308,25.15],[87.323,25.223],[87.368,25.207],[87.392,25.228],[87.455,25.198],[87.472,25.195],[87.473,25.241],[87.496,25.265],[87.482,25.295],[87.538,25.296],[87.547,25.331],[87.567,25.334],[87.607,25.311],[87.684,25.31],[87.708,25.256],[87.783,25.246],[87.788,25.22],[87.83,25.204],[87.823,25.234],[87.849,25.253],[87.85,25.297],[87.829,25.303],[87.782,25.338],[87.789,25.372],[87.763,25.396],[87.787,25.449],[87.809,25.434],[87.834,25.465],[87.863,25.465],[87.87,25.503],[87.901,25.507],[87.924,25.536],[87.956,25.538],[88.004,25.494],[88.066,25.481],[88.068,25.49],[88.07,25.502],[88.066,25.505],[88.064,25.506],[88.056,25.53],[88.046,25.534],[88.039,25.533],[88.027,25.553],[88.03,25.559],[88.035,25.56],[88.025,25.569],[88.031,25.587],[88.039,25.595],[88.036,25.597],[88.03,25.6],[88.041,25.605],[88.039,25.608],[88.037,25.616],[88.043,25.632],[88.036,25.637],[88.044,25.643],[88.047,25.643],[88.049,25.644],[88.044,25.653],[88.049,25.681],[88.049,25.691],[87.98,25.718],[87.944,25.744],[87.938,25.758],[87.901,25.78],[87.911,25.815],[87.888,25.833],[87.911,25.852],[87.823,25.871],[87.807,25.93],[87.827,25.932],[87.828,25.941],[87.824,25.946],[87.827,25.954],[87.831,25.962],[87.826,25.984],[87.827,25.992],[87.833,26.001],[87.842,26.032],[87.876,26.066],[87.888,26.072],[87.893,26.08],[87.896,26.08],[87.918,26.088],[87.922,26.077],[87.931,26.069],[87.96,26.084],[87.968,26.081],[87.972,26.085],[87.969,26.092],[87.954,26.103],[87.969,26.109],[87.967,26.125],[87.968,26.132],[87.969,26.139],[87.963,26.149],[87.982,26.159],[87.996,26.142],[88.007,26.143],[88.015,26.143],[88.012,26.155],[88.034,26.17],[88.037,26.178],[88.059,26.174],[88.07,26.176],[88.073,26.185],[88.087,26.194],[88.09,26.203],[88.094,26.207],[88.102,26.212],[88.106,26.216],[88.116,26.223],[88.12,26.228],[88.126,26.227],[88.137,26.244],[88.159,26.257],[88.163,26.258],[88.177,26.262],[88.204,26.28],[88.214,26.282],[88.221,26.288],[88.227,26.297],[88.265,26.336],[88.27,26.333],[88.272,26.331],[88.279,26.346],[88.289,26.351],[88.29,26.357],[88.282,26.36],[88.27,26.379],[88.255,26.374],[88.245,26.376],[88.232,26.385],[88.23,26.394],[88.255,26.416],[88.252,26.434],[88.243,26.449],[88.221,26.467],[88.194,26.472],[88.179,26.494],[88.233,26.532],[88.186,26.544],[88.165,26.522],[88.132,26.513],[88.106,26.536]]]},"properties":{"NAME_1":"Bihar"}},
{"type":"Feature","geometry":{"type":"Polygon","coordinates":[[[76.811,30.685],[76.821,30.697],[76.836,30.714],[76.825,30.731],[76.828,30.764],[76.793,30.767],[76.803,30.778],[76.802,30.782],[76.796,30.786],[76.781,30.774],[76.773,30.783],[76.776,30.784],[76.768,30.795],[76.751,30.797],[76.746,30.795],[76.74,30.791],[76.738,30.79],[76.735,30.783],[76.729,30.776],[76.718,30.769],[76.691,30.76],[76.693,30.757],[76.71,30.735],[76.715,30.715],[76.715,30.713],[76.727,30.708],[76.725,30.704],[76.733,30.697],[76.738,30.689],[76.794,30.669],[76.806,30.68],[76.811,30.685]]]},"properties":{"NAME_1":"Chandigarh"}},
{"type":"Feature","geometry":{"type":"Polygon","coordinates":[[[84.003,22.521],[84.005,22.57],[84.021,22.587],[84.048,22.594],[84.08,22.637],[84.15,22.634],[84.197,22.664],[84.215,22.665],[84.232,22.689],[84.225,22.735],[84.26,22.765],[84.285,22.763],[84.29,22.787],[84.31,22.799],[84.32,22.849],[84.376,22.874],[84.389,22.939],[84.371,22.975],[84.332,22.979],[84.279,22.961],[84.217,22.976],[84.179,23.023],[84.168,22.971],[84.144,22.988],[84.125,23.031],[84.131,23.063],[84.088,23.109],[84.067,23.107],[84.034,23.138],[84.029,23.154],[84.056,23.196],[84.05,23.241],[84.07,23.33],[84.043,23.374],[84.021,23.375],[84.007,23.353],[83.967,23.374],[83.979,23.427],[83.97,23.448],[83.997,23.493],[84.009,23.5],[84.023,23.544],[84.02,23.6],[84.002,23.62],[83.975,23.631],[83.938,23.622],[83.93,23.594],[83.935,23.563],[83.821,23.585],[83.775,23.6],[83.752,23.649],[83.715,23.683],[83.732,23.705],[83.729,23.755],[83.696,23.808],[83.672,23.82],[83.656,23.844],[83.581,23.862],[83.57,23.89],[83.549,23.893],[83.539,23.934],[83.512,23.967],[83.51,24.025],[83.448,24.042],[83.425,24.084],[83.401,24.082],[83.383,24.1],[83.324,24.101],[83.292,24.077],[83.277,24.046],[83.276,24.023],[83.216,23.989],[83.211,23.96],[83.19,23.921],[83.145,23.91],[83.127,23.89],[83.061,23.875],[83.036,23.883],[82.954,23.873],[82.881,23.91],[82.849,23.947],[82.808,23.963],[82.748,23.922],[82.702,23.925],[82.655,23.906],[82.646,23.889],[82.66,23.87],[82.63,23.839],[82.586,23.823],[82.548,23.827],[82.545,23.794],[82.516,23.784],[82.485,23.788],[82.464,23.811],[82.388,23.801],[82.298,23.808],[82.255,23.822],[82.232,23.808],[82.199,23.832],[82.134,23.818],[82.045,23.821],[82.035,23.843],[82.001,23.863],[81.951,23.853],[81.916,23.873],[81.894,23.844],[81.862,23.835],[81.812,23.809],[81.773,23.814],[81.727,23.841],[81.703,23.863],[81.697,23.886],[81.662,23.926],[81.608,23.903],[81.598,23.854],[81.626,23.836],[81.643,23.805],[81.638,23.778],[81.669,23.757],[81.687,23.721],[81.673,23.693],[81.649,23.683],[81.643,23.66],[81.613,23.661],[81.603,23.6],[81.57,23.589],[81.577,23.555],[81.602,23.554],[81.605,23.511],[81.631,23.492],[81.648,23.502],[81.655,23.532],[81.693,23.523],[81.729,23.565],[81.756,23.553],[81.798,23.549],[81.827,23.511],[81.879,23.518],[81.916,23.532],[81.949,23.497],[81.95,23.466],[81.971,23.447],[81.971,23.424],[82.023,23.41],[82.023,23.384],[82.098,23.398],[82.104,23.363],[82.138,23.362],[82.16,23.332],[82.188,23.322],[82.189,23.285],[82.17,23.27],[82.142,23.228],[82.137,23.165],[82.151,23.142],[82.133,23.132],[82.116,23.104],[82.061,23.116],[82.028,23.082],[81.98,23.086],[81.938,23.078],[81.918,23.041],[81.937,23.009],[81.94,22.957],[81.914,22.948],[81.861,22.894],[81.831,22.883],[81.769,22.874],[81.761,22.834],[81.784,22.767],[81.747,22.726],[81.766,22.676],[81.737,22.669],[81.699,22.646],[81.679,22.649],[81.641,22.608],[81.649,22.576],[81.609,22.536],[81.563,22.551],[81.557,22.532],[81.515,22.537],[81.493,22.52],[81.48,22.493],[81.446,22.496],[81.418,22.474],[81.414,22.449],[81.389,22.445],[81.379,22.505],[81.323,22.524],[81.316,22.49],[81.28,22.499],[81.256,22.472],[81.224,22.452],[81.194,22.462],[81.193,22.482],[81.171,22.488],[81.148,22.456],[81.11,22.441],[81.101,22.383],[81.116,22.344],[81.114,22.294],[81.085,22.247],[81.049,22.244],[81.019,22.229],[81.026,22.198],[81.016,22.133],[80.987,22.131],[81.004,22.094],[80.999,22.062],[80.963,22.058],[80.966,22.082],[80.951,22.113],[80.917,22.121],[80.898,22.101],[80.891,22.066],[80.879,22.061],[80.869,22.011],[80.833,21.947],[80.825,21.887],[80.84,21.875],[80.832,21.846],[80.832,21.805],[80.811,21.747],[80.783,21.74],[80.762,21.758],[80.74,21.756],[80.726,21.731],[80.724,21.694],[80.707,21.672],[80.722,21.617],[80.709,21.604],[80.731,21.539],[80.722,21.496],[80.73,21.472],[80.699,21.414],[80.684,21.373],[80.657,21.331],[80.673,21.311],[80.639,21.255],[80.603,21.227],[80.561,21.206],[80.521,21.204],[80.509,21.183],[80.457,21.173],[80.435,21.099],[80.449,21.05],[80.445,21.031],[80.424,21.01],[80.459,20.928],[80.535,20.931],[80.55,20.889],[80.556,20.82],[80.543,20.792],[80.56,20.712],[80.578,20.679],[80.519,20.662],[80.49,20.64],[80.482,20.617],[80.5,20.587],[80.52,20.585],[80.579,20.614],[80.613,20.591],[80.603,20.433],[80.586,20.392],[80.602,20.376],[80.617,20.326],[80.542,20.307],[80.511,20.27],[80.456,20.269],[80.383,20.242],[80.413,20.188],[80.395,20.182],[80.394,20.144],[80.427,20.13],[80.451,20.145],[80.524,20.124],[80.54,20.11],[80.535,20.085],[80.546,20.066],[80.533,20.004],[80.544,19.982],[80.52,19.931],[80.502,19.925],[80.47,19.934],[80.444,19.953],[80.406,19.933],[80.403,19.91],[80.444,19.894],[80.461,19.903],[80.49,19.894],[80.498,19.869],[80.475,19.857],[80.46,19.828],[80.432,19.81],[80.398,19.816],[80.4,19.794],[80.452,19.793],[80.476,19.828],[80.518,19.829],[80.544,19.811],[80.54,19.775],[80.582,19.738],[80.634,19.718],[80.666,19.692],[80.656,19.625],[80.662,19.609],[80.721,19.608],[80.764,19.585],[80.785,19.56],[80.82,19.565],[80.852,19.524],[80.879,19.519],[80.892,19.466],[80.867,19.443],[80.835,19.442],[80.788,19.427],[80.813,19.383],[80.839,19.355],[80.766,19.308],[80.749,19.287],[80.684,19.287],[80.685,19.313],[80.664,19.327],[80.618,19.305],[80.604,19.312],[80.586,19.353],[80.584,19.377],[80.559,19.398],[80.532,19.374],[80.514,19.348],[80.47,19.329],[80.445,19.27],[80.419,19.25],[80.388,19.243],[80.377,19.217],[80.381,19.181],[80.345,19.163],[80.321,19.124],[80.332,19.101],[80.316,19.065],[80.289,19.046],[80.295,19.029],[80.268,18.987],[80.264,18.941],[80.336,18.856],[80.346,18.811],[80.299,18.794],[80.272,18.762],[80.241,18.749],[80.268,18.718],[80.296,18.686],[80.319,18.622],[80.342,18.586],[80.367,18.605],[80.382,18.594],[80.45,18.626],[80.488,18.627],[80.511,18.616],[80.532,18.586],[80.601,18.545],[80.633,18.519],[80.651,18.472],[80.681,18.454],[80.691,18.419],[80.713,18.406],[80.723,18.361],[80.784,18.243],[80.733,18.219],[80.735,18.172],[80.762,18.163],[80.798,18.166],[80.819,18.192],[80.824,18.234],[80.859,18.226],[80.849,18.2],[80.862,18.133],[80.901,18.135],[80.974,18.168],[80.973,18.144],[80.949,18.123],[80.948,18.091],[80.966,18.043],[80.985,17.923],[80.994,17.914],[81.004,17.838],[81.032,17.79],[81.074,17.786],[81.098,17.817],[81.16,17.853],[81.192,17.847],[81.254,17.812],[81.315,17.812],[81.385,17.807],[81.398,17.847],[81.396,17.888],[81.437,17.876],[81.444,17.922],[81.477,17.974],[81.474,18.029],[81.509,18.092],[81.523,18.157],[81.505,18.184],[81.526,18.237],[81.528,18.259],[81.568,18.273],[81.593,18.301],[81.616,18.301],[81.66,18.316],[81.658,18.339],[81.745,18.345],[81.762,18.411],[81.85,18.489],[81.863,18.517],[81.897,18.528],[81.901,18.557],[81.947,18.559],[81.955,18.587],[81.888,18.621],[81.916,18.636],[81.947,18.629],[81.955,18.68],[82.034,18.719],[82.079,18.712],[82.091,18.756],[82.145,18.773],[82.165,18.83],[82.158,18.852],[82.171,18.892],[82.214,18.912],[82.24,18.91],[82.222,19.021],[82.194,19.06],[82.209,19.079],[82.191,19.116],[82.168,19.134],[82.179,19.159],[82.173,19.184],[82.156,19.197],[82.152,19.265],[82.169,19.291],[82.18,19.332],[82.142,19.348],[82.166,19.366],[82.183,19.412],[82.17,19.429],[82.119,19.424],[82.097,19.461],[82.092,19.51],[82.022,19.502],[82.046,19.539],[82.035,19.583],[82.051,19.624],[82.038,19.704],[82.044,19.738],[82.057,19.753],[82.052,19.791],[81.98,19.796],[81.957,19.836],[81.96,19.855],[81.898,19.879],[81.858,19.9],[81.837,19.95],[81.86,20.023],[81.889,20.043],[81.934,20.099],[81.974,20.076],[81.993,20.048],[82.013,20.041],[82.015,20.02],[82.049,20.035],[82.058,20.05],[82.116,20.01],[82.132,20.013],[82.184,19.981],[82.204,19.98],[82.231,19.998],[82.262,19.972],[82.298,19.883],[82.339,19.83],[82.389,19.882],[82.442,19.903],[82.476,19.901],[82.498,19.885],[82.53,19.882],[82.597,19.86],[82.572,19.828],[82.578,19.776],[82.619,19.786],[82.646,19.825],[82.698,19.827],[82.711,19.849],[82.7,19.907],[82.711,19.983],[82.701,19.993],[82.65,19.999],[82.614,19.987],[82.582,19.99],[82.544,20.012],[82.502,20.014],[82.476,20.03],[82.396,20.049],[82.391,20.119],[82.379,20.145],[82.406,20.179],[82.414,20.202],[82.405,20.264],[82.428,20.279],[82.422,20.31],[82.394,20.336],[82.41,20.377],[82.41,20.403],[82.429,20.426],[82.419,20.457],[82.388,20.453],[82.38,20.51],[82.349,20.523],[82.324,20.554],[82.343,20.575],[82.368,20.63],[82.366,20.661],[82.343,20.699],[82.346,20.729],[82.335,20.759],[82.339,20.79],[82.334,20.841],[82.347,20.884],[82.368,20.864],[82.401,20.862],[82.416,20.826],[82.46,20.836],[82.478,20.847],[82.483,20.9],[82.553,20.941],[82.582,20.987],[82.604,21.006],[82.622,21.037],[82.609,21.064],[82.645,21.102],[82.636,21.149],[82.685,21.158],[82.758,21.159],[82.782,21.141],[82.812,21.159],[82.84,21.163],[82.879,21.149],[82.902,21.163],[82.98,21.157],[83.01,21.145],[83.041,21.119],[83.12,21.101],[83.161,21.131],[83.193,21.139],[83.208,21.201],[83.219,21.224],[83.214,21.251],[83.242,21.276],[83.268,21.269],[83.255,21.332],[83.27,21.375],[83.375,21.34],[83.394,21.361],[83.394,21.399],[83.37,21.436],[83.35,21.444],[83.342,21.485],[83.362,21.573],[83.381,21.613],[83.441,21.649],[83.441,21.618],[83.463,21.606],[83.483,21.64],[83.441,21.655],[83.42,21.675],[83.432,21.694],[83.456,21.694],[83.484,21.742],[83.476,21.774],[83.491,21.809],[83.537,21.794],[83.531,21.832],[83.574,21.83],[83.584,21.853],[83.572,21.872],[83.6,21.911],[83.588,21.926],[83.535,21.964],[83.549,22.007],[83.534,22.022],[83.538,22.055],[83.584,22.055],[83.6,22.066],[83.557,22.1],[83.606,22.158],[83.619,22.196],[83.646,22.225],[83.693,22.246],[83.746,22.241],[83.771,22.257],[83.798,22.29],[83.821,22.296],[83.822,22.316],[83.861,22.344],[83.897,22.34],[83.916,22.36],[83.967,22.358],[84.001,22.37],[84.014,22.404],[84.04,22.433],[84.042,22.464],[83.976,22.502],[84.003,22.521]]]},"properties":{"NAME_1":"Chhattisgarh"}},
{"type":"Feature","geometry":{"type":"Polygon","coordinates":[[[72.99,20.292],[72.988,20.275],[72.98,20.271],[72.97,20.275],[72.951,20.292],[72.938,20.288],[72.925,20.279],[72.922,20.274],[72.944,20.245],[72.965,20.237],[72.974,20.215],[72.97,20.212],[72.986,20.158],[72.973,20.131],[72.985,20.113],[73.004,20.118],[73.008,20.129],[73.008,20.132],[73.017,20.135],[73.017,20.13],[73.01,20.11],[73.045,20.072],[73.059,20.068],[73.058,20.097],[73.088,20.094],[73.105,20.087],[73.11,20.085],[73.112,20.083],[73.123,20.078],[73.128,20.078],[73.137,20.085],[73.144,20.078],[73.17,20.066],[73.175,20.058],[73.184,20.052],[73.186,20.053],[73.214,20.091],[73.218,20.106],[73.211,20.124],[73.196,20.14],[73.195,20.151],[73.199,20.162],[73.227,20.176],[73.229,20.184],[73.21,20.197],[73.204,20.198],[73.189,20.201],[73.18,20.209],[73.154,20.202],[73.153,20.203],[73.15,20.206],[73.142,20.204],[73.146,20.187],[73.148,20.185],[73.125,20.157],[73.117,20.159],[73.109,20.159],[73.099,20.173],[73.098,20.173],[73.09,20.17],[73.086,20.157],[73.076,20.16],[73.07,20.197],[73.067,20.198],[73.077,20.23],[73.088,20.234],[73.102,20.229],[73.109,20.239],[73.113,20.244],[73.137,20.26],[73.143,20.269],[73.146,20.281],[73.147,20.281],[73.154,20.277],[73.155,20.285],[73.158,20.29],[73.161,20.292],[73.167,20.283],[73.18,20.29],[73.177,20.308],[73.178,20.311],[73.177,20.312],[73.147,20.317],[73.139,20.31],[73.116,20.304],[73.122,20.333],[73.118,20.343],[73.114,20.353],[73.111,20.356],[73.105,20.361],[73.102,20.358],[73.097,20.335],[73.086,20.326],[73.075,20.33],[73.067,20.326],[73.055,20.325],[73.044,20.291],[73.037,20.291],[73.02,20.317],[73.022,20.293],[72.99,20.292]]]},"properties":{"NAME_1":"Dadra and Nagar Haveli"}},
{"type":"Feature","geometry":{"type":"MultiPolygon","coordinates":[[[[72.866,20.468],[72.843,20.458],[72.828,20.434],[72.822,20.371],[72.843,20.399],[72.87,20.391],[72.876,20.381],[72.874,20.393],[72.869,20.404],[72.869,20.406],[72.851,20.412],[72.844,20.416],[72.841,20.418],[72.839,20.438],[72.851,20.455],[72.866,20.468]]],[[[70.949,20.734],[70.93,20.732],[70.905,20.727],[70.892,20.708],[70.977,20.703],[70.963,20.729],[70.949,20.734]]],[[[70.768,20.962],[70.756,20.974],[70.742,20.99],[70.734,20.988],[70.731,20.96],[70.718,20.912],[70.694,20.883],[70.676,20.819],[70.682,20.801],[70.683,20.784],[70.675,20.77],[70.677,20.769],[70.689,20.748],[70.744,20.72],[70.794,20.711],[70.869,20.706],[70.87,20.719],[70.84,20.73],[70.855,20.752],[70.854,20.753],[70.863,20.782],[70.894,20.795],[70.891,20.833],[70.85,20.832],[70.841,20.858],[70.884,20.873],[70.902,20.903],[70.89,20.936],[70.88,20.955],[70.862,20.961],[70.851,20.963],[70.846,20.971],[70.825,20.96],[70.808,20.964],[70.794,20.959],[70.779,20.967],[70.773,20.961],[70.768,20.962]]]]},"properties":{"NAME_1":"Daman and Diu"}},
{"type":"Feature","geometry":{"type":"Polygon","coordinates":[[[77.194,28.802],[77.217,28.835],[77.193,28.865],[77.184,28.862],[77.165,28.861],[77.151,28.848],[77.136,28.853],[77.129,28.865],[77.11,28.866],[77.099,28.872],[77.083,28.875],[77.05,28.873],[77.038,28.853],[77.032,28.837],[76.983,28.839],[76.98,28.837],[76.958,28.83],[76.948,28.818],[76.937,28.804],[76.947,28.774],[76.938,28.76],[76.95,28.747],[76.941,28.717],[76.95,28.694],[76.947,28.677],[76.943,28.675],[76.918,28.653],[76.91,28.638],[76.894,28.633],[76.878,28.638],[76.855,28.592],[76.835,28.591],[76.833,28.583],[76.838,28.557],[76.859,28.542],[76.879,28.524],[76.879,28.509],[76.894,28.516],[76.908,28.515],[76.933,28.516],[76.977,28.524],[77.006,28.514],[77,28.542],[77.016,28.533],[77.02,28.533],[77.057,28.514],[77.072,28.52],[77.09,28.505],[77.108,28.494],[77.103,28.483],[77.113,28.45],[77.131,28.439],[77.152,28.428],[77.166,28.408],[77.195,28.413],[77.215,28.416],[77.241,28.429],[77.243,28.447],[77.226,28.464],[77.232,28.476],[77.254,28.486],[77.278,28.498],[77.301,28.49],[77.315,28.495],[77.329,28.508],[77.337,28.516],[77.331,28.524],[77.315,28.541],[77.303,28.55],[77.294,28.58],[77.295,28.582],[77.31,28.599],[77.328,28.605],[77.337,28.622],[77.311,28.645],[77.318,28.672],[77.322,28.712],[77.317,28.717],[77.296,28.713],[77.293,28.71],[77.284,28.719],[77.271,28.738],[77.266,28.739],[77.256,28.74],[77.253,28.753],[77.246,28.757],[77.229,28.772],[77.221,28.778],[77.225,28.788],[77.213,28.786],[77.208,28.787],[77.197,28.795],[77.194,28.802]]]},"properties":{"NAME_1":"Delhi"}},
{"type":"Feature","geometry":{"type":"Polygon","coordinates":[[[74.126,15.65],[74.081,15.626],[74.039,15.621],[74.028,15.605],[74.002,15.609],[73.976,15.629],[73.971,15.687],[73.945,15.742],[73.909,15.742],[73.88,15.753],[73.887,15.77],[73.865,15.798],[73.82,15.74],[73.786,15.723],[73.749,15.731],[73.719,15.722],[73.707,15.722],[73.692,15.727],[73.68,15.724],[73.688,15.72],[73.733,15.618],[73.732,15.589],[73.755,15.546],[73.768,15.491],[73.805,15.495],[73.801,15.461],[73.849,15.452],[73.862,15.428],[73.887,15.431],[73.883,15.398],[73.844,15.409],[73.817,15.404],[73.809,15.377],[73.842,15.36],[73.873,15.37],[73.887,15.35],[73.909,15.29],[73.948,15.147],[73.941,15.12],[73.923,15.11],[73.931,15.078],[73.967,15.066],[73.983,15.05],[73.993,15.018],[74.033,14.999],[74.049,14.957],[74.043,14.918],[74.097,14.896],[74.104,14.904],[74.133,14.916],[74.146,14.917],[74.175,14.909],[74.175,14.916],[74.166,14.937],[74.17,14.942],[74.17,14.947],[74.197,14.943],[74.204,14.938],[74.203,14.927],[74.219,14.931],[74.244,14.957],[74.251,14.961],[74.262,14.958],[74.267,14.967],[74.274,14.975],[74.272,14.998],[74.271,14.999],[74.282,15.016],[74.29,15.022],[74.289,15.03],[74.302,15.04],[74.287,15.069],[74.281,15.102],[74.293,15.12],[74.29,15.143],[74.322,15.184],[74.302,15.228],[74.264,15.242],[74.277,15.274],[74.342,15.293],[74.323,15.33],[74.328,15.367],[74.29,15.381],[74.276,15.424],[74.283,15.443],[74.256,15.49],[74.287,15.526],[74.273,15.554],[74.254,15.566],[74.267,15.617],[74.255,15.654],[74.224,15.65],[74.175,15.67],[74.173,15.652],[74.126,15.65]]]},"properties":{"NAME_1":"Goa"}},
{"type":"Feature","geometry":{"type":"MultiPolygon","coordinates":[[[[70.87,20.719],[70.855,20.752],[70.84,20.73],[70.87,20.719]]],[[[72.677,21.156],[72.665,21.148],[72.676,21.105],[72.698,21.108],[72.703,21.146],[72.677,21.156]]],[[[69.628,22.46],[69.594,22.446],[69.596,22.425],[69.637,22.407],[69.654,22.431],[69.628,22.46]]],[[[69.919,22.553],[69.9,22.545],[69.895,22.512],[69.916,22.512],[69.942,22.518],[69.942,22.529],[69.932,22.545],[69.919,22.553]]],[[[70.009,22.593],[69.967,22.578],[69.964,22.545],[70.008,22.554],[70.027,22.568],[70.009,22.593]]],[[[70.448,23.052],[70.413,23.017],[70.425,23],[70.448,23.052]]],[[[68.558,23.314],[68.54,23.267],[68.572,23.261],[68.615,23.274],[68.607,23.298],[68.565,23.302],[68.558,23.314]]],[[[68.589,23.374],[68.594,23.339],[68.617,23.347],[68.589,23.374]]],[[[68.473,23.48],[68.462,23.453],[68.467,23.406],[68.485,23.405],[68.495,23.457],[68.473,23.48]]],[[[68.482,23.597],[68.468,23.592],[68.434,23.555],[68.442,23.535],[68.485,23.575],[68.482,23.597]]],[[[68.358,23.805],[68.335,23.759],[68.339,23.733],[68.281,23.67],[68.269,23.65],[68.207,23.642],[68.187,23.611],[68.22,23.591],[68.264,23.602],[68.295,23.579],[68.347,23.598],[68.359,23.628],[68.391,23.655],[68.418,23.729],[68.416,23.753],[68.426,23.796],[68.398,23.785],[68.358,23.805]]],[[[68.308,23.824],[68.295,23.819],[68.298,23.804],[68.278,23.797],[68.264,23.76],[68.268,23.705],[68.3,23.728],[68.324,23.734],[68.315,23.765],[68.322,23.803],[68.313,23.822],[68.308,23.824]]],[[[68.497,23.831],[68.448,23.806],[68.456,23.774],[68.437,23.743],[68.488,23.737],[68.517,23.755],[68.522,23.775],[68.516,23.779],[68.512,23.789],[68.523,23.804],[68.497,23.831]]],[[[68.396,23.878],[68.343,23.837],[68.354,23.811],[68.4,23.79],[68.439,23.834],[68.417,23.871],[68.396,23.878]]],[[[68.248,23.88],[68.217,23.868],[68.233,23.842],[68.251,23.862],[68.248,23.88]]],[[[68.449,23.938],[68.427,23.933],[68.42,23.921],[68.386,23.906],[68.356,23.903],[68.356,23.86],[68.396,23.88],[68.417,23.872],[68.427,23.865],[68.452,23.882],[68.448,23.893],[68.456,23.934],[68.449,23.938]]],[[[68.535,23.946],[68.53,23.917],[68.487,23.891],[68.49,23.867],[68.521,23.857],[68.539,23.868],[68.588,23.922],[68.562,23.923],[68.558,23.923],[68.559,23.928],[68.557,23.932],[68.542,23.934],[68.535,23.946]]],[[[68.482,23.993],[68.448,23.981],[68.428,23.938],[68.448,23.94],[68.461,23.933],[68.456,23.929],[68.454,23.882],[68.473,23.863],[68.485,23.899],[68.518,23.924],[68.502,23.973],[68.482,23.993]]],[[[68.43,23.995],[68.4,23.968],[68.374,23.984],[68.348,23.963],[68.342,23.925],[68.326,23.914],[68.283,23.92],[68.258,23.88],[68.254,23.859],[68.235,23.836],[68.216,23.836],[68.209,23.811],[68.226,23.763],[68.206,23.755],[68.193,23.731],[68.208,23.707],[68.238,23.681],[68.267,23.696],[68.255,23.712],[68.262,23.76],[68.274,23.797],[68.294,23.821],[68.306,23.825],[68.315,23.824],[68.338,23.819],[68.347,23.86],[68.342,23.89],[68.35,23.908],[68.403,23.921],[68.432,23.96],[68.43,23.995]]],[[[74.323,23.063],[74.283,23.095],[74.288,23.119],[74.272,23.156],[74.25,23.178],[74.208,23.192],[74.183,23.152],[74.155,23.158],[74.127,23.179],[74.125,23.207],[74.139,23.227],[74.136,23.265],[74.107,23.294],[74.049,23.295],[74.033,23.332],[73.991,23.338],[73.962,23.381],[73.947,23.374],[73.939,23.341],[73.894,23.337],[73.867,23.396],[73.827,23.447],[73.783,23.435],[73.765,23.459],[73.734,23.425],[73.717,23.419],[73.704,23.456],[73.633,23.452],[73.644,23.497],[73.658,23.514],[73.637,23.531],[73.638,23.563],[73.65,23.575],[73.65,23.608],[73.661,23.623],[73.619,23.651],[73.571,23.654],[73.527,23.611],[73.501,23.635],[73.51,23.697],[73.479,23.709],[73.451,23.753],[73.42,23.779],[73.4,23.784],[73.376,23.767],[73.361,23.792],[73.373,23.822],[73.36,23.855],[73.386,23.906],[73.42,23.923],[73.421,23.975],[73.411,23.998],[73.414,24.051],[73.37,24.088],[73.37,24.112],[73.335,24.115],[73.327,24.063],[73.291,24.027],[73.253,24.011],[73.201,24.045],[73.224,24.098],[73.172,24.111],[73.123,24.14],[73.083,24.185],[73.092,24.221],[73.116,24.263],[73.139,24.28],[73.145,24.308],[73.173,24.301],[73.187,24.335],[73.211,24.334],[73.231,24.365],[73.211,24.375],[73.18,24.351],[73.127,24.369],[73.111,24.387],[73.085,24.394],[73.106,24.42],[73.107,24.457],[73.094,24.495],[73.051,24.465],[73.022,24.465],[73.013,24.482],[72.981,24.451],[72.991,24.421],[72.964,24.392],[72.987,24.375],[72.977,24.359],[72.924,24.326],[72.901,24.351],[72.868,24.366],[72.815,24.358],[72.733,24.361],[72.707,24.391],[72.693,24.419],[72.693,24.46],[72.659,24.456],[72.589,24.473],[72.542,24.505],[72.501,24.45],[72.51,24.418],[72.465,24.407],[72.456,24.438],[72.437,24.461],[72.448,24.493],[72.421,24.508],[72.386,24.501],[72.358,24.553],[72.295,24.538],[72.272,24.55],[72.251,24.58],[72.277,24.599],[72.275,24.622],[72.23,24.633],[72.186,24.609],[72.162,24.616],[72.151,24.634],[72.117,24.633],[72.085,24.653],[72.085,24.697],[72.052,24.706],[71.994,24.678],[71.993,24.657],[71.967,24.638],[71.935,24.627],[71.926,24.662],[71.871,24.672],[71.863,24.649],[71.869,24.623],[71.847,24.615],[71.812,24.622],[71.813,24.661],[71.785,24.669],[71.746,24.654],[71.716,24.654],[71.662,24.633],[71.617,24.671],[71.537,24.679],[71.488,24.674],[71.451,24.659],[71.422,24.638],[71.381,24.621],[71.357,24.654],[71.326,24.643],[71.298,24.608],[71.261,24.621],[71.242,24.627],[71.207,24.64],[71.172,24.649],[71.119,24.669],[71.107,24.681],[71.046,24.639],[71.02,24.631],[71.001,24.599],[70.998,24.541],[71.015,24.523],[71.008,24.442],[71.029,24.433],[71.093,24.436],[71.119,24.431],[71.134,24.414],[71.122,24.391],[71.088,24.381],[71.047,24.347],[71.013,24.347],[70.998,24.361],[70.96,24.346],[70.885,24.291],[70.894,24.257],[70.854,24.247],[70.806,24.223],[70.726,24.221],[70.655,24.225],[70.594,24.24],[70.572,24.265],[70.588,24.285],[70.572,24.345],[70.592,24.359],[70.611,24.402],[70.575,24.42],[70.46,24.387],[70.37,24.353],[70.297,24.34],[70.237,24.317],[70.15,24.301],[70.11,24.285],[70.077,24.216],[70.049,24.184],[70.024,24.169],[69.912,24.164],[69.825,24.167],[69.725,24.175],[69.681,24.205],[69.601,24.278],[69.501,24.255],[69.432,24.274],[69.362,24.266],[69.31,24.277],[69.275,24.269],[69.2,24.235],[69.085,24.268],[69.014,24.229],[68.971,24.238],[68.947,24.277],[68.922,24.259],[68.898,24.199],[68.848,24.208],[68.84,24.228],[68.826,24.308],[68.773,24.294],[68.764,24.284],[68.76,24.036],[68.749,23.962],[68.547,23.963],[68.538,23.945],[68.545,23.935],[68.558,23.933],[68.56,23.93],[68.56,23.924],[68.58,23.924],[68.588,23.922],[68.613,23.903],[68.572,23.88],[68.551,23.84],[68.523,23.817],[68.525,23.8],[68.516,23.783],[68.527,23.771],[68.525,23.759],[68.535,23.757],[68.575,23.821],[68.597,23.84],[68.645,23.838],[68.672,23.862],[68.729,23.855],[68.727,23.829],[68.685,23.82],[68.653,23.797],[68.631,23.759],[68.604,23.748],[68.595,23.732],[68.557,23.717],[68.528,23.688],[68.517,23.662],[68.489,23.635],[68.487,23.596],[68.495,23.556],[68.49,23.54],[68.507,23.463],[68.531,23.448],[68.534,23.423],[68.559,23.42],[68.567,23.378],[68.592,23.374],[68.637,23.344],[68.632,23.296],[68.641,23.267],[68.613,23.228],[68.585,23.222],[68.627,23.187],[68.652,23.155],[68.713,23.118],[68.762,23.079],[68.812,23.061],[68.988,22.956],[69.045,22.93],[69.197,22.838],[69.267,22.824],[69.319,22.832],[69.347,22.82],[69.389,22.814],[69.447,22.78],[69.474,22.773],[69.523,22.79],[69.553,22.786],[69.597,22.76],[69.622,22.767],[69.673,22.757],[69.711,22.738],[69.747,22.794],[69.753,22.82],[69.798,22.85],[69.866,22.873],[69.906,22.866],[69.951,22.893],[69.99,22.9],[70.106,22.909],[70.139,22.941],[70.176,22.951],[70.209,22.952],[70.229,22.977],[70.252,22.973],[70.287,22.945],[70.305,22.951],[70.345,22.93],[70.384,22.945],[70.393,22.963],[70.397,23.026],[70.429,23.057],[70.493,23.075],[70.472,23.012],[70.43,22.956],[70.41,22.92],[70.385,22.91],[70.342,22.848],[70.339,22.83],[70.302,22.772],[70.301,22.758],[70.255,22.726],[70.239,22.696],[70.245,22.67],[70.22,22.63],[70.199,22.617],[70.193,22.587],[70.163,22.552],[70.066,22.548],[70.047,22.555],[69.983,22.544],[69.946,22.528],[69.943,22.512],[69.935,22.513],[69.913,22.488],[69.911,22.468],[69.875,22.448],[69.841,22.456],[69.807,22.405],[69.793,22.403],[69.741,22.457],[69.72,22.462],[69.691,22.451],[69.699,22.396],[69.664,22.394],[69.655,22.359],[69.6,22.349],[69.56,22.367],[69.551,22.404],[69.523,22.427],[69.521,22.379],[69.49,22.356],[69.489,22.338],[69.455,22.335],[69.423,22.317],[69.367,22.322],[69.34,22.33],[69.334,22.304],[69.291,22.276],[69.239,22.259],[69.207,22.264],[69.16,22.307],[69.179,22.376],[69.2,22.391],[69.191,22.422],[69.171,22.422],[69.148,22.403],[69.11,22.41],[69.069,22.396],[69.044,22.431],[69.075,22.454],[69.08,22.479],[69.008,22.44],[68.985,22.414],[68.957,22.367],[68.955,22.335],[68.936,22.312],[68.957,22.261],[68.953,22.248],[68.981,22.212],[69.058,22.126],[69.09,22.098],[69.126,22.055],[69.212,21.964],[69.259,21.918],[69.352,21.839],[69.376,21.826],[69.434,21.766],[69.471,21.741],[69.532,21.682],[69.584,21.638],[69.602,21.637],[69.673,21.565],[69.706,21.539],[69.725,21.57],[69.705,21.59],[69.712,21.61],[69.692,21.63],[69.744,21.636],[69.764,21.579],[69.713,21.528],[69.77,21.467],[69.923,21.292],[70.007,21.199],[70.1,21.105],[70.258,20.973],[70.365,20.901],[70.393,20.894],[70.425,20.863],[70.501,20.823],[70.55,20.805],[70.585,20.782],[70.645,20.763],[70.677,20.769],[70.675,20.77],[70.683,20.784],[70.682,20.801],[70.676,20.819],[70.694,20.883],[70.718,20.912],[70.731,20.96],[70.734,20.988],[70.742,20.99],[70.756,20.974],[70.768,20.962],[70.773,20.961],[70.779,20.967],[70.794,20.959],[70.808,20.964],[70.825,20.96],[70.846,20.971],[70.851,20.963],[70.862,20.961],[70.88,20.955],[70.89,20.936],[70.902,20.903],[70.884,20.873],[70.841,20.858],[70.85,20.832],[70.891,20.833],[70.894,20.795],[70.863,20.782],[70.854,20.753],[70.874,20.727],[70.874,20.71],[70.889,20.709],[70.892,20.708],[70.905,20.727],[70.93,20.732],[70.949,20.734],[70.963,20.729],[70.991,20.746],[71.051,20.732],[71.08,20.738],[71.086,20.756],[71.149,20.757],[71.161,20.781],[71.202,20.788],[71.323,20.846],[71.372,20.853],[71.396,20.865],[71.437,20.868],[71.477,20.89],[71.51,20.944],[71.53,20.943],[71.637,20.973],[71.638,20.99],[71.68,20.997],[71.721,21.022],[71.764,21.021],[71.797,21.058],[71.916,21.112],[71.952,21.118],[71.992,21.143],[72.048,21.161],[72.056,21.172],[72.115,21.202],[72.111,21.219],[72.082,21.246],[72.111,21.287],[72.109,21.301],[72.171,21.39],[72.224,21.44],[72.251,21.494],[72.268,21.572],[72.306,21.628],[72.28,21.69],[72.248,21.751],[72.27,21.757],[72.26,21.784],[72.256,21.89],[72.22,21.948],[72.242,22.05],[72.261,22.019],[72.252,21.987],[72.28,21.967],[72.315,22.102],[72.323,22.123],[72.357,22.152],[72.387,22.16],[72.39,22.183],[72.367,22.2],[72.376,22.232],[72.401,22.202],[72.417,22.227],[72.416,22.285],[72.435,22.301],[72.471,22.243],[72.494,22.242],[72.474,22.201],[72.488,22.197],[72.508,22.232],[72.573,22.255],[72.608,22.279],[72.637,22.284],[72.692,22.237],[72.759,22.232],[72.81,22.265],[72.853,22.282],[72.87,22.223],[72.818,22.248],[72.799,22.237],[72.758,22.174],[72.7,22.185],[72.648,22.217],[72.601,22.213],[72.569,22.188],[72.547,22.15],[72.507,21.994],[72.502,21.935],[72.523,21.85],[72.568,21.824],[72.552,21.792],[72.543,21.743],[72.52,21.713],[72.524,21.68],[72.547,21.658],[72.597,21.681],[72.711,21.678],[72.736,21.69],[72.762,21.669],[72.798,21.662],[72.787,21.645],[72.752,21.65],[72.723,21.639],[72.705,21.652],[72.673,21.628],[72.628,21.617],[72.606,21.58],[72.598,21.544],[72.627,21.502],[72.675,21.521],[72.665,21.48],[72.652,21.462],[72.665,21.427],[72.623,21.375],[72.622,21.346],[72.593,21.312],[72.597,21.25],[72.619,21.223],[72.626,21.09],[72.659,21.088],[72.66,21.139],[72.665,21.153],[72.681,21.158],[72.716,21.141],[72.7,21.101],[72.706,21.073],[72.752,21.062],[72.724,21.036],[72.754,20.943],[72.786,20.922],[72.792,20.897],[72.839,20.799],[72.835,20.782],[72.87,20.746],[72.852,20.734],[72.875,20.653],[72.887,20.642],[72.898,20.574],[72.886,20.55],[72.884,20.498],[72.866,20.468],[72.851,20.455],[72.839,20.438],[72.841,20.418],[72.844,20.416],[72.851,20.412],[72.869,20.406],[72.869,20.404],[72.874,20.393],[72.876,20.381],[72.87,20.391],[72.843,20.399],[72.822,20.371],[72.807,20.352],[72.776,20.333],[72.775,20.304],[72.756,20.292],[72.741,20.245],[72.747,20.2],[72.738,20.137],[72.788,20.13],[72.802,20.148],[72.829,20.157],[72.834,20.184],[72.85,20.208],[72.872,20.208],[72.884,20.227],[72.928,20.223],[72.97,20.212],[72.974,20.215],[72.965,20.237],[72.944,20.245],[72.922,20.274],[72.925,20.279],[72.938,20.288],[72.951,20.292],[72.97,20.275],[72.98,20.271],[72.988,20.275],[72.99,20.292],[73.022,20.293],[73.02,20.317],[73.037,20.291],[73.044,20.291],[73.055,20.325],[73.067,20.326],[73.075,20.33],[73.086,20.326],[73.097,20.335],[73.102,20.358],[73.105,20.361],[73.111,20.356],[73.114,20.353],[73.118,20.343],[73.122,20.333],[73.116,20.304],[73.139,20.31],[73.147,20.317],[73.177,20.312],[73.178,20.311],[73.177,20.308],[73.18,20.29],[73.167,20.283],[73.161,20.292],[73.158,20.29],[73.155,20.285],[73.154,20.277],[73.147,20.281],[73.146,20.281],[73.143,20.269],[73.137,20.26],[73.113,20.244],[73.109,20.239],[73.102,20.229],[73.088,20.234],[73.077,20.23],[73.067,20.198],[73.07,20.197],[73.076,20.16],[73.086,20.157],[73.09,20.17],[73.098,20.173],[73.099,20.173],[73.109,20.159],[73.117,20.159],[73.125,20.157],[73.148,20.185],[73.146,20.187],[73.142,20.204],[73.15,20.206],[73.153,20.203],[73.154,20.202],[73.18,20.209],[73.189,20.201],[73.204,20.198],[73.21,20.197],[73.229,20.184],[73.227,20.176],[73.199,20.162],[73.195,20.151],[73.196,20.14],[73.211,20.124],[73.216,20.122],[73.263,20.128],[73.294,20.154],[73.294,20.194],[73.311,20.207],[73.376,20.195],[73.427,20.202],[73.42,20.257],[73.437,20.282],[73.415,20.382],[73.398,20.399],[73.423,20.414],[73.449,20.467],[73.476,20.495],[73.481,20.584],[73.44,20.595],[73.428,20.624],[73.404,20.652],[73.44,20.665],[73.459,20.714],[73.483,20.717],[73.497,20.686],[73.498,20.653],[73.53,20.673],[73.563,20.647],[73.591,20.645],[73.622,20.625],[73.637,20.579],[73.666,20.563],[73.701,20.578],[73.748,20.567],[73.787,20.602],[73.806,20.602],[73.846,20.624],[73.843,20.702],[73.864,20.694],[73.889,20.731],[73.921,20.724],[73.95,20.742],[73.941,20.769],[73.945,20.84],[73.931,20.848],[73.931,20.886],[73.917,20.915],[73.896,20.933],[73.906,20.983],[73.816,20.996],[73.808,21.023],[73.785,21.02],[73.766,21.04],[73.748,21.04],[73.736,21.103],[73.709,21.112],[73.693,21.101],[73.658,21.121],[73.629,21.12],[73.611,21.154],[73.637,21.153],[73.636,21.133],[73.681,21.152],[73.713,21.15],[73.737,21.138],[73.742,21.167],[73.78,21.165],[73.796,21.182],[73.823,21.172],[73.82,21.222],[73.836,21.242],[73.832,21.267],[73.892,21.262],[73.948,21.298],[73.962,21.393],[74.052,21.426],[74.057,21.456],[74.121,21.45],[74.141,21.462],[74.16,21.453],[74.186,21.467],[74.223,21.459],[74.308,21.48],[74.328,21.496],[74.336,21.54],[74.292,21.559],[74.272,21.536],[74.238,21.55],[74.207,21.53],[74.186,21.56],[74.136,21.557],[74.068,21.559],[73.984,21.542],[73.974,21.524],[73.938,21.521],[73.861,21.496],[73.834,21.553],[73.825,21.598],[73.788,21.625],[73.829,21.64],[73.845,21.633],[73.886,21.645],[73.898,21.667],[73.89,21.711],[73.846,21.742],[73.843,21.772],[73.828,21.812],[73.842,21.839],[73.88,21.839],[74.023,21.906],[74.047,21.923],[74.146,21.954],[74.154,21.986],[74.1,22.002],[74.101,22.018],[74.138,22.054],[74.163,22.061],[74.17,22.101],[74.133,22.096],[74.127,22.132],[74.123,22.213],[74.076,22.222],[74.078,22.268],[74.059,22.286],[74.072,22.36],[74.112,22.372],[74.134,22.332],[74.191,22.322],[74.198,22.343],[74.24,22.377],[74.274,22.393],[74.264,22.425],[74.237,22.439],[74.187,22.444],[74.156,22.44],[74.141,22.454],[74.123,22.421],[74.105,22.433],[74.1,22.469],[74.078,22.466],[74.085,22.509],[74.044,22.517],[74.045,22.542],[74.084,22.55],[74.128,22.524],[74.158,22.532],[74.214,22.567],[74.237,22.614],[74.278,22.648],[74.364,22.637],[74.384,22.644],[74.403,22.731],[74.439,22.786],[74.439,22.809],[74.465,22.815],[74.479,22.859],[74.463,22.913],[74.451,22.924],[74.419,22.918],[74.4,22.899],[74.382,22.91],[74.342,22.965],[74.371,22.98],[74.349,23.03],[74.328,23.043],[74.323,23.063]]]]},"properties":{"NAME_1":"Gujarat"}},
{"type":"Feature","geometry":{"type":"Polygon","coordinates":[[[77.575,30.385],[77.543,30.397],[77.51,30.449],[77.491,30.417],[77.435,30.404],[77.453,30.44],[77.426,30.441],[77.395,30.421],[77.38,30.446],[77.357,30.442],[77.346,30.462],[77.311,30.454],[77.264,30.467],[77.252,30.484],[77.203,30.48],[77.185,30.526],[77.138,30.539],[77.111,30.567],[77.157,30.6],[77.162,30.639],[77.154,30.689],[77.102,30.731],[77.047,30.749],[77.013,30.742],[76.998,30.814],[76.954,30.811],[76.928,30.837],[76.927,30.854],[76.902,30.897],[76.852,30.871],[76.823,30.888],[76.81,30.93],[76.77,30.906],[76.769,30.877],[76.801,30.843],[76.828,30.833],[76.847,30.793],[76.828,30.764],[76.825,30.731],[76.836,30.714],[76.821,30.697],[76.82,30.686],[76.819,30.661],[76.863,30.672],[76.859,30.641],[76.9,30.62],[76.913,30.6],[76.885,30.54],[76.92,30.525],[76.912,30.494],[76.894,30.49],[76.89,30.437],[76.927,30.389],[76.898,30.363],[76.865,30.409],[76.832,30.434],[76.808,30.412],[76.749,30.427],[76.7,30.394],[76.739,30.36],[76.698,30.325],[76.671,30.319],[76.59,30.254],[76.612,30.226],[76.639,30.206],[76.623,30.17],[76.629,30.135],[76.619,30.095],[76.59,30.079],[76.555,30.099],[76.534,30.083],[76.501,30.077],[76.491,30.097],[76.452,30.101],[76.426,30.148],[76.429,30.18],[76.399,30.199],[76.381,30.183],[76.402,30.158],[76.39,30.128],[76.349,30.128],[76.328,30.11],[76.293,30.119],[76.251,30.119],[76.211,30.156],[76.205,30.128],[76.231,30.109],[76.23,30.081],[76.199,30.035],[76.189,30.004],[76.204,29.944],[76.179,29.946],[76.183,29.894],[76.225,29.885],[76.229,29.855],[76.194,29.845],[76.167,29.818],[76.139,29.817],[76.116,29.796],[76.078,29.806],[76.074,29.781],[76.041,29.749],[76.004,29.751],[75.973,29.732],[75.934,29.733],[75.897,29.756],[75.864,29.752],[75.82,29.815],[75.796,29.807],[75.772,29.825],[75.748,29.812],[75.706,29.809],[75.697,29.755],[75.666,29.773],[75.625,29.773],[75.623,29.754],[75.563,29.744],[75.556,29.766],[75.506,29.774],[75.444,29.808],[75.444,29.786],[75.397,29.761],[75.379,29.711],[75.362,29.713],[75.318,29.671],[75.308,29.633],[75.28,29.603],[75.305,29.588],[75.291,29.562],[75.238,29.552],[75.211,29.582],[75.221,29.607],[75.173,29.63],[75.159,29.669],[75.189,29.681],[75.187,29.712],[75.198,29.731],[75.221,29.733],[75.231,29.752],[75.198,29.796],[75.201,29.83],[75.182,29.839],[75.155,29.82],[75.15,29.792],[75.125,29.806],[75.102,29.803],[75.086,29.845],[75.101,29.868],[75.103,29.897],[75.078,29.912],[75.065,29.879],[75.037,29.882],[74.99,29.856],[74.97,29.89],[74.943,29.903],[74.924,29.942],[74.872,29.959],[74.85,29.959],[74.801,29.993],[74.776,29.974],[74.724,29.962],[74.696,29.972],[74.681,29.949],[74.64,29.922],[74.64,29.904],[74.586,29.915],[74.573,29.926],[74.519,29.943],[74.505,29.908],[74.534,29.903],[74.554,29.866],[74.533,29.839],[74.492,29.827],[74.465,29.788],[74.472,29.744],[74.526,29.741],[74.538,29.754],[74.605,29.753],[74.603,29.721],[74.579,29.655],[74.57,29.586],[74.572,29.556],[74.611,29.531],[74.579,29.459],[74.535,29.465],[74.531,29.425],[74.57,29.406],[74.573,29.386],[74.6,29.354],[74.596,29.328],[74.642,29.331],[74.65,29.372],[74.711,29.369],[74.732,29.354],[74.776,29.36],[74.81,29.398],[74.85,29.403],[74.927,29.365],[74.951,29.319],[74.94,29.305],[74.953,29.282],[74.991,29.272],[75.024,29.292],[75.078,29.232],[75.147,29.246],[75.18,29.269],[75.195,29.244],[75.223,29.235],[75.235,29.252],[75.272,29.254],[75.277,29.273],[75.319,29.293],[75.325,29.278],[75.315,29.236],[75.345,29.226],[75.35,29.247],[75.38,29.264],[75.399,29.24],[75.387,29.229],[75.401,29.189],[75.369,29.17],[75.361,29.143],[75.396,29.128],[75.381,29.111],[75.381,29.07],[75.43,29.065],[75.441,29.042],[75.435,29.017],[75.473,29.02],[75.511,29.011],[75.517,28.975],[75.498,28.941],[75.467,28.926],[75.488,28.898],[75.488,28.86],[75.513,28.837],[75.499,28.788],[75.516,28.772],[75.531,28.733],[75.54,28.649],[75.556,28.615],[75.609,28.606],[75.629,28.546],[75.665,28.533],[75.69,28.499],[75.737,28.487],[75.735,28.473],[75.778,28.458],[75.803,28.414],[75.835,28.398],[75.872,28.391],[75.922,28.369],[75.927,28.345],[75.956,28.338],[75.987,28.296],[76.019,28.281],[76.011,28.242],[76.053,28.224],[76.075,28.172],[76.028,28.173],[75.995,28.151],[75.977,28.127],[75.936,28.094],[75.977,28.084],[76.002,28.061],[76.01,28.037],[75.974,28.037],[75.955,27.989],[75.968,27.962],[75.963,27.937],[75.977,27.909],[75.975,27.865],[76.009,27.863],[76.05,27.848],[76.08,27.851],[76.088,27.868],[76.122,27.854],[76.128,27.833],[76.173,27.807],[76.206,27.848],[76.19,27.882],[76.199,27.899],[76.17,27.91],[76.179,27.973],[76.154,27.993],[76.174,28.022],[76.203,28.03],[76.177,28.059],[76.233,28.056],[76.251,28.071],[76.29,28.049],[76.29,28.03],[76.317,28.021],[76.337,28.03],[76.353,28.066],[76.337,28.073],[76.332,28.107],[76.356,28.128],[76.278,28.169],[76.309,28.183],[76.353,28.166],[76.36,28.143],[76.437,28.152],[76.472,28.15],[76.498,28.107],[76.457,28.11],[76.47,28.086],[76.456,28.046],[76.492,28.047],[76.511,28.035],[76.539,28.039],[76.531,27.979],[76.547,27.971],[76.599,28.01],[76.66,28.019],[76.651,28.044],[76.648,28.092],[76.682,28.098],[76.71,28.132],[76.739,28.129],[76.755,28.147],[76.791,28.157],[76.79,28.194],[76.833,28.225],[76.864,28.225],[76.884,28.192],[76.942,28.149],[76.962,28.144],[76.947,28.071],[76.919,27.998],[76.925,27.978],[76.919,27.925],[76.926,27.894],[76.927,27.834],[76.908,27.836],[76.896,27.786],[76.889,27.72],[76.915,27.701],[76.892,27.68],[76.909,27.657],[76.934,27.675],[76.97,27.657],[76.979,27.706],[76.994,27.742],[77.032,27.748],[77.053,27.728],[77.078,27.737],[77.023,27.787],[77.038,27.82],[77.072,27.81],[77.101,27.785],[77.147,27.787],[77.15,27.812],[77.172,27.816],[77.189,27.798],[77.222,27.798],[77.235,27.786],[77.276,27.807],[77.313,27.83],[77.339,27.86],[77.412,27.859],[77.402,27.882],[77.422,27.894],[77.442,27.878],[77.47,27.895],[77.469,27.933],[77.519,27.932],[77.536,27.966],[77.535,27.993],[77.478,28.049],[77.473,28.104],[77.499,28.123],[77.499,28.163],[77.532,28.17],[77.538,28.191],[77.516,28.23],[77.512,28.254],[77.493,28.281],[77.496,28.307],[77.466,28.341],[77.494,28.358],[77.47,28.394],[77.475,28.414],[77.436,28.432],[77.426,28.455],[77.398,28.459],[77.36,28.498],[77.338,28.509],[77.329,28.508],[77.315,28.495],[77.301,28.49],[77.278,28.498],[77.254,28.486],[77.232,28.476],[77.226,28.464],[77.243,28.447],[77.241,28.429],[77.215,28.416],[77.195,28.413],[77.166,28.408],[77.152,28.428],[77.131,28.439],[77.113,28.45],[77.103,28.483],[77.108,28.494],[77.09,28.505],[77.072,28.52],[77.057,28.514],[77.049,28.515],[77.042,28.519],[77.02,28.533],[77.016,28.533],[77,28.542],[77.006,28.514],[76.977,28.524],[76.933,28.516],[76.908,28.515],[76.894,28.516],[76.879,28.509],[76.879,28.524],[76.859,28.542],[76.838,28.557],[76.833,28.583],[76.835,28.591],[76.855,28.592],[76.878,28.638],[76.894,28.633],[76.91,28.638],[76.918,28.653],[76.943,28.675],[76.947,28.677],[76.95,28.694],[76.941,28.717],[76.95,28.747],[76.938,28.76],[76.947,28.774],[76.937,28.804],[76.948,28.818],[76.958,28.83],[76.98,28.837],[76.983,28.839],[77.032,28.837],[77.038,28.853],[77.05,28.873],[77.083,28.875],[77.099,28.872],[77.11,28.866],[77.129,28.865],[77.136,28.853],[77.151,28.848],[77.165,28.861],[77.184,28.862],[77.187,28.867],[77.182,28.89],[77.217,28.9],[77.197,28.921],[77.205,28.936],[77.191,28.962],[77.214,29.006],[77.163,29.049],[77.157,29.078],[77.124,29.101],[77.139,29.135],[77.127,29.154],[77.14,29.182],[77.127,29.228],[77.143,29.238],[77.129,29.273],[77.154,29.317],[77.146,29.345],[77.12,29.35],[77.117,29.377],[77.139,29.384],[77.125,29.422],[77.139,29.442],[77.118,29.456],[77.123,29.486],[77.085,29.534],[77.11,29.553],[77.086,29.601],[77.11,29.647],[77.129,29.659],[77.12,29.68],[77.14,29.717],[77.113,29.749],[77.118,29.776],[77.152,29.793],[77.156,29.817],[77.182,29.873],[77.18,29.902],[77.25,29.988],[77.273,30.034],[77.27,30.048],[77.332,30.064],[77.373,30.093],[77.414,30.111],[77.411,30.146],[77.424,30.168],[77.447,30.169],[77.473,30.189],[77.496,30.234],[77.532,30.287],[77.57,30.311],[77.57,30.337],[77.592,30.371],[77.575,30.385]]]},"properties":{"NAME_1":"Haryana"}},
{"type":"Feature","geometry":{"type":"Polygon","coordinates":[[[78.411,32.512],[78.382,32.53],[78.31,32.476],[78.279,32.508],[78.299,32.529],[78.297,32.578],[78.332,32.585],[78.389,32.623],[78.371,32.638],[78.363,32.672],[78.378,32.719],[78.373,32.76],[78.345,32.763],[78.288,32.738],[78.296,32.713],[78.237,32.695],[78.225,32.676],[78.184,32.664],[78.17,32.677],[78.136,32.67],[78.116,32.642],[78.093,32.662],[78.067,32.626],[78.044,32.629],[78.036,32.592],[77.977,32.592],[77.92,32.68],[77.903,32.693],[77.918,32.757],[77.867,32.79],[77.861,32.816],[77.825,32.84],[77.761,32.865],[77.79,32.905],[77.712,32.972],[77.665,32.986],[77.653,32.959],[77.613,32.941],[77.582,32.939],[77.52,32.887],[77.485,32.887],[77.455,32.862],[77.426,32.884],[77.379,32.881],[77.359,32.856],[77.356,32.825],[77.322,32.822],[77.305,32.854],[77.289,32.853],[77.228,32.896],[77.182,32.915],[77.157,32.913],[77.136,32.958],[77.136,32.98],[77.103,32.987],[77.075,32.973],[77.035,33],[76.998,32.99],[76.962,33.014],[76.918,33.034],[76.877,33.114],[76.853,33.112],[76.803,33.156],[76.798,33.173],[76.822,33.248],[76.797,33.241],[76.764,33.254],[76.76,33.225],[76.73,33.179],[76.697,33.181],[76.627,33.162],[76.6,33.174],[76.586,33.204],[76.547,33.21],[76.496,33.196],[76.469,33.18],[76.385,33.183],[76.359,33.158],[76.275,33.104],[76.255,33.052],[76.237,33.033],[76.152,33.023],[76.094,33.005],[76.082,32.969],[76.017,32.918],[75.934,32.884],[75.9,32.916],[75.867,32.93],[75.808,32.93],[75.787,32.893],[75.795,32.87],[75.821,32.843],[75.874,32.814],[75.912,32.757],[75.899,32.681],[75.924,32.644],[75.873,32.576],[75.851,32.521],[75.855,32.5],[75.915,32.449],[75.935,32.425],[75.926,32.412],[75.872,32.398],[75.844,32.379],[75.736,32.274],[75.676,32.264],[75.623,32.235],[75.62,32.185],[75.656,32.177],[75.655,32.146],[75.611,32.1],[75.579,32.082],[75.599,32.066],[75.649,32.077],[75.692,32.059],[75.71,32.036],[75.734,32.037],[75.795,31.989],[75.836,31.982],[75.895,31.95],[75.95,31.848],[75.953,31.824],[75.922,31.817],[75.945,31.781],[75.977,31.705],[76.005,31.663],[76.003,31.647],[76.084,31.537],[76.108,31.495],[76.128,31.444],[76.157,31.405],[76.134,31.383],[76.14,31.353],[76.166,31.341],[76.173,31.307],[76.206,31.305],[76.302,31.326],[76.33,31.345],[76.33,31.38],[76.316,31.402],[76.359,31.416],[76.39,31.397],[76.391,31.379],[76.428,31.325],[76.448,31.306],[76.467,31.31],[76.489,31.273],[76.511,31.283],[76.546,31.256],[76.571,31.28],[76.635,31.213],[76.59,31.183],[76.599,31.151],[76.589,31.128],[76.626,31.11],[76.599,31.054],[76.614,31.022],[76.61,31.004],[76.668,30.97],[76.713,30.963],[76.726,30.939],[76.77,30.906],[76.81,30.93],[76.823,30.888],[76.852,30.871],[76.902,30.897],[76.927,30.854],[76.928,30.837],[76.954,30.811],[76.998,30.814],[77.013,30.742],[77.047,30.749],[77.102,30.731],[77.154,30.689],[77.162,30.639],[77.157,30.6],[77.111,30.567],[77.138,30.539],[77.185,30.526],[77.203,30.48],[77.252,30.484],[77.264,30.467],[77.311,30.454],[77.346,30.462],[77.357,30.442],[77.38,30.446],[77.395,30.421],[77.426,30.441],[77.453,30.44],[77.435,30.404],[77.491,30.417],[77.51,30.449],[77.543,30.397],[77.575,30.385],[77.563,30.404],[77.563,30.417],[77.604,30.437],[77.631,30.436],[77.662,30.449],[77.768,30.504],[77.799,30.511],[77.812,30.538],[77.806,30.561],[77.778,30.557],[77.754,30.57],[77.732,30.607],[77.775,30.641],[77.766,30.665],[77.733,30.686],[77.741,30.711],[77.688,30.769],[77.705,30.779],[77.744,30.836],[77.731,30.851],[77.745,30.881],[77.784,30.872],[77.793,30.926],[77.746,30.922],[77.733,30.95],[77.754,30.977],[77.796,30.97],[77.825,31.005],[77.805,31.054],[77.843,31.081],[77.852,31.111],[77.879,31.125],[77.902,31.159],[77.955,31.179],[77.969,31.165],[78.008,31.157],[78.03,31.185],[78.092,31.193],[78.148,31.232],[78.185,31.223],[78.207,31.237],[78.233,31.235],[78.269,31.271],[78.298,31.288],[78.369,31.288],[78.393,31.262],[78.419,31.26],[78.467,31.221],[78.47,31.204],[78.537,31.207],[78.567,31.234],[78.601,31.236],[78.636,31.22],[78.651,31.198],[78.749,31.194],[78.795,31.205],[78.819,31.147],[78.88,31.104],[78.904,31.115],[78.942,31.105],[78.997,31.118],[78.978,31.146],[78.972,31.182],[78.946,31.194],[78.935,31.222],[78.91,31.234],[78.907,31.259],[78.88,31.271],[78.867,31.301],[78.829,31.33],[78.84,31.354],[78.827,31.381],[78.776,31.402],[78.792,31.418],[78.795,31.453],[78.744,31.49],[78.716,31.487],[78.707,31.521],[78.721,31.541],[78.75,31.549],[78.797,31.576],[78.823,31.601],[78.827,31.628],[78.784,31.661],[78.78,31.69],[78.734,31.692],[78.691,31.793],[78.693,31.814],[78.721,31.835],[78.725,31.885],[78.745,31.925],[78.771,32],[78.737,32.004],[78.69,32.046],[78.652,32.088],[78.648,32.107],[78.596,32.123],[78.574,32.159],[78.594,32.188],[78.593,32.219],[78.543,32.249],[78.483,32.243],[78.439,32.246],[78.464,32.278],[78.461,32.337],[78.468,32.358],[78.494,32.377],[78.519,32.418],[78.478,32.426],[78.462,32.448],[78.438,32.456],[78.449,32.49],[78.411,32.512]]]},"properties":{"NAME_1":"Himachal Pradesh"}},
{"type":"Feature","geometry":{"type":"Polygon","coordinates":[[[78.411,32.512],[78.412,32.556],[78.453,32.58],[78.486,32.573],[78.526,32.606],[78.559,32.612],[78.603,32.604],[78.632,32.611],[78.654,32.649],[78.736,32.696],[78.76,32.684],[78.78,32.598],[78.765,32.575],[78.781,32.475],[78.836,32.425],[78.875,32.415],[78.915,32.367],[78.971,32.344],[78.994,32.364],[79.025,32.367],[79.068,32.385],[79.104,32.372],[79.121,32.416],[79.118,32.45],[79.149,32.484],[79.203,32.511],[79.248,32.522],[79.27,32.518],[79.297,32.489],[79.32,32.491],[79.347,32.527],[79.464,32.593],[79.509,32.591],[79.545,32.607],[79.558,32.631],[79.564,32.671],[79.541,32.749],[79.527,32.768],[79.484,32.79],[79.465,32.817],[79.457,32.871],[79.432,32.905],[79.387,32.933],[79.365,32.957],[79.35,32.996],[79.366,33.06],[79.411,33.136],[79.41,33.179],[79.377,33.19],[79.315,33.189],[79.141,33.2],[79.075,33.229],[79.067,33.296],[78.989,33.347],[78.973,33.367],[78.921,33.399],[78.823,33.483],[78.784,33.533],[78.73,33.618],[78.711,33.655],[78.709,33.68],[78.775,33.746],[78.784,33.77],[78.775,33.801],[78.742,33.84],[78.717,33.89],[78.712,33.923],[78.716,33.965],[78.764,34.002],[78.761,34.036],[78.712,34.05],[78.706,34.072],[78.729,34.096],[78.871,34.157],[78.91,34.181],[78.956,34.218],[78.975,34.243],[78.993,34.289],[78.981,34.333],[78.923,34.375],[78.838,34.407],[78.763,34.46],[78.73,34.497],[78.66,34.53],[78.611,34.583],[78.569,34.612],[78.537,34.614],[78.482,34.603],[78.418,34.605],[78.407,34.637],[78.387,34.652],[78.325,34.656],[78.284,34.667],[78.248,34.695],[78.207,34.766],[78.185,34.882],[78.133,34.971],[78.083,35.082],[78.117,35.112],[78.116,35.145],[78.058,35.185],[78.018,35.25],[78.002,35.295],[77.99,35.379],[78.021,35.417],[78.097,35.456],[78.111,35.473],[78.079,35.492],[77.991,35.487],[77.951,35.474],[77.928,35.441],[77.889,35.429],[77.863,35.459],[77.847,35.501],[77.815,35.485],[77.736,35.434],[77.651,35.367],[77.585,35.324],[77.485,35.267],[77.443,35.234],[77.281,35.138],[77.157,35.055],[77.068,35.024],[77.014,35.035],[77.01,34.956],[76.997,34.939],[76.95,34.941],[76.884,34.97],[76.863,34.971],[76.811,34.935],[76.762,34.933],[76.739,34.902],[76.745,34.845],[76.706,34.801],[76.687,34.763],[76.672,34.757],[76.562,34.758],[76.514,34.784],[76.469,34.792],[76.437,34.764],[76.386,34.736],[76.316,34.732],[76.275,34.694],[76.193,34.655],[76.158,34.643],[76.122,34.647],[76.086,34.671],[76.036,34.67],[76,34.636],[75.932,34.624],[75.919,34.605],[75.843,34.575],[75.793,34.534],[75.749,34.516],[75.692,34.522],[75.592,34.54],[75.506,34.537],[75.395,34.549],[75.351,34.562],[75.262,34.611],[75.266,34.64],[75.207,34.646],[75.142,34.662],[75.019,34.641],[74.894,34.684],[74.836,34.678],[74.728,34.689],[74.671,34.701],[74.639,34.734],[74.58,34.77],[74.507,34.776],[74.474,34.791],[74.376,34.803],[74.346,34.79],[74.303,34.798],[74.27,34.763],[74.203,34.737],[74.149,34.695],[74.042,34.687],[74.013,34.71],[73.96,34.697],[73.927,34.646],[73.948,34.573],[73.895,34.547],[73.887,34.515],[73.899,34.496],[73.855,34.473],[73.777,34.416],[73.763,34.36],[73.807,34.357],[73.842,34.338],[73.899,34.36],[73.92,34.342],[73.941,34.302],[73.976,34.265],[73.977,34.212],[73.904,34.122],[73.904,34.097],[73.886,34.075],[73.883,34.05],[73.898,34.033],[74,34.03],[74.006,34.022],[74.087,34.038],[74.115,34.054],[74.161,34.039],[74.215,34.039],[74.249,34.014],[74.263,33.974],[74.261,33.925],[74.22,33.867],[74.17,33.84],[74.13,33.828],[74.09,33.826],[74.049,33.809],[74.028,33.776],[74,33.753],[73.966,33.74],[73.956,33.72],[73.976,33.694],[74,33.624],[74.028,33.575],[74.054,33.565],[74.088,33.573],[74.123,33.543],[74.178,33.482],[74.187,33.456],[74.179,33.426],[74.185,33.384],[74.167,33.344],[74.103,33.271],[74.079,33.26],[74.024,33.262],[74.013,33.25],[74.014,33.198],[74.026,33.189],[74.083,33.181],[74.112,33.164],[74.176,33.107],[74.205,33.043],[74.255,33.049],[74.352,33.013],[74.346,32.966],[74.321,32.941],[74.318,32.92],[74.348,32.908],[74.414,32.904],[74.429,32.88],[74.43,32.845],[74.466,32.781],[74.532,32.741],[74.567,32.755],[74.614,32.758],[74.642,32.792],[74.642,32.823],[74.681,32.838],[74.7,32.827],[74.668,32.767],[74.65,32.718],[74.654,32.692],[74.676,32.666],[74.642,32.611],[74.652,32.56],[74.681,32.538],[74.679,32.515],[74.698,32.485],[74.799,32.484],[74.819,32.496],[74.856,32.493],[74.9,32.466],[74.934,32.468],[74.949,32.454],[74.988,32.45],[75.03,32.492],[75.083,32.48],[75.148,32.413],[75.18,32.425],[75.2,32.402],[75.232,32.399],[75.322,32.337],[75.332,32.345],[75.379,32.329],[75.415,32.324],[75.474,32.339],[75.468,32.318],[75.516,32.298],[75.524,32.34],[75.545,32.361],[75.593,32.382],[75.648,32.389],[75.712,32.418],[75.746,32.476],[75.779,32.475],[75.804,32.487],[75.838,32.538],[75.873,32.576],[75.924,32.644],[75.899,32.681],[75.912,32.757],[75.874,32.814],[75.821,32.843],[75.795,32.87],[75.787,32.893],[75.808,32.93],[75.867,32.93],[75.9,32.916],[75.934,32.884],[76.017,32.918],[76.082,32.969],[76.094,33.005],[76.152,33.023],[76.237,33.033],[76.255,33.052],[76.275,33.104],[76.359,33.158],[76.385,33.183],[76.469,33.18],[76.496,33.196],[76.547,33.21],[76.586,33.204],[76.6,33.174],[76.627,33.162],[76.697,33.181],[76.73,33.179],[76.76,33.225],[76.764,33.254],[76.797,33.241],[76.822,33.248],[76.798,33.173],[76.803,33.156],[76.853,33.112],[76.877,33.114],[76.918,33.034],[76.962,33.014],[76.998,32.99],[77.035,33],[77.075,32.973],[77.103,32.987],[77.136,32.98],[77.136,32.958],[77.157,32.913],[77.182,32.915],[77.228,32.896],[77.289,32.853],[77.305,32.854],[77.322,32.822],[77.356,32.825],[77.359,32.856],[77.379,32.881],[77.426,32.884],[77.455,32.862],[77.485,32.887],[77.52,32.887],[77.582,32.939],[77.613,32.941],[77.653,32.959],[77.665,32.986],[77.712,32.972],[77.79,32.905],[77.761,32.865],[77.825,32.84],[77.861,32.816],[77.867,32.79],[77.918,32.757],[77.903,32.693],[77.92,32.68],[77.977,32.592],[78.036,32.592],[78.044,32.629],[78.067,32.626],[78.093,32.662],[78.116,32.642],[78.136,32.67],[78.17,32.677],[78.184,32.664],[78.225,32.676],[78.237,32.695],[78.296,32.713],[78.288,32.738],[78.345,32.763],[78.373,32.76],[78.378,32.719],[78.363,32.672],[78.371,32.638],[78.389,32.623],[78.332,32.585],[78.297,32.578],[78.299,32.529],[78.279,32.508],[78.31,32.476],[78.382,32.53],[78.411,32.512]]]},"properties":{"NAME_1":"Jammu and Kashmir"}},
{"type":"Feature","geometry":{"type":"Polygon","coordinates":[[[87.788,25.22],[87.783,25.246],[87.708,25.256],[87.684,25.31],[87.607,25.311],[87.567,25.334],[87.547,25.331],[87.538,25.296],[87.482,25.295],[87.496,25.265],[87.473,25.241],[87.472,25.195],[87.455,25.198],[87.392,25.228],[87.368,25.207],[87.323,25.223],[87.308,25.15],[87.298,25.135],[87.291,25.089],[87.259,25.105],[87.234,25.086],[87.211,25.09],[87.177,25.064],[87.144,25.011],[87.154,24.991],[87.148,24.918],[87.158,24.886],[87.147,24.862],[87.106,24.847],[87.077,24.808],[87.083,24.779],[87.075,24.745],[87.082,24.725],[87.055,24.671],[87.044,24.624],[87.05,24.607],[87.01,24.606],[86.966,24.632],[86.936,24.63],[86.898,24.587],[86.855,24.55],[86.837,24.568],[86.809,24.564],[86.806,24.595],[86.792,24.615],[86.754,24.615],[86.746,24.59],[86.668,24.561],[86.646,24.567],[86.6,24.599],[86.583,24.573],[86.555,24.559],[86.547,24.535],[86.524,24.536],[86.49,24.484],[86.489,24.425],[86.466,24.422],[86.462,24.377],[86.446,24.368],[86.416,24.379],[86.373,24.416],[86.354,24.442],[86.319,24.44],[86.294,24.476],[86.312,24.508],[86.301,24.532],[86.304,24.558],[86.293,24.586],[86.216,24.591],[86.166,24.584],[86.126,24.612],[86.118,24.642],[86.134,24.676],[86.106,24.736],[86.063,24.752],[86.048,24.778],[86.006,24.766],[85.95,24.732],[85.911,24.754],[85.878,24.8],[85.827,24.81],[85.811,24.794],[85.777,24.799],[85.737,24.823],[85.704,24.757],[85.705,24.729],[85.66,24.675],[85.672,24.619],[85.665,24.582],[85.609,24.585],[85.577,24.603],[85.561,24.584],[85.568,24.565],[85.54,24.55],[85.534,24.532],[85.504,24.53],[85.494,24.551],[85.433,24.536],[85.403,24.545],[85.383,24.533],[85.279,24.519],[85.282,24.497],[85.254,24.498],[85.224,24.471],[85.153,24.464],[85.169,24.429],[85.115,24.409],[85.092,24.382],[85.065,24.387],[85.075,24.408],[85.032,24.425],[84.99,24.412],[84.969,24.376],[84.903,24.372],[84.863,24.458],[84.827,24.47],[84.833,24.511],[84.819,24.525],[84.784,24.518],[84.78,24.505],[84.742,24.496],[84.725,24.473],[84.679,24.456],[84.658,24.394],[84.601,24.401],[84.572,24.412],[84.546,24.374],[84.522,24.376],[84.517,24.334],[84.494,24.287],[84.465,24.308],[84.455,24.339],[84.417,24.331],[84.423,24.359],[84.395,24.368],[84.382,24.39],[84.336,24.396],[84.33,24.431],[84.293,24.451],[84.294,24.481],[84.322,24.49],[84.319,24.522],[84.293,24.566],[84.269,24.564],[84.258,24.538],[84.221,24.55],[84.173,24.542],[84.154,24.518],[84.11,24.481],[84.089,24.504],[84.09,24.534],[84.06,24.577],[84.047,24.612],[84.024,24.629],[83.992,24.638],[83.972,24.597],[83.928,24.548],[83.868,24.533],[83.858,24.538],[83.799,24.53],[83.749,24.511],[83.717,24.505],[83.682,24.516],[83.6,24.513],[83.542,24.526],[83.498,24.527],[83.426,24.513],[83.393,24.501],[83.381,24.456],[83.401,24.437],[83.399,24.412],[83.43,24.404],[83.443,24.373],[83.434,24.347],[83.403,24.337],[83.376,24.313],[83.396,24.293],[83.402,24.266],[83.377,24.231],[83.378,24.201],[83.349,24.126],[83.324,24.101],[83.383,24.1],[83.401,24.082],[83.425,24.084],[83.448,24.042],[83.51,24.025],[83.512,23.967],[83.539,23.934],[83.549,23.893],[83.57,23.89],[83.581,23.862],[83.656,23.844],[83.672,23.82],[83.696,23.808],[83.729,23.755],[83.732,23.705],[83.715,23.683],[83.752,23.649],[83.775,23.6],[83.821,23.585],[83.935,23.563],[83.93,23.594],[83.938,23.622],[83.975,23.631],[84.002,23.62],[84.02,23.6],[84.023,23.544],[84.009,23.5],[83.997,23.493],[83.97,23.448],[83.979,23.427],[83.967,23.374],[84.007,23.353],[84.021,23.375],[84.043,23.374],[84.07,23.33],[84.05,23.241],[84.056,23.196],[84.029,23.154],[84.034,23.138],[84.067,23.107],[84.088,23.109],[84.131,23.063],[84.125,23.031],[84.144,22.988],[84.168,22.971],[84.179,23.023],[84.217,22.976],[84.279,22.961],[84.332,22.979],[84.371,22.975],[84.389,22.939],[84.376,22.874],[84.32,22.849],[84.31,22.799],[84.29,22.787],[84.285,22.763],[84.26,22.765],[84.225,22.735],[84.232,22.689],[84.215,22.665],[84.197,22.664],[84.15,22.634],[84.08,22.637],[84.048,22.594],[84.021,22.587],[84.005,22.57],[84.003,22.521],[84.058,22.51],[84.106,22.474],[84.137,22.467],[84.136,22.421],[84.152,22.401],[84.194,22.372],[84.247,22.374],[84.266,22.348],[84.289,22.337],[84.372,22.349],[84.394,22.344],[84.426,22.352],[84.448,22.379],[84.473,22.383],[84.474,22.402],[84.502,22.415],[84.632,22.429],[84.662,22.414],[84.744,22.415],[84.753,22.442],[84.801,22.444],[84.836,22.428],[84.878,22.443],[84.88,22.418],[84.908,22.42],[84.917,22.434],[84.96,22.444],[85.051,22.479],[85.073,22.473],[85.057,22.445],[85.075,22.413],[85.083,22.378],[85.074,22.349],[85.093,22.341],[85.086,22.317],[85.114,22.314],[85.105,22.291],[85.071,22.272],[85.069,22.231],[85.025,22.154],[85.024,22.112],[84.98,22.091],[85.002,22.08],[85.02,22.103],[85.044,22.111],[85.099,22.096],[85.119,22.066],[85.141,22.074],[85.211,22.043],[85.215,22.011],[85.241,22.013],[85.274,22.08],[85.323,22.125],[85.362,22.125],[85.363,22.155],[85.41,22.156],[85.457,22.136],[85.486,22.116],[85.591,22.074],[85.645,22.09],[85.682,22.049],[85.722,22.058],[85.802,22.111],[85.831,22.077],[85.788,22.077],[85.77,22.051],[85.779,22.036],[85.756,22.008],[85.761,21.99],[85.784,21.979],[85.894,21.978],[85.929,22.019],[85.943,22.019],[86.003,22.113],[85.995,22.132],[86.027,22.185],[85.97,22.243],[86.018,22.305],[86.02,22.329],[85.993,22.338],[86.017,22.362],[86.021,22.382],[86.009,22.424],[85.993,22.422],[85.954,22.456],[85.969,22.5],[85.996,22.509],[86.028,22.534],[86.038,22.564],[86.069,22.543],[86.101,22.49],[86.202,22.47],[86.22,22.449],[86.265,22.44],[86.288,22.425],[86.353,22.345],[86.424,22.306],[86.5,22.341],[86.525,22.303],[86.578,22.298],[86.59,22.282],[86.646,22.261],[86.648,22.236],[86.682,22.22],[86.723,22.215],[86.748,22.208],[86.791,22.218],[86.82,22.261],[86.886,22.252],[86.888,22.281],[86.873,22.299],[86.829,22.325],[86.844,22.396],[86.805,22.416],[86.764,22.423],[86.745,22.471],[86.789,22.475],[86.784,22.544],[86.765,22.551],[86.756,22.574],[86.706,22.58],[86.652,22.576],[86.634,22.597],[86.637,22.655],[86.618,22.673],[86.581,22.689],[86.55,22.711],[86.479,22.722],[86.454,22.76],[86.416,22.777],[86.434,22.829],[86.433,22.86],[86.463,22.897],[86.432,22.916],[86.47,22.947],[86.487,22.936],[86.512,22.966],[86.497,22.99],[86.463,22.985],[86.416,22.995],[86.393,22.974],[86.36,22.997],[86.332,22.989],[86.279,23.011],[86.261,22.996],[86.212,22.992],[86.201,23.015],[86.176,23.013],[86.135,23.063],[86.138,23.08],[86.116,23.094],[86.092,23.091],[86.044,23.112],[86.037,23.144],[85.982,23.146],[85.944,23.129],[85.915,23.13],[85.877,23.159],[85.858,23.194],[85.835,23.192],[85.826,23.263],[85.861,23.303],[85.872,23.33],[85.866,23.365],[85.896,23.377],[85.878,23.408],[85.863,23.41],[85.86,23.451],[85.874,23.476],[85.906,23.472],[85.938,23.455],[86.02,23.488],[86.041,23.49],[86.011,23.561],[86.037,23.583],[86.139,23.57],[86.153,23.552],[86.143,23.527],[86.155,23.504],[86.143,23.477],[86.179,23.475],[86.221,23.456],[86.225,23.436],[86.3,23.444],[86.352,23.464],[86.358,23.543],[86.406,23.588],[86.445,23.632],[86.481,23.635],[86.529,23.629],[86.591,23.662],[86.649,23.683],[86.711,23.697],[86.738,23.678],[86.792,23.687],[86.817,23.776],[86.798,23.798],[86.844,23.822],[86.895,23.88],[86.924,23.866],[86.943,23.843],[86.963,23.865],[87.034,23.837],[87.057,23.816],[87.106,23.8],[87.149,23.794],[87.166,23.82],[87.13,23.851],[87.136,23.868],[87.187,23.857],[87.222,23.858],[87.22,23.827],[87.246,23.828],[87.244,23.9],[87.265,23.875],[87.293,23.89],[87.285,23.934],[87.292,23.956],[87.26,23.97],[87.233,24.025],[87.244,24.042],[87.274,24.032],[87.332,24.031],[87.315,24.004],[87.337,23.995],[87.357,24.009],[87.39,24.002],[87.439,23.978],[87.471,24.011],[87.501,24.022],[87.491,24.052],[87.497,24.116],[87.539,24.088],[87.57,24.088],[87.582,24.123],[87.605,24.132],[87.58,24.162],[87.628,24.163],[87.641,24.155],[87.69,24.15],[87.697,24.175],[87.671,24.206],[87.638,24.212],[87.647,24.249],[87.681,24.246],[87.727,24.286],[87.756,24.304],[87.761,24.333],[87.798,24.382],[87.788,24.432],[87.818,24.468],[87.799,24.492],[87.796,24.562],[87.848,24.551],[87.887,24.563],[87.91,24.594],[87.902,24.613],[87.912,24.662],[87.886,24.678],[87.901,24.722],[87.84,24.738],[87.865,24.774],[87.898,24.843],[87.911,24.856],[87.967,24.881],[87.973,24.896],[87.962,24.936],[87.906,24.986],[87.903,24.998],[87.864,25.04],[87.793,25.076],[87.773,25.099],[87.771,25.152],[87.788,25.22]]]},"properties":{"NAME_1":"Jharkhand"}},
{"type":"Feature","geometry":{"type":"Polygon","coordinates":[[[77.55,18.291],[77.52,18.307],[77.513,18.282],[77.465,18.26],[77.437,18.282],[77.436,18.306],[77.408,18.3],[77.363,18.308],[77.393,18.341],[77.4,18.398],[77.37,18.401],[77.364,18.43],[77.313,18.439],[77.24,18.409],[77.227,18.345],[77.21,18.314],[77.206,18.278],[77.178,18.282],[77.157,18.253],[77.139,18.207],[77.096,18.195],[77.116,18.168],[77.109,18.153],[77.058,18.152],[77.049,18.173],[77.024,18.163],[76.998,18.167],[76.991,18.187],[76.954,18.185],[76.923,18.116],[76.953,18.11],[76.952,18.038],[76.918,18.033],[76.92,17.985],[76.913,17.937],[76.881,17.893],[76.854,17.898],[76.775,17.877],[76.766,17.898],[76.741,17.898],[76.737,17.857],[76.766,17.851],[76.788,17.826],[76.776,17.799],[76.739,17.779],[76.719,17.785],[76.718,17.748],[76.692,17.705],[76.691,17.68],[76.663,17.688],[76.655,17.716],[76.631,17.729],[76.627,17.756],[76.604,17.756],[76.587,17.708],[76.569,17.704],[76.56,17.763],[76.524,17.759],[76.524,17.715],[76.486,17.714],[76.485,17.67],[76.429,17.644],[76.416,17.604],[76.332,17.595],[76.34,17.543],[76.361,17.536],[76.346,17.511],[76.35,17.472],[76.331,17.469],[76.334,17.432],[76.373,17.434],[76.362,17.375],[76.408,17.369],[76.411,17.348],[76.382,17.312],[76.352,17.311],[76.344,17.35],[76.317,17.329],[76.276,17.331],[76.27,17.357],[76.229,17.363],[76.183,17.357],[76.163,17.341],[76.121,17.366],[76.102,17.362],[76.079,17.33],[76.063,17.352],[76.015,17.351],[76,17.338],[75.931,17.324],[75.894,17.354],[75.894,17.406],[75.859,17.389],[75.856,17.408],[75.822,17.42],[75.811,17.37],[75.782,17.379],[75.77,17.407],[75.737,17.422],[75.708,17.408],[75.691,17.413],[75.681,17.454],[75.636,17.478],[75.615,17.422],[75.616,17.392],[75.579,17.383],[75.584,17.351],[75.613,17.342],[75.606,17.303],[75.632,17.272],[75.657,17.271],[75.664,17.214],[75.631,17.186],[75.631,17.16],[75.674,17.114],[75.681,17.071],[75.648,17.047],[75.672,17.036],[75.669,16.983],[75.678,16.964],[75.645,16.951],[75.611,16.97],[75.61,17.003],[75.57,17.006],[75.57,16.964],[75.53,16.966],[75.493,16.945],[75.49,16.965],[75.468,16.985],[75.431,16.963],[75.395,16.976],[75.345,16.953],[75.285,16.954],[75.283,16.874],[75.268,16.861],[75.241,16.863],[75.23,16.841],[75.183,16.842],[75.172,16.865],[75.141,16.874],[75.138,16.893],[75.095,16.921],[75.094,16.947],[75.048,16.939],[75.004,16.946],[74.986,16.929],[74.927,16.926],[74.953,16.906],[74.949,16.88],[74.912,16.856],[74.916,16.786],[74.924,16.77],[74.855,16.771],[74.85,16.76],[74.779,16.749],[74.737,16.716],[74.698,16.715],[74.696,16.675],[74.672,16.664],[74.661,16.638],[74.694,16.615],[74.641,16.582],[74.574,16.552],[74.56,16.56],[74.55,16.592],[74.551,16.633],[74.496,16.628],[74.477,16.661],[74.465,16.653],[74.472,16.605],[74.441,16.599],[74.429,16.583],[74.403,16.579],[74.396,16.536],[74.385,16.527],[74.332,16.554],[74.307,16.529],[74.277,16.521],[74.295,16.474],[74.322,16.45],[74.339,16.452],[74.343,16.4],[74.324,16.354],[74.334,16.341],[74.349,16.291],[74.38,16.294],[74.391,16.276],[74.421,16.281],[74.423,16.257],[74.484,16.247],[74.508,16.223],[74.513,16.188],[74.498,16.181],[74.491,16.142],[74.497,16.112],[74.489,16.087],[74.435,16.111],[74.404,16.091],[74.371,16.06],[74.39,16.035],[74.44,16.057],[74.468,16.047],[74.464,16.023],[74.435,15.951],[74.392,15.901],[74.399,15.874],[74.37,15.876],[74.354,15.848],[74.387,15.847],[74.369,15.812],[74.376,15.797],[74.351,15.763],[74.292,15.739],[74.274,15.753],[74.244,15.744],[74.217,15.779],[74.197,15.75],[74.168,15.749],[74.135,15.722],[74.142,15.7],[74.126,15.65],[74.173,15.652],[74.175,15.67],[74.224,15.65],[74.255,15.654],[74.267,15.617],[74.254,15.566],[74.273,15.554],[74.287,15.526],[74.256,15.49],[74.283,15.443],[74.276,15.424],[74.29,15.381],[74.328,15.367],[74.323,15.33],[74.342,15.293],[74.277,15.274],[74.264,15.242],[74.302,15.228],[74.322,15.184],[74.29,15.143],[74.293,15.12],[74.281,15.102],[74.287,15.069],[74.302,15.04],[74.289,15.03],[74.29,15.022],[74.282,15.016],[74.271,14.999],[74.272,14.998],[74.274,14.975],[74.267,14.967],[74.262,14.958],[74.251,14.961],[74.244,14.957],[74.219,14.931],[74.203,14.927],[74.204,14.938],[74.197,14.943],[74.17,14.947],[74.17,14.942],[74.166,14.937],[74.175,14.916],[74.175,14.909],[74.146,14.917],[74.133,14.916],[74.104,14.904],[74.099,14.88],[74.125,14.837],[74.126,14.816],[74.093,14.803],[74.11,14.785],[74.143,14.778],[74.159,14.754],[74.193,14.735],[74.25,14.74],[74.282,14.678],[74.284,14.631],[74.273,14.627],[74.311,14.552],[74.316,14.519],[74.354,14.521],[74.35,14.544],[74.369,14.558],[74.383,14.537],[74.361,14.52],[74.36,14.502],[74.393,14.419],[74.405,14.372],[74.413,14.317],[74.453,14.202],[74.474,14.169],[74.502,14.023],[74.515,13.986],[74.55,13.948],[74.567,13.949],[74.591,13.907],[74.609,13.862],[74.628,13.786],[74.651,13.668],[74.662,13.655],[74.681,13.549],[74.694,13.454],[74.698,13.353],[74.714,13.335],[74.733,13.237],[74.758,13.151],[74.797,12.973],[74.821,12.853],[74.867,12.754],[74.895,12.756],[74.954,12.779],[74.971,12.773],[75.005,12.785],[75.009,12.76],[74.992,12.738],[75.003,12.714],[75.05,12.715],[75.048,12.66],[75.113,12.676],[75.161,12.664],[75.15,12.642],[75.155,12.62],[75.201,12.625],[75.214,12.573],[75.238,12.564],[75.277,12.612],[75.301,12.599],[75.271,12.554],[75.281,12.518],[75.305,12.517],[75.321,12.491],[75.336,12.485],[75.341,12.465],[75.341,12.456],[75.373,12.477],[75.377,12.486],[75.381,12.491],[75.387,12.492],[75.397,12.498],[75.404,12.49],[75.414,12.497],[75.424,12.466],[75.415,12.454],[75.403,12.448],[75.392,12.445],[75.367,12.452],[75.369,12.446],[75.366,12.407],[75.394,12.38],[75.401,12.376],[75.403,12.373],[75.419,12.37],[75.421,12.362],[75.414,12.344],[75.411,12.338],[75.423,12.308],[75.43,12.3],[75.419,12.286],[75.431,12.292],[75.441,12.29],[75.467,12.295],[75.493,12.267],[75.494,12.265],[75.504,12.263],[75.511,12.253],[75.513,12.249],[75.519,12.236],[75.52,12.233],[75.523,12.229],[75.525,12.22],[75.538,12.207],[75.533,12.199],[75.54,12.192],[75.544,12.192],[75.551,12.184],[75.564,12.167],[75.583,12.15],[75.591,12.143],[75.595,12.145],[75.608,12.149],[75.627,12.145],[75.629,12.142],[75.637,12.14],[75.643,12.131],[75.662,12.091],[75.673,12.091],[75.692,12.103],[75.7,12.088],[75.707,12.083],[75.714,12.069],[75.717,12.062],[75.763,12.079],[75.795,12.074],[75.8,12.03],[75.828,12.003],[75.824,11.984],[75.877,11.941],[75.976,11.925],[76.03,11.933],[76.073,11.961],[76.108,11.971],[76.108,11.851],[76.184,11.864],[76.203,11.849],[76.206,11.82],[76.219,11.8],[76.275,11.801],[76.3,11.776],[76.311,11.744],[76.335,11.731],[76.372,11.736],[76.404,11.75],[76.419,11.722],[76.403,11.707],[76.402,11.683],[76.423,11.659],[76.451,11.655],[76.504,11.698],[76.54,11.671],[76.554,11.613],[76.608,11.6],[76.626,11.604],[76.751,11.607],[76.817,11.597],[76.836,11.584],[76.851,11.602],[76.83,11.629],[76.83,11.649],[76.854,11.699],[76.881,11.725],[76.888,11.766],[76.9,11.783],[76.944,11.781],[76.96,11.765],[76.975,11.791],[77.004,11.803],[77.041,11.778],[77.076,11.724],[77.096,11.723],[77.114,11.762],[77.19,11.783],[77.227,11.784],[77.242,11.802],[77.285,11.798],[77.326,11.759],[77.355,11.778],[77.382,11.776],[77.412,11.762],[77.431,11.772],[77.456,11.839],[77.454,11.891],[77.476,11.89],[77.49,11.93],[77.524,11.921],[77.548,11.931],[77.573,11.924],[77.637,11.94],[77.664,11.953],[77.689,12.01],[77.72,12.053],[77.746,12.069],[77.767,12.109],[77.74,12.129],[77.726,12.167],[77.655,12.188],[77.604,12.195],[77.556,12.187],[77.539,12.194],[77.511,12.184],[77.466,12.202],[77.463,12.236],[77.47,12.262],[77.493,12.273],[77.518,12.27],[77.556,12.297],[77.569,12.324],[77.604,12.354],[77.616,12.405],[77.625,12.477],[77.579,12.507],[77.57,12.558],[77.582,12.605],[77.598,12.621],[77.59,12.658],[77.654,12.674],[77.668,12.651],[77.695,12.651],[77.704,12.674],[77.75,12.687],[77.758,12.729],[77.785,12.745],[77.772,12.76],[77.788,12.781],[77.801,12.821],[77.826,12.859],[77.882,12.858],[77.914,12.874],[77.928,12.85],[77.909,12.822],[77.933,12.813],[77.958,12.836],[77.981,12.81],[78.022,12.841],[78.065,12.83],[78.086,12.803],[78.114,12.787],[78.121,12.77],[78.221,12.753],[78.229,12.762],[78.242,12.812],[78.241,12.847],[78.263,12.857],[78.303,12.847],[78.316,12.893],[78.327,12.889],[78.345,12.928],[78.378,12.895],[78.388,12.906],[78.417,12.889],[78.436,12.901],[78.421,12.924],[78.423,12.969],[78.458,12.963],[78.461,12.979],[78.452,13.032],[78.505,13.053],[78.514,13.085],[78.509,13.12],[78.535,13.131],[78.539,13.152],[78.569,13.156],[78.553,13.189],[78.56,13.233],[78.577,13.262],[78.567,13.272],[78.501,13.277],[78.47,13.294],[78.436,13.298],[78.429,13.317],[78.391,13.304],[78.397,13.332],[78.355,13.355],[78.371,13.391],[78.363,13.452],[78.367,13.495],[78.398,13.566],[78.38,13.581],[78.344,13.578],[78.312,13.584],[78.25,13.574],[78.194,13.595],[78.194,13.616],[78.161,13.623],[78.146,13.65],[78.08,13.65],[78.066,13.664],[78.105,13.684],[78.109,13.71],[78.085,13.733],[78.118,13.777],[78.108,13.804],[78.117,13.822],[78.106,13.854],[78.075,13.855],[78.071,13.872],[78.041,13.887],[78.038,13.853],[77.985,13.862],[77.966,13.82],[77.948,13.825],[77.942,13.871],[77.978,13.893],[77.974,13.924],[77.951,13.928],[77.912,13.897],[77.862,13.927],[77.814,13.931],[77.806,13.918],[77.828,13.861],[77.803,13.841],[77.774,13.832],[77.769,13.809],[77.728,13.802],[77.696,13.761],[77.67,13.777],[77.614,13.76],[77.582,13.731],[77.548,13.72],[77.54,13.744],[77.52,13.744],[77.528,13.707],[77.48,13.703],[77.476,13.678],[77.45,13.676],[77.445,13.696],[77.463,13.744],[77.451,13.786],[77.409,13.799],[77.425,13.827],[77.373,13.831],[77.352,13.844],[77.32,13.826],[77.307,13.857],[77.25,13.839],[77.24,13.894],[77.225,13.895],[77.193,13.856],[77.175,13.861],[77.182,13.901],[77.156,13.9],[77.165,13.866],[77.139,13.859],[77.162,13.815],[77.154,13.801],[77.171,13.772],[77.167,13.755],[77.124,13.751],[77.095,13.761],[77.06,13.739],[77.035,13.769],[77.02,13.77],[77.011,13.733],[76.993,13.743],[76.969,13.81],[77.006,13.85],[77.017,13.893],[77.041,13.897],[77.036,13.926],[76.989,13.957],[76.994,13.981],[76.931,14.023],[76.938,14.048],[76.972,14.052],[76.968,14.08],[76.951,14.085],[76.943,14.112],[76.884,14.131],[76.891,14.159],[76.917,14.158],[76.958,14.176],[77.02,14.173],[77.01,14.092],[77.024,14.083],[77.024,14.053],[77.091,14.038],[77.121,14.042],[77.134,13.998],[77.154,13.991],[77.171,14.009],[77.195,14.003],[77.243,14.006],[77.272,14.028],[77.279,14.007],[77.313,14.025],[77.333,13.988],[77.354,13.982],[77.344,13.951],[77.363,13.942],[77.343,13.912],[77.348,13.897],[77.419,13.895],[77.408,13.936],[77.429,13.943],[77.421,13.977],[77.387,13.974],[77.383,14.007],[77.326,14.023],[77.338,14.054],[77.372,14.072],[77.395,14.103],[77.39,14.119],[77.352,14.105],[77.348,14.124],[77.377,14.13],[77.39,14.165],[77.463,14.164],[77.5,14.151],[77.51,14.172],[77.49,14.228],[77.499,14.261],[77.479,14.284],[77.444,14.278],[77.442,14.31],[77.395,14.329],[77.375,14.295],[77.401,14.26],[77.415,14.203],[77.384,14.192],[77.377,14.217],[77.355,14.23],[77.359,14.269],[77.28,14.276],[77.281,14.331],[77.245,14.315],[77.196,14.314],[77.152,14.338],[77.132,14.331],[77.126,14.302],[77.112,14.288],[77.11,14.221],[77.075,14.209],[77.05,14.24],[77.004,14.232],[76.938,14.24],[76.925,14.272],[76.944,14.282],[76.943,14.305],[76.899,14.319],[76.879,14.351],[76.883,14.39],[76.913,14.414],[76.942,14.4],[76.944,14.445],[76.959,14.445],[76.973,14.478],[76.907,14.484],[76.88,14.471],[76.864,14.475],[76.844,14.509],[76.8,14.528],[76.778,14.579],[76.761,14.596],[76.771,14.674],[76.798,14.735],[76.78,14.779],[76.834,14.785],[76.84,14.83],[76.86,14.891],[76.864,14.964],[76.841,14.961],[76.764,14.97],[76.757,14.983],[76.785,15.017],[76.773,15.065],[76.797,15.091],[76.861,15.057],[76.877,15.029],[76.914,15.031],[76.951,15.024],[76.967,15.013],[77.001,15.03],[77.047,15.029],[77.041,15.005],[77.079,15],[77.082,15.022],[77.11,15.029],[77.126,15.068],[77.128,15.094],[77.148,15.107],[77.164,15.168],[77.141,15.218],[77.148,15.286],[77.115,15.29],[77.11,15.327],[77.069,15.319],[77.063,15.338],[77.038,15.359],[77.044,15.384],[77.029,15.401],[77.027,15.435],[77.006,15.448],[76.97,15.491],[77.027,15.5],[77.024,15.576],[77.027,15.629],[77.069,15.641],[77.081,15.653],[77.116,15.625],[77.125,15.659],[77.076,15.691],[77.076,15.721],[77.047,15.725],[77.047,15.751],[77.062,15.778],[77.064,15.823],[77.028,15.826],[77.033,15.853],[77.077,15.91],[77.143,15.941],[77.181,15.95],[77.249,15.958],[77.282,15.947],[77.354,15.944],[77.376,15.933],[77.426,15.942],[77.467,15.928],[77.509,15.921],[77.515,15.963],[77.51,16.002],[77.491,16.031],[77.503,16.073],[77.487,16.116],[77.484,16.159],[77.495,16.187],[77.488,16.25],[77.501,16.268],[77.524,16.27],[77.591,16.312],[77.584,16.328],[77.535,16.353],[77.519,16.37],[77.481,16.378],[77.438,16.374],[77.412,16.363],[77.373,16.38],[77.353,16.377],[77.285,16.403],[77.264,16.43],[77.252,16.468],[77.324,16.481],[77.366,16.484],[77.381,16.512],[77.415,16.518],[77.421,16.565],[77.456,16.581],[77.454,16.607],[77.471,16.644],[77.433,16.638],[77.417,16.663],[77.465,16.678],[77.469,16.709],[77.423,16.715],[77.437,16.763],[77.467,16.777],[77.472,16.796],[77.457,16.824],[77.46,16.844],[77.453,16.909],[77.468,16.917],[77.464,16.953],[77.479,16.968],[77.478,16.99],[77.499,17.007],[77.463,17.104],[77.404,17.123],[77.376,17.138],[77.36,17.162],[77.38,17.22],[77.455,17.276],[77.434,17.288],[77.456,17.345],[77.521,17.362],[77.51,17.427],[77.533,17.441],[77.573,17.43],[77.573,17.454],[77.611,17.444],[77.611,17.47],[77.648,17.481],[77.684,17.473],[77.688,17.499],[77.657,17.521],[77.621,17.522],[77.592,17.533],[77.585,17.558],[77.548,17.549],[77.527,17.573],[77.502,17.541],[77.49,17.566],[77.44,17.581],[77.451,17.632],[77.446,17.657],[77.458,17.699],[77.494,17.716],[77.539,17.725],[77.562,17.747],[77.554,17.761],[77.504,17.783],[77.526,17.827],[77.554,17.83],[77.567,17.866],[77.592,17.879],[77.585,17.908],[77.617,17.903],[77.62,17.944],[77.644,17.946],[77.653,17.969],[77.607,18.018],[77.553,18.035],[77.546,18.054],[77.567,18.076],[77.597,18.084],[77.598,18.152],[77.579,18.162],[77.57,18.189],[77.585,18.217],[77.573,18.241],[77.603,18.278],[77.55,18.291]]]},"properties":{"NAME_1":"Karnataka"}},
{"type":"Feature","geometry":{"type":"Polygon","coordinates":[[[75.321,12.491],[75.305,12.517],[75.281,12.518],[75.271,12.554],[75.301,12.599],[75.277,12.612],[75.238,12.564],[75.214,12.573],[75.201,12.625],[75.155,12.62],[75.15,12.642],[75.161,12.664],[75.113,12.676],[75.048,12.66],[75.05,12.715],[75.003,12.714],[74.992,12.738],[75.009,12.76],[75.005,12.785],[74.971,12.773],[74.954,12.779],[74.895,12.756],[74.867,12.754],[74.884,12.71],[74.91,12.656],[74.973,12.499],[75.015,12.417],[75.045,12.379],[75.072,12.32],[75.118,12.206],[75.137,12.185],[75.171,12.115],[75.187,12.037],[75.205,12.005],[75.231,12.024],[75.227,12.044],[75.224,12.054],[75.221,12.101],[75.237,12.11],[75.241,12.109],[75.247,12.104],[75.256,12.109],[75.266,12.104],[75.278,12.102],[75.284,12.115],[75.31,12.132],[75.311,12.136],[75.321,12.144],[75.325,12.145],[75.346,12.139],[75.367,12.135],[75.372,12.146],[75.378,12.146],[75.389,12.146],[75.4,12.141],[75.402,12.134],[75.392,12.126],[75.382,12.129],[75.379,12.122],[75.369,12.121],[75.352,12.109],[75.336,12.099],[75.33,12.103],[75.32,12.107],[75.309,12.103],[75.315,12.088],[75.297,12.064],[75.301,12.058],[75.305,12.053],[75.312,12.049],[75.3,12.015],[75.279,12.022],[75.265,12.007],[75.291,11.986],[75.303,11.962],[75.301,11.94],[75.368,11.852],[75.378,11.859],[75.442,11.797],[75.454,11.77],[75.473,11.763],[75.53,11.705],[75.555,11.654],[75.618,11.489],[75.681,11.45],[75.737,11.348],[75.773,11.242],[75.802,11.163],[75.833,11.105],[75.877,10.944],[75.91,10.792],[76,10.589],[76.08,10.428],[76.113,10.343],[76.137,10.259],[76.182,10.131],[76.224,9.977],[76.243,9.984],[76.239,10.03],[76.203,10.133],[76.221,10.126],[76.259,10.087],[76.251,10.054],[76.273,10.015],[76.27,9.99],[76.293,9.942],[76.314,9.913],[76.319,9.889],[76.343,9.885],[76.354,9.911],[76.386,9.841],[76.387,9.811],[76.369,9.794],[76.391,9.742],[76.383,9.705],[76.414,9.697],[76.403,9.647],[76.43,9.612],[76.418,9.56],[76.501,9.529],[76.357,9.525],[76.353,9.54],[76.367,9.611],[76.391,9.658],[76.391,9.68],[76.365,9.696],[76.372,9.742],[76.36,9.797],[76.371,9.817],[76.343,9.835],[76.33,9.873],[76.288,9.891],[76.27,9.866],[76.258,9.899],[76.286,9.902],[76.293,9.922],[76.268,9.932],[76.26,9.962],[76.237,9.965],[76.261,9.878],[76.284,9.75],[76.3,9.586],[76.311,9.523],[76.329,9.448],[76.352,9.378],[76.46,9.141],[76.518,9.018],[76.541,8.915],[76.568,8.879],[76.593,8.874],[76.619,8.85],[76.68,8.773],[76.705,8.734],[76.889,8.505],[76.963,8.417],[76.979,8.382],[77.016,8.357],[77.091,8.297],[77.122,8.323],[77.15,8.322],[77.157,8.345],[77.154,8.377],[77.18,8.409],[77.189,8.435],[77.21,8.438],[77.191,8.488],[77.206,8.504],[77.223,8.488],[77.248,8.501],[77.265,8.537],[77.252,8.571],[77.228,8.598],[77.228,8.613],[77.198,8.641],[77.179,8.7],[77.177,8.735],[77.215,8.776],[77.217,8.797],[77.247,8.832],[77.24,8.868],[77.206,8.893],[77.18,8.947],[77.132,9.012],[77.154,9.037],[77.18,9.045],[77.196,9.088],[77.233,9.118],[77.252,9.143],[77.25,9.19],[77.267,9.209],[77.259,9.224],[77.267,9.291],[77.321,9.351],[77.322,9.406],[77.352,9.45],[77.372,9.445],[77.396,9.497],[77.351,9.526],[77.351,9.54],[77.321,9.567],[77.304,9.593],[77.261,9.567],[77.223,9.573],[77.186,9.606],[77.156,9.602],[77.166,9.648],[77.192,9.686],[77.19,9.716],[77.208,9.722],[77.21,9.78],[77.234,9.789],[77.219,9.813],[77.224,9.843],[77.199,9.866],[77.204,9.894],[77.222,9.923],[77.261,9.964],[77.241,10.003],[77.249,10.016],[77.204,10.068],[77.188,10.096],[77.231,10.12],[77.261,10.129],[77.264,10.18],[77.28,10.207],[77.251,10.224],[77.251,10.254],[77.214,10.306],[77.222,10.34],[77.163,10.346],[77.114,10.311],[77.073,10.296],[77.046,10.274],[77.039,10.248],[76.981,10.22],[76.892,10.233],[76.862,10.283],[76.832,10.284],[76.82,10.295],[76.828,10.338],[76.839,10.36],[76.816,10.387],[76.807,10.415],[76.817,10.438],[76.82,10.491],[76.832,10.529],[76.825,10.538],[76.83,10.585],[76.815,10.588],[76.805,10.626],[76.873,10.629],[76.87,10.664],[76.855,10.672],[76.875,10.707],[76.898,10.771],[76.888,10.8],[76.86,10.8],[76.818,10.862],[76.773,10.882],[76.733,10.881],[76.7,10.901],[76.653,10.92],[76.66,10.96],[76.678,10.98],[76.69,11.017],[76.712,11.032],[76.757,11.025],[76.734,11.064],[76.746,11.084],[76.741,11.11],[76.697,11.133],[76.686,11.158],[76.721,11.185],[76.727,11.206],[76.697,11.231],[76.623,11.186],[76.578,11.197],[76.521,11.19],[76.506,11.202],[76.443,11.2],[76.446,11.23],[76.514,11.262],[76.54,11.321],[76.538,11.352],[76.448,11.381],[76.361,11.448],[76.334,11.459],[76.321,11.445],[76.278,11.475],[76.258,11.473],[76.233,11.519],[76.243,11.524],[76.226,11.564],[76.271,11.593],[76.298,11.564],[76.371,11.593],[76.38,11.622],[76.421,11.625],[76.423,11.659],[76.402,11.683],[76.403,11.707],[76.419,11.722],[76.404,11.75],[76.372,11.736],[76.335,11.731],[76.311,11.744],[76.3,11.776],[76.275,11.801],[76.219,11.8],[76.206,11.82],[76.203,11.849],[76.184,11.864],[76.108,11.851],[76.108,11.971],[76.073,11.961],[76.03,11.933],[75.976,11.925],[75.877,11.941],[75.824,11.984],[75.828,12.003],[75.8,12.03],[75.795,12.074],[75.763,12.079],[75.717,12.062],[75.714,12.069],[75.707,12.083],[75.7,12.088],[75.692,12.103],[75.673,12.091],[75.662,12.091],[75.643,12.131],[75.637,12.14],[75.629,12.142],[75.627,12.145],[75.608,12.149],[75.595,12.145],[75.591,12.143],[75.583,12.15],[75.564,12.167],[75.551,12.184],[75.544,12.192],[75.54,12.192],[75.533,12.199],[75.538,12.207],[75.525,12.22],[75.523,12.229],[75.52,12.233],[75.519,12.236],[75.513,12.249],[75.511,12.253],[75.504,12.263],[75.494,12.265],[75.493,12.267],[75.467,12.295],[75.441,12.29],[75.431,12.292],[75.419,12.286],[75.43,12.3],[75.423,12.308],[75.411,12.338],[75.414,12.344],[75.421,12.362],[75.419,12.37],[75.403,12.373],[75.401,12.376],[75.394,12.38],[75.366,12.407],[75.369,12.446],[75.367,12.452],[75.392,12.445],[75.403,12.448],[75.415,12.454],[75.424,12.466],[75.414,12.497],[75.404,12.49],[75.397,12.498],[75.387,12.492],[75.381,12.491],[75.377,12.486],[75.373,12.477],[75.341,12.456],[75.341,12.465],[75.336,12.485],[75.321,12.491]]]},"properties":{"NAME_1":"Kerala"}},
{"type":"Feature","geometry":{"type":"Polygon","coordinates":[[[73.081,8.328],[73.068,8.309],[73.049,8.267],[73.067,8.286],[73.069,8.308],[73.081,8.328]]]},"properties":{"NAME_1":"Lakshadweep"}},
{"type":"Feature","geometry":{"type":"Polygon","coordinates":[[[82.808,23.963],[82.801,24.001],[82.746,24.013],[82.755,24.073],[82.708,24.081],[82.701,24.097],[82.657,24.135],[82.688,24.144],[82.72,24.139],[82.736,24.168],[82.727,24.223],[82.75,24.236],[82.751,24.268],[82.764,24.292],[82.761,24.373],[82.718,24.371],[82.707,24.385],[82.726,24.426],[82.724,24.476],[82.737,24.5],[82.716,24.513],[82.716,24.557],[82.746,24.542],[82.801,24.553],[82.796,24.6],[82.768,24.598],[82.766,24.642],[82.692,24.649],[82.696,24.676],[82.666,24.7],[82.529,24.652],[82.518,24.678],[82.487,24.676],[82.42,24.705],[82.402,24.684],[82.412,24.658],[82.404,24.636],[82.409,24.598],[82.361,24.602],[82.33,24.624],[82.298,24.628],[82.292,24.665],[82.269,24.682],[82.229,24.675],[82.243,24.702],[82.238,24.754],[82.196,24.764],[82.209,24.798],[82.173,24.801],[82.159,24.792],[82.132,24.804],[82.112,24.792],[82.082,24.822],[82.065,24.823],[82.005,24.851],[81.965,24.841],[81.927,24.861],[81.903,24.884],[81.91,24.92],[81.902,24.983],[81.874,25.002],[81.829,25.019],[81.792,25.01],[81.716,25.053],[81.682,25.044],[81.678,25.065],[81.647,25.075],[81.622,25.057],[81.594,25.077],[81.632,25.103],[81.592,25.136],[81.62,25.156],[81.582,25.168],[81.566,25.196],[81.533,25.185],[81.519,25.152],[81.492,25.149],[81.478,25.121],[81.493,25.111],[81.484,25.075],[81.436,25.096],[81.428,25.134],[81.389,25.124],[81.349,25.167],[81.33,25.172],[81.269,25.165],[81.258,25.117],[81.246,25.106],[81.262,25.068],[81.22,25.007],[81.202,24.996],[81.206,24.939],[81.161,24.959],[81.155,24.932],[81.128,24.894],[81.09,24.924],[81.076,24.952],[81.027,24.955],[81,24.94],[80.953,24.939],[80.937,24.972],[80.857,24.936],[80.802,24.944],[80.819,24.974],[80.85,25.003],[80.829,25.03],[80.841,25.051],[80.871,25.071],[80.865,25.124],[80.906,25.164],[80.87,25.189],[80.836,25.193],[80.842,25.168],[80.819,25.131],[80.8,25.146],[80.782,25.137],[80.751,25.142],[80.717,25.129],[80.719,25.104],[80.776,25.084],[80.776,25.062],[80.734,25.062],[80.727,25.072],[80.674,25.054],[80.641,25.093],[80.608,25.099],[80.622,25.122],[80.595,25.155],[80.579,25.088],[80.543,25.068],[80.487,25.092],[80.502,25.063],[80.47,25.045],[80.46,25.07],[80.441,25.082],[80.394,25.072],[80.368,25.025],[80.314,25.004],[80.267,25.03],[80.282,25.063],[80.305,25.076],[80.349,25.141],[80.387,25.163],[80.424,25.174],[80.402,25.221],[80.358,25.251],[80.341,25.279],[80.312,25.282],[80.303,25.297],[80.312,25.334],[80.303,25.358],[80.309,25.392],[80.274,25.425],[80.245,25.405],[80.189,25.406],[80.188,25.384],[80.159,25.378],[80.127,25.341],[80.083,25.356],[80.07,25.343],[80.021,25.343],[80.013,25.302],[79.997,25.27],[79.949,25.265],[79.894,25.246],[79.872,25.254],[79.845,25.237],[79.863,25.219],[79.852,25.203],[79.861,25.156],[79.843,25.116],[79.827,25.1],[79.74,25.143],[79.666,25.127],[79.633,25.133],[79.55,25.169],[79.514,25.126],[79.517,25.102],[79.49,25.083],[79.436,25.108],[79.389,25.121],[79.384,25.17],[79.41,25.209],[79.442,25.221],[79.434,25.242],[79.401,25.262],[79.402,25.279],[79.373,25.293],[79.366,25.268],[79.334,25.317],[79.346,25.333],[79.295,25.34],[79.26,25.31],[79.257,25.279],[79.286,25.281],[79.315,25.261],[79.34,25.273],[79.341,25.23],[79.311,25.219],[79.293,25.24],[79.278,25.211],[79.284,25.189],[79.315,25.152],[79.301,25.131],[79.277,25.12],[79.251,25.161],[79.238,25.143],[79.238,25.116],[79.198,25.128],[79.179,25.118],[79.133,25.111],[79.108,25.144],[79.119,25.163],[79.091,25.176],[79.064,25.172],[79.058,25.151],[79.022,25.143],[79.036,25.174],[79.025,25.187],[79.056,25.226],[79.026,25.235],[79.012,25.274],[78.987,25.275],[78.972,25.243],[79,25.216],[78.982,25.199],[78.953,25.221],[78.924,25.211],[78.877,25.162],[78.867,25.19],[78.882,25.215],[78.872,25.251],[78.896,25.25],[78.909,25.274],[78.97,25.291],[78.931,25.332],[78.885,25.347],[78.856,25.317],[78.862,25.283],[78.846,25.234],[78.835,25.233],[78.793,25.293],[78.833,25.331],[78.838,25.352],[78.875,25.388],[78.901,25.389],[78.931,25.377],[78.974,25.373],[78.97,25.42],[78.96,25.439],[78.929,25.428],[78.903,25.447],[78.93,25.469],[78.935,25.494],[78.917,25.517],[78.942,25.531],[78.926,25.56],[78.886,25.561],[78.868,25.544],[78.876,25.524],[78.834,25.516],[78.857,25.467],[78.854,25.452],[78.79,25.484],[78.757,25.476],[78.726,25.49],[78.725,25.463],[78.765,25.43],[78.759,25.404],[78.764,25.358],[78.736,25.349],[78.704,25.359],[78.71,25.376],[78.658,25.388],[78.7,25.426],[78.689,25.445],[78.633,25.433],[78.634,25.41],[78.603,25.417],[78.578,25.377],[78.576,25.352],[78.534,25.331],[78.525,25.307],[78.505,25.302],[78.488,25.32],[78.469,25.303],[78.43,25.297],[78.454,25.271],[78.489,25.292],[78.521,25.288],[78.569,25.259],[78.561,25.227],[78.594,25.157],[78.597,25.098],[78.62,25.092],[78.642,25.061],[78.625,24.962],[78.654,24.944],[78.668,24.902],[78.696,24.895],[78.764,24.861],[78.781,24.815],[78.765,24.795],[78.763,24.767],[78.772,24.704],[78.74,24.66],[78.752,24.602],[78.777,24.593],[78.802,24.608],[78.831,24.609],[78.863,24.641],[78.882,24.64],[78.913,24.581],[78.946,24.553],[78.943,24.485],[78.901,24.488],[78.913,24.464],[78.944,24.443],[78.982,24.447],[78.988,24.428],[78.967,24.374],[78.968,24.357],[78.908,24.301],[78.91,24.273],[78.879,24.254],[78.881,24.229],[78.858,24.214],[78.811,24.209],[78.806,24.184],[78.785,24.185],[78.754,24.247],[78.727,24.253],[78.699,24.234],[78.669,24.245],[78.654,24.274],[78.617,24.296],[78.578,24.357],[78.553,24.361],[78.5,24.394],[78.475,24.367],[78.468,24.339],[78.44,24.326],[78.435,24.298],[78.386,24.273],[78.341,24.308],[78.327,24.338],[78.363,24.378],[78.267,24.447],[78.263,24.483],[78.24,24.489],[78.224,24.541],[78.255,24.552],[78.27,24.615],[78.257,24.649],[78.268,24.67],[78.251,24.706],[78.226,24.736],[78.226,24.777],[78.187,24.843],[78.165,24.848],[78.17,24.885],[78.2,24.896],[78.214,24.916],[78.29,24.968],[78.328,25],[78.338,25.027],[78.325,25.084],[78.367,25.105],[78.39,25.127],[78.425,25.125],[78.423,25.145],[78.442,25.157],[78.385,25.195],[78.375,25.226],[78.355,25.25],[78.362,25.265],[78.345,25.298],[78.308,25.311],[78.331,25.337],[78.323,25.355],[78.294,25.368],[78.332,25.405],[78.335,25.431],[78.386,25.454],[78.394,25.471],[78.422,25.48],[78.409,25.533],[78.426,25.561],[78.449,25.553],[78.481,25.58],[78.547,25.565],[78.581,25.564],[78.604,25.587],[78.649,25.566],[78.677,25.594],[78.711,25.607],[78.733,25.603],[78.795,25.618],[78.811,25.645],[78.811,25.674],[78.791,25.711],[78.761,25.721],[78.747,25.749],[78.776,25.761],[78.8,25.799],[78.821,25.799],[78.816,25.831],[78.863,25.802],[78.866,25.834],[78.844,25.845],[78.858,25.872],[78.884,25.876],[78.876,25.916],[78.915,25.949],[78.943,25.991],[78.944,26.037],[78.982,26.074],[79.003,26.082],[78.944,26.138],[78.96,26.154],[79.001,26.155],[79.002,26.197],[79.041,26.229],[79.058,26.284],[79.078,26.287],[79.098,26.315],[79.127,26.316],[79.117,26.354],[79.089,26.377],[79.081,26.406],[79.117,26.417],[79.127,26.445],[79.093,26.457],[79.069,26.447],[79.047,26.461],[79.063,26.485],[79.061,26.503],[79.033,26.536],[78.998,26.551],[78.998,26.574],[78.982,26.594],[79.006,26.61],[78.987,26.647],[79.001,26.674],[78.984,26.686],[78.948,26.663],[78.948,26.697],[78.904,26.713],[78.865,26.705],[78.841,26.726],[78.811,26.765],[78.762,26.767],[78.741,26.793],[78.715,26.8],[78.677,26.792],[78.659,26.769],[78.62,26.775],[78.602,26.756],[78.566,26.758],[78.516,26.785],[78.458,26.795],[78.426,26.832],[78.386,26.828],[78.363,26.871],[78.341,26.874],[78.282,26.864],[78.256,26.82],[78.21,26.836],[78.161,26.827],[78.179,26.801],[78.146,26.792],[78.119,26.803],[78.095,26.789],[78.112,26.75],[78.089,26.738],[78.088,26.687],[77.992,26.703],[77.969,26.677],[77.94,26.663],[77.904,26.666],[77.879,26.62],[77.842,26.615],[77.82,26.6],[77.825,26.573],[77.813,26.555],[77.767,26.553],[77.739,26.543],[77.727,26.515],[77.695,26.501],[77.671,26.51],[77.627,26.483],[77.599,26.454],[77.551,26.441],[77.523,26.415],[77.475,26.415],[77.428,26.407],[77.44,26.379],[77.432,26.365],[77.366,26.372],[77.318,26.346],[77.308,26.315],[77.267,26.276],[77.194,26.236],[77.165,26.245],[77.114,26.231],[77.096,26.195],[77.024,26.176],[76.994,26.138],[76.939,26.106],[76.888,26.093],[76.87,26.056],[76.83,26.03],[76.84,26.011],[76.819,25.971],[76.795,25.944],[76.761,25.943],[76.762,25.922],[76.733,25.903],[76.674,25.912],[76.641,25.906],[76.632,25.875],[76.597,25.876],[76.529,25.798],[76.522,25.766],[76.527,25.731],[76.482,25.718],[76.478,25.695],[76.511,25.673],[76.499,25.648],[76.515,25.634],[76.51,25.58],[76.52,25.53],[76.56,25.473],[76.564,25.442],[76.589,25.431],[76.603,25.389],[76.636,25.38],[76.681,25.345],[76.74,25.348],[76.767,25.336],[76.773,25.316],[76.843,25.331],[76.893,25.322],[76.953,25.279],[76.959,25.297],[77.024,25.301],[77.039,25.325],[77.075,25.34],[77.116,25.335],[77.154,25.313],[77.191,25.312],[77.218,25.331],[77.22,25.373],[77.305,25.436],[77.361,25.413],[77.344,25.388],[77.356,25.368],[77.344,25.337],[77.364,25.333],[77.375,25.306],[77.35,25.272],[77.363,25.25],[77.406,25.226],[77.418,25.193],[77.391,25.188],[77.387,25.122],[77.349,25.098],[77.303,25.084],[77.262,25.119],[77.221,25.11],[77.17,25.114],[77.158,25.088],[77.128,25.089],[77.114,25.069],[77.077,25.058],[76.984,25.078],[76.969,25.056],[76.901,25.034],[76.882,25.034],[76.869,25.011],[76.872,24.955],[76.925,24.91],[76.914,24.888],[76.949,24.873],[76.927,24.85],[76.895,24.84],[76.838,24.841],[76.802,24.827],[76.847,24.77],[76.845,24.752],[76.922,24.749],[76.946,24.764],[76.963,24.76],[76.972,24.732],[76.992,24.717],[77.019,24.715],[77.059,24.642],[77.064,24.564],[77.05,24.527],[77.032,24.529],[77.024,24.501],[76.993,24.473],[76.96,24.46],[76.915,24.488],[76.918,24.536],[76.9,24.548],[76.876,24.526],[76.866,24.549],[76.846,24.551],[76.815,24.534],[76.851,24.469],[76.842,24.409],[76.849,24.368],[76.837,24.361],[76.845,24.328],[76.859,24.312],[76.874,24.271],[76.916,24.232],[76.944,24.199],[76.916,24.189],[76.9,24.131],[76.856,24.139],[76.828,24.126],[76.791,24.126],[76.769,24.165],[76.755,24.172],[76.721,24.162],[76.674,24.193],[76.688,24.232],[76.702,24.249],[76.679,24.271],[76.616,24.263],[76.614,24.242],[76.571,24.213],[76.58,24.181],[76.523,24.163],[76.508,24.2],[76.463,24.229],[76.453,24.217],[76.424,24.227],[76.412,24.21],[76.353,24.249],[76.318,24.251],[76.29,24.237],[76.276,24.217],[76.248,24.228],[76.206,24.233],[76.195,24.285],[76.206,24.311],[76.185,24.332],[76.169,24.296],[76.142,24.281],[76.154,24.244],[76.123,24.205],[76.137,24.131],[76.135,24.095],[76.043,24.074],[76.027,24.05],[75.99,24.03],[75.96,24.025],[75.96,23.997],[75.98,23.974],[75.976,23.933],[75.879,23.885],[75.853,23.894],[75.78,23.855],[75.759,23.881],[75.728,23.902],[75.702,23.904],[75.698,23.877],[75.728,23.865],[75.722,23.827],[75.69,23.82],[75.698,23.788],[75.687,23.773],[75.649,23.799],[75.617,23.806],[75.583,23.8],[75.566,23.816],[75.562,23.858],[75.504,23.892],[75.487,23.911],[75.456,23.921],[75.465,23.981],[75.492,24.005],[75.514,24.049],[75.532,24.031],[75.572,24.017],[75.569,23.999],[75.635,24],[75.641,24.018],[75.669,24.034],[75.7,23.969],[75.762,23.998],[75.78,24.036],[75.78,24.062],[75.83,24.072],[75.831,24.108],[75.79,24.11],[75.779,24.135],[75.743,24.14],[75.774,24.221],[75.805,24.23],[75.813,24.301],[75.797,24.314],[75.765,24.311],[75.738,24.348],[75.736,24.403],[75.786,24.458],[75.815,24.465],[75.813,24.437],[75.829,24.423],[75.861,24.423],[75.903,24.446],[75.912,24.492],[75.905,24.505],[75.925,24.538],[75.907,24.55],[75.911,24.577],[75.884,24.582],[75.874,24.607],[75.853,24.614],[75.844,24.669],[75.828,24.668],[75.842,24.717],[75.839,24.73],[75.786,24.766],[75.742,24.76],[75.68,24.728],[75.659,24.702],[75.613,24.688],[75.582,24.723],[75.535,24.72],[75.483,24.698],[75.452,24.693],[75.304,24.721],[75.267,24.733],[75.228,24.735],[75.196,24.76],[75.192,24.789],[75.217,24.82],[75.247,24.822],[75.201,24.884],[75.25,24.896],[75.242,24.861],[75.284,24.85],[75.3,24.815],[75.417,24.864],[75.424,24.893],[75.372,24.878],[75.326,24.887],[75.311,24.869],[75.261,24.89],[75.267,24.914],[75.288,24.926],[75.318,24.907],[75.337,24.963],[75.319,25.007],[75.352,25.025],[75.35,25.042],[75.31,25.046],[75.201,25.034],[75.174,25.054],[75.155,25.029],[75.164,24.992],[75.138,24.986],[75.116,24.965],[75.119,24.889],[75.09,24.88],[75.074,24.887],[75.043,24.859],[75.013,24.874],[74.945,24.878],[74.949,24.895],[74.913,24.899],[74.913,24.928],[74.901,24.94],[74.867,24.937],[74.862,24.966],[74.833,24.967],[74.824,24.94],[74.827,24.899],[74.856,24.853],[74.859,24.813],[74.905,24.797],[74.97,24.791],[75.013,24.794],[75.02,24.753],[74.993,24.753],[75,24.708],[74.964,24.7],[74.944,24.662],[74.902,24.656],[74.873,24.669],[74.819,24.765],[74.78,24.743],[74.79,24.727],[74.776,24.686],[74.813,24.686],[74.817,24.672],[74.783,24.637],[74.79,24.611],[74.748,24.597],[74.757,24.564],[74.748,24.536],[74.716,24.523],[74.757,24.489],[74.779,24.483],[74.815,24.492],[74.857,24.452],[74.812,24.409],[74.785,24.367],[74.784,24.317],[74.757,24.296],[74.773,24.272],[74.815,24.277],[74.853,24.27],[74.875,24.278],[74.894,24.262],[74.906,24.234],[74.88,24.216],[74.9,24.174],[74.928,24.157],[74.939,24.121],[74.96,24.11],[74.979,24.072],[74.993,24.03],[74.972,24.004],[74.963,23.974],[74.941,23.961],[74.915,23.912],[74.905,23.868],[74.916,23.846],[74.91,23.801],[74.928,23.798],[74.94,23.766],[74.941,23.735],[74.924,23.719],[74.924,23.669],[74.94,23.63],[74.906,23.623],[74.886,23.606],[74.851,23.557],[74.803,23.534],[74.774,23.543],[74.742,23.519],[74.669,23.484],[74.659,23.467],[74.613,23.461],[74.598,23.43],[74.573,23.419],[74.572,23.383],[74.546,23.364],[74.534,23.323],[74.549,23.287],[74.567,23.298],[74.587,23.284],[74.615,23.285],[74.632,23.263],[74.673,23.275],[74.701,23.272],[74.722,23.243],[74.696,23.229],[74.746,23.212],[74.716,23.195],[74.669,23.201],[74.655,23.182],[74.608,23.145],[74.546,23.132],[74.535,23.102],[74.512,23.089],[74.467,23.085],[74.433,23.106],[74.391,23.112],[74.348,23.071],[74.323,23.063],[74.328,23.043],[74.349,23.03],[74.371,22.98],[74.342,22.965],[74.382,22.91],[74.4,22.899],[74.419,22.918],[74.451,22.924],[74.463,22.913],[74.479,22.859],[74.465,22.815],[74.439,22.809],[74.439,22.786],[74.403,22.731],[74.384,22.644],[74.364,22.637],[74.278,22.648],[74.237,22.614],[74.214,22.567],[74.158,22.532],[74.128,22.524],[74.084,22.55],[74.045,22.542],[74.044,22.517],[74.085,22.509],[74.078,22.466],[74.1,22.469],[74.105,22.433],[74.123,22.421],[74.141,22.454],[74.156,22.44],[74.187,22.444],[74.237,22.439],[74.264,22.425],[74.274,22.393],[74.24,22.377],[74.198,22.343],[74.191,22.322],[74.134,22.332],[74.112,22.372],[74.072,22.36],[74.059,22.286],[74.078,22.268],[74.076,22.222],[74.123,22.213],[74.127,22.132],[74.133,22.096],[74.17,22.101],[74.163,22.061],[74.138,22.054],[74.101,22.018],[74.1,22.002],[74.154,21.986],[74.146,21.954],[74.201,21.926],[74.292,21.937],[74.301,21.967],[74.346,21.975],[74.388,22.02],[74.436,22.031],[74.445,22.016],[74.452,21.968],[74.493,21.954],[74.527,21.909],[74.518,21.886],[74.512,21.821],[74.504,21.807],[74.517,21.767],[74.511,21.729],[74.551,21.719],[74.561,21.688],[74.585,21.684],[74.589,21.665],[74.656,21.654],[74.724,21.624],[74.801,21.61],[74.825,21.61],[74.866,21.631],[74.903,21.63],[74.926,21.611],[74.981,21.596],[75.018,21.573],[75.058,21.565],[75.09,21.514],[75.107,21.47],[75.13,21.449],[75.22,21.411],[75.254,21.406],[75.302,21.415],[75.303,21.395],[75.354,21.393],[75.384,21.386],[75.468,21.394],[75.525,21.387],[75.548,21.372],[75.619,21.393],[75.629,21.381],[75.673,21.38],[75.707,21.391],[75.759,21.385],[75.801,21.39],[75.833,21.383],[75.888,21.4],[75.917,21.39],[75.969,21.394],[75.985,21.377],[76.035,21.365],[76.052,21.353],[76.099,21.374],[76.129,21.298],[76.159,21.259],[76.146,21.233],[76.164,21.224],[76.167,21.171],[76.127,21.178],[76.114,21.165],[76.14,21.14],[76.136,21.126],[76.184,21.09],[76.269,21.093],[76.282,21.075],[76.376,21.077],[76.409,21.094],[76.412,21.107],[76.453,21.115],[76.458,21.138],[76.475,21.152],[76.491,21.198],[76.529,21.189],[76.559,21.206],[76.623,21.193],[76.643,21.248],[76.658,21.248],[76.661,21.282],[76.626,21.33],[76.668,21.369],[76.732,21.409],[76.743,21.443],[76.784,21.466],[76.792,21.49],[76.763,21.523],[76.786,21.535],[76.78,21.562],[76.795,21.598],[76.834,21.593],[76.852,21.615],[76.892,21.601],[76.997,21.682],[77.059,21.709],[77.069,21.722],[77.121,21.725],[77.207,21.694],[77.225,21.718],[77.258,21.716],[77.287,21.736],[77.277,21.76],[77.337,21.762],[77.401,21.756],[77.45,21.763],[77.497,21.749],[77.542,21.701],[77.559,21.669],[77.572,21.588],[77.607,21.543],[77.567,21.53],[77.504,21.555],[77.458,21.557],[77.424,21.543],[77.421,21.516],[77.438,21.473],[77.469,21.457],[77.487,21.378],[77.548,21.381],[77.601,21.365],[77.601,21.389],[77.646,21.393],[77.67,21.373],[77.704,21.378],[77.705,21.359],[77.738,21.367],[77.746,21.384],[77.793,21.391],[77.799,21.412],[77.899,21.378],[77.939,21.387],[77.941,21.399],[77.98,21.403],[78.043,21.435],[78.064,21.439],[78.169,21.499],[78.181,21.559],[78.215,21.554],[78.269,21.571],[78.271,21.593],[78.319,21.576],[78.337,21.591],[78.361,21.578],[78.378,21.596],[78.372,21.615],[78.423,21.602],[78.422,21.564],[78.439,21.504],[78.48,21.506],[78.509,21.528],[78.56,21.515],[78.585,21.487],[78.621,21.478],[78.637,21.484],[78.684,21.482],[78.724,21.464],[78.761,21.49],[78.844,21.49],[78.885,21.486],[78.896,21.501],[78.932,21.487],[78.913,21.563],[78.913,21.592],[78.94,21.594],[78.975,21.618],[79.01,21.601],[79.104,21.609],[79.141,21.64],[79.148,21.661],[79.217,21.65],[79.218,21.681],[79.235,21.715],[79.258,21.718],[79.285,21.694],[79.395,21.675],[79.411,21.691],[79.459,21.687],[79.489,21.674],[79.512,21.626],[79.498,21.612],[79.506,21.59],[79.54,21.565],[79.537,21.544],[79.576,21.543],[79.609,21.556],[79.651,21.559],[79.658,21.577],[79.685,21.581],[79.733,21.603],[79.792,21.581],[79.825,21.547],[79.857,21.531],[79.916,21.524],[79.927,21.554],[79.972,21.555],[79.994,21.535],[80.026,21.557],[80.064,21.555],[80.119,21.609],[80.144,21.605],[80.188,21.634],[80.221,21.62],[80.26,21.62],[80.295,21.575],[80.32,21.574],[80.338,21.539],[80.371,21.521],[80.375,21.491],[80.401,21.465],[80.411,21.438],[80.389,21.407],[80.399,21.38],[80.443,21.374],[80.448,21.402],[80.519,21.39],[80.537,21.369],[80.564,21.358],[80.593,21.325],[80.618,21.319],[80.657,21.331],[80.684,21.373],[80.699,21.414],[80.73,21.472],[80.722,21.496],[80.731,21.539],[80.709,21.604],[80.722,21.617],[80.707,21.672],[80.724,21.694],[80.726,21.731],[80.74,21.756],[80.762,21.758],[80.783,21.74],[80.811,21.747],[80.832,21.805],[80.832,21.846],[80.84,21.875],[80.825,21.887],[80.833,21.947],[80.869,22.011],[80.879,22.061],[80.891,22.066],[80.898,22.101],[80.917,22.121],[80.951,22.113],[80.966,22.082],[80.963,22.058],[80.999,22.062],[81.004,22.094],[80.987,22.131],[81.016,22.133],[81.026,22.198],[81.019,22.229],[81.049,22.244],[81.085,22.247],[81.114,22.294],[81.116,22.344],[81.101,22.383],[81.11,22.441],[81.148,22.456],[81.171,22.488],[81.193,22.482],[81.194,22.462],[81.224,22.452],[81.256,22.472],[81.28,22.499],[81.316,22.49],[81.323,22.524],[81.379,22.505],[81.389,22.445],[81.414,22.449],[81.418,22.474],[81.446,22.496],[81.48,22.493],[81.493,22.52],[81.515,22.537],[81.557,22.532],[81.563,22.551],[81.609,22.536],[81.649,22.576],[81.641,22.608],[81.679,22.649],[81.699,22.646],[81.737,22.669],[81.766,22.676],[81.747,22.726],[81.784,22.767],[81.761,22.834],[81.769,22.874],[81.831,22.883],[81.861,22.894],[81.914,22.948],[81.94,22.957],[81.937,23.009],[81.918,23.041],[81.938,23.078],[81.98,23.086],[82.028,23.082],[82.061,23.116],[82.116,23.104],[82.133,23.132],[82.151,23.142],[82.137,23.165],[82.142,23.228],[82.17,23.27],[82.189,23.285],[82.188,23.322],[82.16,23.332],[82.138,23.362],[82.104,23.363],[82.098,23.398],[82.023,23.384],[82.023,23.41],[81.971,23.424],[81.971,23.447],[81.95,23.466],[81.949,23.497],[81.916,23.532],[81.879,23.518],[81.827,23.511],[81.798,23.549],[81.756,23.553],[81.729,23.565],[81.693,23.523],[81.655,23.532],[81.648,23.502],[81.631,23.492],[81.605,23.511],[81.602,23.554],[81.577,23.555],[81.57,23.589],[81.603,23.6],[81.613,23.661],[81.643,23.66],[81.649,23.683],[81.673,23.693],[81.687,23.721],[81.669,23.757],[81.638,23.778],[81.643,23.805],[81.626,23.836],[81.598,23.854],[81.608,23.903],[81.662,23.926],[81.697,23.886],[81.703,23.863],[81.727,23.841],[81.773,23.814],[81.812,23.809],[81.862,23.835],[81.894,23.844],[81.916,23.873],[81.951,23.853],[82.001,23.863],[82.035,23.843],[82.045,23.821],[82.134,23.818],[82.199,23.832],[82.232,23.808],[82.255,23.822],[82.298,23.808],[82.388,23.801],[82.464,23.811],[82.485,23.788],[82.516,23.784],[82.545,23.794],[82.548,23.827],[82.586,23.823],[82.63,23.839],[82.66,23.87],[82.646,23.889],[82.655,23.906],[82.702,23.925],[82.748,23.922],[82.808,23.963]]]},"properties":{"NAME_1":"Madhya Pradesh"}},
{"type":"Feature","geometry":{"type":"Polygon","coordinates":[[[80.657,21.331],[80.618,21.319],[80.593,21.325],[80.564,21.358],[80.537,21.369],[80.519,21.39],[80.448,21.402],[80.443,21.374],[80.399,21.38],[80.389,21.407],[80.411,21.438],[80.401,21.465],[80.375,21.491],[80.371,21.521],[80.338,21.539],[80.32,21.574],[80.295,21.575],[80.26,21.62],[80.221,21.62],[80.188,21.634],[80.144,21.605],[80.119,21.609],[80.064,21.555],[80.026,21.557],[79.994,21.535],[79.972,21.555],[79.927,21.554],[79.916,21.524],[79.857,21.531],[79.825,21.547],[79.792,21.581],[79.733,21.603],[79.685,21.581],[79.658,21.577],[79.651,21.559],[79.609,21.556],[79.576,21.543],[79.537,21.544],[79.54,21.565],[79.506,21.59],[79.498,21.612],[79.512,21.626],[79.489,21.674],[79.459,21.687],[79.411,21.691],[79.395,21.675],[79.285,21.694],[79.258,21.718],[79.235,21.715],[79.218,21.681],[79.217,21.65],[79.148,21.661],[79.141,21.64],[79.104,21.609],[79.01,21.601],[78.975,21.618],[78.94,21.594],[78.913,21.592],[78.913,21.563],[78.932,21.487],[78.896,21.501],[78.885,21.486],[78.844,21.49],[78.761,21.49],[78.724,21.464],[78.684,21.482],[78.637,21.484],[78.621,21.478],[78.585,21.487],[78.56,21.515],[78.509,21.528],[78.48,21.506],[78.439,21.504],[78.422,21.564],[78.423,21.602],[78.372,21.615],[78.378,21.596],[78.361,21.578],[78.337,21.591],[78.319,21.576],[78.271,21.593],[78.269,21.571],[78.215,21.554],[78.181,21.559],[78.169,21.499],[78.064,21.439],[78.043,21.435],[77.98,21.403],[77.941,21.399],[77.939,21.387],[77.899,21.378],[77.799,21.412],[77.793,21.391],[77.746,21.384],[77.738,21.367],[77.705,21.359],[77.704,21.378],[77.67,21.373],[77.646,21.393],[77.601,21.389],[77.601,21.365],[77.548,21.381],[77.487,21.378],[77.469,21.457],[77.438,21.473],[77.421,21.516],[77.424,21.543],[77.458,21.557],[77.504,21.555],[77.567,21.53],[77.607,21.543],[77.572,21.588],[77.559,21.669],[77.542,21.701],[77.497,21.749],[77.45,21.763],[77.401,21.756],[77.337,21.762],[77.277,21.76],[77.287,21.736],[77.258,21.716],[77.225,21.718],[77.207,21.694],[77.121,21.725],[77.069,21.722],[77.059,21.709],[76.997,21.682],[76.892,21.601],[76.852,21.615],[76.834,21.593],[76.795,21.598],[76.78,21.562],[76.786,21.535],[76.763,21.523],[76.792,21.49],[76.784,21.466],[76.743,21.443],[76.732,21.409],[76.668,21.369],[76.626,21.33],[76.661,21.282],[76.658,21.248],[76.643,21.248],[76.623,21.193],[76.559,21.206],[76.529,21.189],[76.491,21.198],[76.475,21.152],[76.458,21.138],[76.453,21.115],[76.412,21.107],[76.409,21.094],[76.376,21.077],[76.282,21.075],[76.269,21.093],[76.184,21.09],[76.136,21.126],[76.14,21.14],[76.114,21.165],[76.127,21.178],[76.167,21.171],[76.164,21.224],[76.146,21.233],[76.159,21.259],[76.129,21.298],[76.099,21.374],[76.052,21.353],[76.035,21.365],[75.985,21.377],[75.969,21.394],[75.917,21.39],[75.888,21.4],[75.833,21.383],[75.801,21.39],[75.759,21.385],[75.707,21.391],[75.673,21.38],[75.629,21.381],[75.619,21.393],[75.548,21.372],[75.525,21.387],[75.468,21.394],[75.384,21.386],[75.354,21.393],[75.303,21.395],[75.302,21.415],[75.254,21.406],[75.22,21.411],[75.13,21.449],[75.107,21.47],[75.09,21.514],[75.058,21.565],[75.018,21.573],[74.981,21.596],[74.926,21.611],[74.903,21.63],[74.866,21.631],[74.825,21.61],[74.801,21.61],[74.724,21.624],[74.656,21.654],[74.589,21.665],[74.585,21.684],[74.561,21.688],[74.551,21.719],[74.511,21.729],[74.517,21.767],[74.504,21.807],[74.512,21.821],[74.518,21.886],[74.527,21.909],[74.493,21.954],[74.452,21.968],[74.445,22.016],[74.436,22.031],[74.388,22.02],[74.346,21.975],[74.301,21.967],[74.292,21.937],[74.201,21.926],[74.146,21.954],[74.047,21.923],[74.023,21.906],[73.88,21.839],[73.842,21.839],[73.828,21.812],[73.843,21.772],[73.846,21.742],[73.89,21.711],[73.898,21.667],[73.886,21.645],[73.845,21.633],[73.829,21.64],[73.788,21.625],[73.825,21.598],[73.834,21.553],[73.861,21.496],[73.938,21.521],[73.974,21.524],[73.984,21.542],[74.068,21.559],[74.136,21.557],[74.186,21.56],[74.207,21.53],[74.238,21.55],[74.272,21.536],[74.292,21.559],[74.336,21.54],[74.328,21.496],[74.308,21.48],[74.223,21.459],[74.186,21.467],[74.16,21.453],[74.141,21.462],[74.121,21.45],[74.057,21.456],[74.052,21.426],[73.962,21.393],[73.948,21.298],[73.892,21.262],[73.832,21.267],[73.836,21.242],[73.82,21.222],[73.823,21.172],[73.796,21.182],[73.78,21.165],[73.742,21.167],[73.737,21.138],[73.713,21.15],[73.681,21.152],[73.636,21.133],[73.637,21.153],[73.611,21.154],[73.629,21.12],[73.658,21.121],[73.693,21.101],[73.709,21.112],[73.736,21.103],[73.748,21.04],[73.766,21.04],[73.785,21.02],[73.808,21.023],[73.816,20.996],[73.906,20.983],[73.896,20.933],[73.917,20.915],[73.931,20.886],[73.931,20.848],[73.945,20.84],[73.941,20.769],[73.95,20.742],[73.921,20.724],[73.889,20.731],[73.864,20.694],[73.843,20.702],[73.846,20.624],[73.806,20.602],[73.787,20.602],[73.748,20.567],[73.701,20.578],[73.666,20.563],[73.637,20.579],[73.622,20.625],[73.591,20.645],[73.563,20.647],[73.53,20.673],[73.498,20.653],[73.497,20.686],[73.483,20.717],[73.459,20.714],[73.44,20.665],[73.404,20.652],[73.428,20.624],[73.44,20.595],[73.481,20.584],[73.476,20.495],[73.449,20.467],[73.423,20.414],[73.398,20.399],[73.415,20.382],[73.437,20.282],[73.42,20.257],[73.427,20.202],[73.376,20.195],[73.311,20.207],[73.294,20.194],[73.294,20.154],[73.263,20.128],[73.216,20.122],[73.218,20.106],[73.214,20.091],[73.186,20.053],[73.184,20.052],[73.175,20.058],[73.17,20.066],[73.144,20.078],[73.137,20.085],[73.128,20.078],[73.123,20.078],[73.112,20.083],[73.11,20.085],[73.105,20.087],[73.088,20.094],[73.058,20.097],[73.059,20.068],[73.045,20.072],[73.01,20.11],[73.017,20.13],[73.017,20.135],[73.008,20.132],[73.008,20.129],[73.004,20.118],[72.985,20.113],[72.973,20.131],[72.986,20.158],[72.97,20.212],[72.928,20.223],[72.884,20.227],[72.872,20.208],[72.85,20.208],[72.834,20.184],[72.829,20.157],[72.802,20.148],[72.788,20.13],[72.738,20.137],[72.727,20.083],[72.708,20.069],[72.722,19.987],[72.717,19.975],[72.665,19.935],[72.677,19.919],[72.681,19.865],[72.653,19.83],[72.68,19.813],[72.687,19.748],[72.711,19.702],[72.707,19.681],[72.715,19.639],[72.731,19.599],[72.716,19.59],[72.729,19.529],[72.78,19.492],[72.745,19.456],[72.76,19.415],[72.758,19.376],[72.799,19.331],[72.784,19.303],[72.783,19.252],[72.776,19.222],[72.781,19.195],[72.797,19.178],[72.789,19.15],[72.818,19.124],[72.827,19.094],[72.824,19.042],[72.838,19.035],[72.811,19.002],[72.802,18.969],[72.824,18.935],[72.844,18.929],[72.862,19.003],[72.918,19],[72.955,19.027],[72.963,19.058],[72.993,19.059],[73.002,19.01],[73.017,18.981],[72.972,18.963],[72.956,18.973],[72.94,18.947],[72.962,18.92],[72.923,18.912],[72.908,18.886],[72.927,18.851],[72.943,18.846],[72.978,18.863],[72.983,18.81],[72.957,18.801],[72.943,18.827],[72.916,18.792],[72.9,18.804],[72.863,18.791],[72.864,18.721],[72.855,18.696],[72.87,18.64],[72.884,18.638],[72.928,18.536],[72.911,18.525],[72.895,18.458],[72.905,18.441],[72.909,18.399],[72.924,18.392],[72.914,18.355],[72.953,18.334],[72.992,18.28],[73.009,18.285],[73.035,18.265],[73.068,18.269],[73.059,18.229],[73.002,18.248],[72.974,18.248],[72.963,18.281],[72.938,18.284],[72.945,18.223],[72.981,18.193],[72.988,18.16],[72.979,18.108],[72.997,18.077],[72.99,18.056],[73.011,18.025],[73.029,17.967],[73.03,17.944],[73.052,17.932],[73.054,17.9],[73.071,17.889],[73.097,17.81],[73.111,17.787],[73.135,17.71],[73.114,17.689],[73.133,17.653],[73.127,17.637],[73.144,17.602],[73.162,17.591],[73.161,17.568],[73.142,17.546],[73.182,17.508],[73.193,17.466],[73.185,17.457],[73.184,17.412],[73.177,17.387],[73.207,17.384],[73.22,17.353],[73.219,17.331],[73.242,17.317],[73.198,17.289],[73.223,17.266],[73.247,17.209],[73.272,17.122],[73.285,17.106],[73.288,17.058],[73.278,17.034],[73.294,16.986],[73.282,16.948],[73.287,16.916],[73.3,16.893],[73.293,16.871],[73.295,16.817],[73.316,16.807],[73.305,16.767],[73.305,16.729],[73.33,16.687],[73.333,16.642],[73.352,16.622],[73.322,16.584],[73.342,16.568],[73.311,16.542],[73.332,16.489],[73.355,16.447],[73.365,16.398],[73.387,16.361],[73.394,16.317],[73.406,16.296],[73.417,16.246],[73.449,16.155],[73.465,16.072],[73.457,16.057],[73.482,16.038],[73.492,15.982],[73.51,15.94],[73.586,15.91],[73.611,15.86],[73.626,15.853],[73.651,15.802],[73.663,15.758],[73.653,15.743],[73.68,15.724],[73.692,15.727],[73.707,15.722],[73.719,15.722],[73.749,15.731],[73.786,15.723],[73.82,15.74],[73.865,15.798],[73.887,15.77],[73.88,15.753],[73.909,15.742],[73.945,15.742],[73.971,15.687],[73.976,15.629],[74.002,15.609],[74.028,15.605],[74.039,15.621],[74.081,15.626],[74.126,15.65],[74.142,15.7],[74.135,15.722],[74.168,15.749],[74.197,15.75],[74.217,15.779],[74.244,15.744],[74.274,15.753],[74.292,15.739],[74.351,15.763],[74.376,15.797],[74.369,15.812],[74.387,15.847],[74.354,15.848],[74.37,15.876],[74.399,15.874],[74.392,15.901],[74.435,15.951],[74.464,16.023],[74.468,16.047],[74.44,16.057],[74.39,16.035],[74.371,16.06],[74.404,16.091],[74.435,16.111],[74.489,16.087],[74.497,16.112],[74.491,16.142],[74.498,16.181],[74.513,16.188],[74.508,16.223],[74.484,16.247],[74.423,16.257],[74.421,16.281],[74.391,16.276],[74.38,16.294],[74.349,16.291],[74.334,16.341],[74.324,16.354],[74.343,16.4],[74.339,16.452],[74.322,16.45],[74.295,16.474],[74.277,16.521],[74.307,16.529],[74.332,16.554],[74.385,16.527],[74.396,16.536],[74.403,16.579],[74.429,16.583],[74.441,16.599],[74.472,16.605],[74.465,16.653],[74.477,16.661],[74.496,16.628],[74.551,16.633],[74.55,16.592],[74.56,16.56],[74.574,16.552],[74.641,16.582],[74.694,16.615],[74.661,16.638],[74.672,16.664],[74.696,16.675],[74.698,16.715],[74.737,16.716],[74.779,16.749],[74.85,16.76],[74.855,16.771],[74.924,16.77],[74.916,16.786],[74.912,16.856],[74.949,16.88],[74.953,16.906],[74.927,16.926],[74.986,16.929],[75.004,16.946],[75.048,16.939],[75.094,16.947],[75.095,16.921],[75.138,16.893],[75.141,16.874],[75.172,16.865],[75.183,16.842],[75.23,16.841],[75.241,16.863],[75.268,16.861],[75.283,16.874],[75.285,16.954],[75.345,16.953],[75.395,16.976],[75.431,16.963],[75.468,16.985],[75.49,16.965],[75.493,16.945],[75.53,16.966],[75.57,16.964],[75.57,17.006],[75.61,17.003],[75.611,16.97],[75.645,16.951],[75.678,16.964],[75.669,16.983],[75.672,17.036],[75.648,17.047],[75.681,17.071],[75.674,17.114],[75.631,17.16],[75.631,17.186],[75.664,17.214],[75.657,17.271],[75.632,17.272],[75.606,17.303],[75.613,17.342],[75.584,17.351],[75.579,17.383],[75.616,17.392],[75.615,17.422],[75.636,17.478],[75.681,17.454],[75.691,17.413],[75.708,17.408],[75.737,17.422],[75.77,17.407],[75.782,17.379],[75.811,17.37],[75.822,17.42],[75.856,17.408],[75.859,17.389],[75.894,17.406],[75.894,17.354],[75.931,17.324],[76,17.338],[76.015,17.351],[76.063,17.352],[76.079,17.33],[76.102,17.362],[76.121,17.366],[76.163,17.341],[76.183,17.357],[76.229,17.363],[76.27,17.357],[76.276,17.331],[76.317,17.329],[76.344,17.35],[76.352,17.311],[76.382,17.312],[76.411,17.348],[76.408,17.369],[76.362,17.375],[76.373,17.434],[76.334,17.432],[76.331,17.469],[76.35,17.472],[76.346,17.511],[76.361,17.536],[76.34,17.543],[76.332,17.595],[76.416,17.604],[76.429,17.644],[76.485,17.67],[76.486,17.714],[76.524,17.715],[76.524,17.759],[76.56,17.763],[76.569,17.704],[76.587,17.708],[76.604,17.756],[76.627,17.756],[76.631,17.729],[76.655,17.716],[76.663,17.688],[76.691,17.68],[76.692,17.705],[76.718,17.748],[76.719,17.785],[76.739,17.779],[76.776,17.799],[76.788,17.826],[76.766,17.851],[76.737,17.857],[76.741,17.898],[76.766,17.898],[76.775,17.877],[76.854,17.898],[76.881,17.893],[76.913,17.937],[76.92,17.985],[76.918,18.033],[76.952,18.038],[76.953,18.11],[76.923,18.116],[76.954,18.185],[76.991,18.187],[76.998,18.167],[77.024,18.163],[77.049,18.173],[77.058,18.152],[77.109,18.153],[77.116,18.168],[77.096,18.195],[77.139,18.207],[77.157,18.253],[77.178,18.282],[77.206,18.278],[77.21,18.314],[77.227,18.345],[77.24,18.409],[77.313,18.439],[77.364,18.43],[77.37,18.401],[77.4,18.398],[77.393,18.341],[77.363,18.308],[77.408,18.3],[77.436,18.306],[77.437,18.282],[77.465,18.26],[77.513,18.282],[77.52,18.307],[77.55,18.291],[77.57,18.308],[77.553,18.331],[77.527,18.339],[77.521,18.365],[77.549,18.388],[77.555,18.418],[77.583,18.443],[77.571,18.467],[77.597,18.548],[77.64,18.554],[77.658,18.527],[77.712,18.554],[77.728,18.552],[77.747,18.589],[77.743,18.621],[77.73,18.643],[77.733,18.676],[77.749,18.69],[77.787,18.694],[77.823,18.769],[77.837,18.807],[77.908,18.83],[77.943,18.822],[77.944,18.842],[77.899,18.868],[77.882,18.909],[77.84,18.911],[77.854,18.952],[77.813,18.949],[77.817,18.982],[77.767,18.981],[77.757,19.029],[77.762,19.062],[77.797,19.051],[77.8,19.099],[77.815,19.104],[77.842,19.087],[77.845,19.114],[77.834,19.133],[77.849,19.155],[77.845,19.188],[77.868,19.246],[77.901,19.277],[77.862,19.284],[77.861,19.302],[77.912,19.318],[77.949,19.341],[77.985,19.309],[78.012,19.301],[78.046,19.271],[78.058,19.24],[78.082,19.255],[78.127,19.246],[78.15,19.23],[78.183,19.242],[78.183,19.279],[78.197,19.332],[78.18,19.353],[78.188,19.396],[78.224,19.434],[78.252,19.43],[78.273,19.454],[78.297,19.449],[78.312,19.466],[78.299,19.504],[78.297,19.558],[78.311,19.572],[78.311,19.604],[78.288,19.654],[78.27,19.663],[78.286,19.69],[78.316,19.691],[78.345,19.714],[78.345,19.734],[78.368,19.781],[78.36,19.806],[78.339,19.814],[78.339,19.839],[78.294,19.85],[78.31,19.913],[78.336,19.883],[78.384,19.879],[78.398,19.836],[78.429,19.823],[78.476,19.816],[78.494,19.793],[78.526,19.822],[78.619,19.809],[78.702,19.786],[78.716,19.767],[78.738,19.779],[78.785,19.779],[78.808,19.758],[78.846,19.758],[78.863,19.697],[78.859,19.656],[78.891,19.655],[78.916,19.668],[78.944,19.665],[78.969,19.649],[78.963,19.617],[78.978,19.58],[79.018,19.54],[79.052,19.545],[79.063,19.531],[79.103,19.528],[79.105,19.513],[79.14,19.501],[79.169,19.468],[79.189,19.459],[79.219,19.465],[79.209,19.485],[79.216,19.511],[79.237,19.527],[79.255,19.611],[79.305,19.59],[79.314,19.566],[79.341,19.574],[79.371,19.562],[79.414,19.533],[79.441,19.534],[79.47,19.497],[79.513,19.518],[79.515,19.542],[79.543,19.549],[79.566,19.511],[79.601,19.508],[79.621,19.565],[79.64,19.575],[79.713,19.583],[79.74,19.603],[79.778,19.598],[79.817,19.569],[79.828,19.537],[79.878,19.501],[79.911,19.492],[79.945,19.459],[79.946,19.441],[79.973,19.401],[79.957,19.335],[79.962,19.297],[79.945,19.284],[79.92,19.226],[79.923,19.203],[79.942,19.176],[79.906,19.142],[79.871,19.123],[79.858,19.104],[79.861,19.06],[79.871,19.036],[79.891,19.045],[79.926,19.042],[79.934,19.022],[79.931,18.975],[79.941,18.938],[79.939,18.859],[79.926,18.838],[79.894,18.831],[79.932,18.784],[80.012,18.767],[80.046,18.721],[80.082,18.702],[80.107,18.678],[80.158,18.696],[80.189,18.676],[80.202,18.697],[80.247,18.701],[80.268,18.718],[80.241,18.749],[80.272,18.762],[80.299,18.794],[80.346,18.811],[80.336,18.856],[80.264,18.941],[80.268,18.987],[80.295,19.029],[80.289,19.046],[80.316,19.065],[80.332,19.101],[80.321,19.124],[80.345,19.163],[80.381,19.181],[80.377,19.217],[80.388,19.243],[80.419,19.25],[80.445,19.27],[80.47,19.329],[80.514,19.348],[80.532,19.374],[80.559,19.398],[80.584,19.377],[80.586,19.353],[80.604,19.312],[80.618,19.305],[80.664,19.327],[80.685,19.313],[80.684,19.287],[80.749,19.287],[80.766,19.308],[80.839,19.355],[80.813,19.383],[80.788,19.427],[80.835,19.442],[80.867,19.443],[80.892,19.466],[80.879,19.519],[80.852,19.524],[80.82,19.565],[80.785,19.56],[80.764,19.585],[80.721,19.608],[80.662,19.609],[80.656,19.625],[80.666,19.692],[80.634,19.718],[80.582,19.738],[80.54,19.775],[80.544,19.811],[80.518,19.829],[80.476,19.828],[80.452,19.793],[80.4,19.794],[80.398,19.816],[80.432,19.81],[80.46,19.828],[80.475,19.857],[80.498,19.869],[80.49,19.894],[80.461,19.903],[80.444,19.894],[80.403,19.91],[80.406,19.933],[80.444,19.953],[80.47,19.934],[80.502,19.925],[80.52,19.931],[80.544,19.982],[80.533,20.004],[80.546,20.066],[80.535,20.085],[80.54,20.11],[80.524,20.124],[80.451,20.145],[80.427,20.13],[80.394,20.144],[80.395,20.182],[80.413,20.188],[80.383,20.242],[80.456,20.269],[80.511,20.27],[80.542,20.307],[80.617,20.326],[80.602,20.376],[80.586,20.392],[80.603,20.433],[80.613,20.591],[80.579,20.614],[80.52,20.585],[80.5,20.587],[80.482,20.617],[80.49,20.64],[80.519,20.662],[80.578,20.679],[80.56,20.712],[80.543,20.792],[80.556,20.82],[80.55,20.889],[80.535,20.931],[80.459,20.928],[80.424,21.01],[80.445,21.031],[80.449,21.05],[80.435,21.099],[80.457,21.173],[80.509,21.183],[80.521,21.204],[80.561,21.206],[80.603,21.227],[80.639,21.255],[80.673,21.311],[80.657,21.331]]]},"properties":{"NAME_1":"Maharashtra"}},
{"type":"Feature","geometry":{"type":"Polygon","coordinates":[[[94.682,25.46],[94.659,25.457],[94.625,25.469],[94.557,25.513],[94.563,25.54],[94.556,25.586],[94.584,25.634],[94.576,25.645],[94.597,25.687],[94.573,25.698],[94.54,25.651],[94.491,25.62],[94.474,25.622],[94.422,25.576],[94.426,25.553],[94.303,25.495],[94.274,25.503],[94.223,25.497],[94.191,25.531],[94.192,25.551],[94.153,25.548],[94.139,25.524],[94.092,25.533],[94.069,25.559],[94.01,25.595],[94.012,25.575],[93.98,25.571],[93.965,25.557],[93.892,25.568],[93.862,25.558],[93.836,25.563],[93.82,25.544],[93.779,25.538],[93.764,25.515],[93.814,25.485],[93.809,25.466],[93.781,25.425],[93.747,25.406],[93.74,25.384],[93.712,25.358],[93.693,25.362],[93.687,25.331],[93.608,25.202],[93.575,25.228],[93.563,25.247],[93.504,25.253],[93.511,25.276],[93.477,25.279],[93.474,25.309],[93.404,25.263],[93.353,25.182],[93.351,25.145],[93.336,25.096],[93.324,25.092],[93.297,25.048],[93.268,25.05],[93.247,25.004],[93.263,24.966],[93.244,24.944],[93.253,24.919],[93.233,24.885],[93.196,24.846],[93.193,24.806],[93.157,24.792],[93.113,24.802],[93.089,24.709],[93.099,24.667],[93.085,24.648],[93.087,24.611],[93.097,24.583],[93.053,24.545],[93.053,24.52],[93.036,24.497],[93.049,24.475],[93.032,24.429],[93.039,24.411],[93,24.403],[93.024,24.39],[93.022,24.347],[93.035,24.318],[93.008,24.28],[93.007,24.254],[93.024,24.218],[93.005,24.161],[92.986,24.129],[93.021,24.101],[93.054,24.091],[93.079,24.103],[93.102,24.074],[93.129,24.064],[93.148,24.088],[93.17,24.075],[93.176,24.054],[93.217,24.05],[93.227,24.087],[93.264,24.073],[93.252,24.034],[93.274,24.034],[93.288,24.052],[93.337,24.053],[93.334,24.09],[93.354,24.098],[93.415,24.079],[93.433,24.062],[93.444,24.028],[93.467,23.999],[93.472,23.971],[93.515,23.947],[93.531,23.961],[93.609,23.973],[93.616,24.011],[93.652,24.014],[93.74,23.999],[93.762,24.004],[93.794,23.968],[93.808,23.933],[93.866,23.938],[93.896,23.955],[93.954,23.95],[93.969,23.934],[94.018,23.934],[94.051,23.9],[94.096,23.894],[94.123,23.843],[94.161,23.853],[94.17,23.929],[94.196,23.938],[94.194,23.965],[94.245,24.044],[94.26,24.09],[94.263,24.168],[94.284,24.18],[94.295,24.24],[94.313,24.254],[94.328,24.292],[94.326,24.339],[94.352,24.342],[94.386,24.385],[94.399,24.413],[94.411,24.47],[94.43,24.493],[94.465,24.576],[94.485,24.582],[94.521,24.617],[94.551,24.675],[94.551,24.717],[94.591,24.711],[94.611,24.722],[94.633,24.765],[94.625,24.785],[94.641,24.849],[94.657,24.874],[94.692,24.9],[94.706,24.934],[94.702,24.968],[94.713,24.994],[94.742,25.025],[94.751,25.064],[94.746,25.137],[94.648,25.174],[94.631,25.19],[94.602,25.195],[94.585,25.216],[94.599,25.267],[94.599,25.289],[94.622,25.337],[94.631,25.387],[94.676,25.421],[94.682,25.46]]]},"properties":{"NAME_1":"Manipur"}},
{"type":"Feature","geometry":{"type":"Polygon","coordinates":[[[92.426,25.032],[92.466,25.057],[92.484,25.108],[92.527,25.106],[92.525,25.14],[92.582,25.132],[92.622,25.118],[92.644,25.151],[92.677,25.182],[92.747,25.208],[92.78,25.203],[92.803,25.222],[92.772,25.233],[92.77,25.269],[92.792,25.287],[92.784,25.333],[92.761,25.335],[92.736,25.374],[92.718,25.375],[92.674,25.417],[92.651,25.432],[92.607,25.419],[92.598,25.472],[92.581,25.495],[92.622,25.516],[92.645,25.537],[92.66,25.585],[92.587,25.553],[92.561,25.574],[92.558,25.612],[92.498,25.627],[92.465,25.682],[92.434,25.688],[92.416,25.74],[92.371,25.746],[92.339,25.727],[92.271,25.711],[92.237,25.708],[92.17,25.666],[92.156,25.709],[92.165,25.745],[92.151,25.784],[92.153,25.813],[92.181,25.851],[92.181,25.872],[92.225,25.902],[92.16,25.915],[92.156,25.945],[92.166,25.964],[92.201,25.986],[92.256,26.029],[92.274,26.066],[92.241,26.063],[92.178,26.08],[92.133,26.046],[92.093,26.049],[92.053,26.033],[91.991,26.041],[91.978,26.026],[91.934,26.015],[91.883,26.03],[91.869,26.057],[91.876,26.098],[91.819,26.119],[91.79,26.087],[91.731,26.059],[91.723,26.03],[91.72,25.954],[91.669,25.905],[91.648,25.914],[91.63,25.945],[91.638,25.965],[91.625,25.986],[91.632,26.022],[91.57,26.027],[91.551,25.975],[91.519,25.958],[91.469,25.859],[91.441,25.842],[91.413,25.854],[91.332,25.832],[91.276,25.747],[91.255,25.748],[91.224,25.723],[91.189,25.739],[91.18,25.776],[91.203,25.841],[91.153,25.85],[91.121,25.831],[91.067,25.826],[91.049,25.849],[91.021,25.823],[91.002,25.826],[91.014,25.884],[90.967,25.887],[90.958,25.934],[90.883,25.952],[90.87,25.942],[90.82,25.948],[90.797,25.941],[90.778,25.908],[90.741,25.915],[90.74,25.941],[90.713,25.952],[90.627,25.917],[90.629,25.937],[90.579,25.958],[90.571,25.939],[90.525,25.901],[90.534,25.958],[90.506,25.996],[90.477,26.015],[90.429,25.989],[90.396,26.014],[90.365,26.01],[90.33,25.989],[90.324,25.974],[90.287,25.964],[90.213,25.954],[90.114,25.957],[90.101,25.942],[90.096,25.94],[90.092,25.929],[90.081,25.925],[90.078,25.918],[90.072,25.919],[90.063,25.916],[90.059,25.91],[90.052,25.899],[90.028,25.894],[90.015,25.889],[90.014,25.872],[90.019,25.871],[90.022,25.866],[90.012,25.85],[89.997,25.844],[90.002,25.842],[89.968,25.826],[89.951,25.825],[89.946,25.82],[89.946,25.816],[89.952,25.811],[89.953,25.783],[89.955,25.774],[89.916,25.739],[89.899,25.744],[89.894,25.727],[89.913,25.707],[89.919,25.703],[89.932,25.69],[89.942,25.678],[89.947,25.659],[89.98,25.638],[89.999,25.622],[90.005,25.624],[90.018,25.608],[90.006,25.588],[89.995,25.586],[89.973,25.575],[89.918,25.563],[89.878,25.549],[89.87,25.544],[89.875,25.542],[89.871,25.537],[89.876,25.529],[89.874,25.514],[89.88,25.489],[89.869,25.476],[89.855,25.476],[89.822,25.385],[89.826,25.349],[89.861,25.288],[89.89,25.29],[89.906,25.307],[89.949,25.298],[89.975,25.301],[90.006,25.283],[90.057,25.264],[90.12,25.226],[90.175,25.224],[90.198,25.213],[90.279,25.2],[90.318,25.19],[90.337,25.194],[90.383,25.163],[90.416,25.159],[90.455,25.144],[90.508,25.171],[90.596,25.176],[90.637,25.172],[90.667,25.187],[90.704,25.155],[90.74,25.162],[90.785,25.184],[90.814,25.163],[90.854,25.156],[90.886,25.164],[90.93,25.161],[91.082,25.197],[91.138,25.194],[91.199,25.2],[91.256,25.195],[91.274,25.204],[91.308,25.183],[91.378,25.166],[91.425,25.166],[91.474,25.134],[91.514,25.145],[91.559,25.149],[91.58,25.173],[91.607,25.143],[91.645,25.123],[91.696,25.139],[91.707,25.159],[91.738,25.151],[91.757,25.18],[91.779,25.169],[91.837,25.182],[91.858,25.178],[91.922,25.187],[91.989,25.176],[92.066,25.19],[92.132,25.167],[92.139,25.146],[92.229,25.101],[92.31,25.073],[92.339,25.081],[92.347,25.052],[92.426,25.032]]]},"properties":{"NAME_1":"Meghalaya"}},
{"type":"Feature","geometry":{"type":"Polygon","coordinates":[[[93,24.403],[92.98,24.41],[92.936,24.396],[92.912,24.413],[92.863,24.399],[92.847,24.382],[92.804,24.422],[92.765,24.521],[92.731,24.453],[92.692,24.356],[92.626,24.334],[92.612,24.253],[92.588,24.245],[92.551,24.246],[92.53,24.175],[92.514,24.174],[92.509,24.169],[92.513,24.163],[92.51,24.163],[92.505,24.167],[92.502,24.162],[92.488,24.162],[92.485,24.159],[92.483,24.157],[92.484,24.154],[92.473,24.142],[92.467,24.135],[92.463,24.136],[92.442,24.153],[92.437,24.151],[92.435,24.163],[92.434,24.174],[92.419,24.194],[92.422,24.253],[92.314,24.253],[92.297,24.252],[92.295,24.248],[92.295,24.241],[92.297,24.238],[92.296,24.234],[92.299,24.232],[92.298,24.227],[92.301,24.225],[92.31,24.215],[92.316,24.213],[92.329,24.191],[92.327,24.186],[92.33,24.175],[92.332,24.164],[92.334,24.151],[92.336,24.144],[92.335,24.144],[92.332,24.144],[92.329,24.14],[92.328,24.135],[92.328,24.125],[92.332,24.113],[92.329,24.11],[92.332,24.105],[92.33,24.101],[92.317,24.067],[92.322,24.059],[92.32,24.051],[92.315,24.049],[92.317,24.038],[92.319,24.031],[92.317,24.028],[92.322,24.019],[92.319,24.019],[92.317,24.018],[92.329,23.99],[92.32,23.975],[92.313,23.97],[92.313,23.961],[92.313,23.957],[92.313,23.935],[92.321,23.926],[92.331,23.921],[92.33,23.906],[92.324,23.905],[92.322,23.891],[92.318,23.888],[92.319,23.884],[92.317,23.882],[92.317,23.879],[92.32,23.878],[92.322,23.87],[92.318,23.867],[92.32,23.865],[92.307,23.864],[92.301,23.866],[92.295,23.87],[92.294,23.871],[92.288,23.867],[92.274,23.844],[92.277,23.837],[92.282,23.831],[92.284,23.824],[92.283,23.823],[92.287,23.817],[92.281,23.815],[92.269,23.818],[92.262,23.805],[92.267,23.762],[92.266,23.739],[92.269,23.729],[92.295,23.694],[92.28,23.644],[92.3,23.625],[92.318,23.555],[92.313,23.534],[92.326,23.508],[92.341,23.431],[92.361,23.41],[92.36,23.381],[92.384,23.354],[92.374,23.321],[92.409,23.242],[92.361,23.238],[92.362,23.197],[92.372,23.16],[92.365,23.11],[92.394,23.058],[92.382,23.01],[92.376,22.94],[92.419,22.913],[92.431,22.89],[92.458,22.872],[92.458,22.826],[92.478,22.798],[92.485,22.764],[92.518,22.708],[92.532,22.656],[92.542,22.554],[92.558,22.463],[92.566,22.392],[92.588,22.321],[92.586,22.289],[92.598,22.257],[92.605,22.183],[92.615,22.147],[92.571,22.132],[92.605,22.058],[92.612,21.98],[92.638,21.989],[92.659,22.015],[92.681,22.014],[92.69,22.041],[92.703,22.154],[92.733,22.15],[92.774,22.111],[92.817,22.096],[92.849,22.062],[92.87,22.061],[92.875,22.03],[92.894,22.012],[92.916,21.965],[92.942,22.018],[92.967,22.027],[92.988,21.983],[93.009,21.984],[93.001,22.056],[93.016,22.105],[93.066,22.102],[93.047,22.139],[93.055,22.165],[93.045,22.194],[93.077,22.21],[93.117,22.201],[93.131,22.179],[93.163,22.182],[93.147,22.247],[93.19,22.25],[93.202,22.281],[93.197,22.38],[93.191,22.427],[93.175,22.451],[93.146,22.458],[93.135,22.475],[93.131,22.526],[93.116,22.555],[93.146,22.586],[93.136,22.623],[93.115,22.639],[93.092,22.709],[93.113,22.744],[93.099,22.81],[93.116,22.816],[93.122,22.863],[93.138,22.893],[93.163,22.914],[93.143,22.964],[93.148,22.981],[93.129,23.001],[93.133,23.048],[93.206,23.057],[93.253,23.006],[93.302,23.008],[93.333,23.036],[93.358,23.078],[93.365,23.117],[93.394,23.139],[93.374,23.15],[93.395,23.224],[93.378,23.256],[93.379,23.333],[93.366,23.354],[93.414,23.388],[93.398,23.411],[93.408,23.508],[93.428,23.534],[93.424,23.569],[93.433,23.582],[93.428,23.654],[93.445,23.682],[93.417,23.712],[93.404,23.775],[93.41,23.814],[93.399,23.824],[93.396,23.887],[93.399,23.93],[93.365,23.946],[93.352,23.978],[93.337,23.983],[93.342,24.031],[93.337,24.053],[93.288,24.052],[93.274,24.034],[93.252,24.034],[93.264,24.073],[93.227,24.087],[93.217,24.05],[93.176,24.054],[93.17,24.075],[93.148,24.088],[93.129,24.064],[93.102,24.074],[93.079,24.103],[93.054,24.091],[93.021,24.101],[92.986,24.129],[93.005,24.161],[93.024,24.218],[93.007,24.254],[93.008,24.28],[93.035,24.318],[93.022,24.347],[93.024,24.39],[93,24.403]]]},"properties":{"NAME_1":"Mizoram"}},
{"type":"Feature","geometry":{"type":"Polygon","coordinates":[[[95.238,26.686],[95.236,26.712],[95.216,26.735],[95.219,26.756],[95.243,26.785],[95.215,26.798],[95.185,26.865],[95.23,26.886],[95.234,26.921],[95.217,26.934],[95.195,26.99],[95.196,27.043],[95.155,27.006],[95.117,26.984],[95.087,26.953],[95.038,26.938],[95.021,26.925],[94.986,26.918],[94.957,26.944],[94.914,26.943],[94.886,26.932],[94.852,26.881],[94.821,26.854],[94.802,26.806],[94.773,26.795],[94.756,26.772],[94.732,26.764],[94.687,26.733],[94.621,26.721],[94.593,26.726],[94.592,26.703],[94.545,26.711],[94.52,26.701],[94.498,26.674],[94.468,26.67],[94.455,26.639],[94.41,26.616],[94.415,26.583],[94.397,26.53],[94.324,26.479],[94.294,26.481],[94.282,26.564],[94.24,26.511],[94.187,26.461],[94.176,26.432],[94.179,26.389],[94.164,26.36],[94.108,26.326],[94.07,26.26],[94.053,26.256],[94.036,26.203],[94.013,26.186],[94.006,26.147],[93.986,26.084],[93.991,26.073],[93.966,26.042],[93.955,26.007],[93.956,25.974],[93.983,25.926],[93.96,25.905],[93.916,25.888],[93.883,25.846],[93.852,25.863],[93.824,25.847],[93.819,25.826],[93.796,25.814],[93.78,25.846],[93.798,25.91],[93.785,25.958],[93.75,25.937],[93.688,25.909],[93.706,25.853],[93.678,25.829],[93.648,25.824],[93.629,25.804],[93.622,25.78],[93.584,25.758],[93.545,25.727],[93.544,25.702],[93.483,25.646],[93.466,25.644],[93.418,25.621],[93.373,25.569],[93.333,25.549],[93.391,25.486],[93.39,25.469],[93.417,25.453],[93.457,25.442],[93.478,25.38],[93.452,25.344],[93.474,25.309],[93.477,25.279],[93.511,25.276],[93.504,25.253],[93.563,25.247],[93.575,25.228],[93.608,25.202],[93.687,25.331],[93.693,25.362],[93.712,25.358],[93.74,25.384],[93.747,25.406],[93.781,25.425],[93.809,25.466],[93.814,25.485],[93.764,25.515],[93.779,25.538],[93.82,25.544],[93.836,25.563],[93.862,25.558],[93.892,25.568],[93.965,25.557],[93.98,25.571],[94.012,25.575],[94.01,25.595],[94.069,25.559],[94.092,25.533],[94.139,25.524],[94.153,25.548],[94.192,25.551],[94.191,25.531],[94.223,25.497],[94.274,25.503],[94.303,25.495],[94.426,25.553],[94.422,25.576],[94.474,25.622],[94.491,25.62],[94.54,25.651],[94.573,25.698],[94.597,25.687],[94.576,25.645],[94.584,25.634],[94.556,25.586],[94.563,25.54],[94.557,25.513],[94.625,25.469],[94.659,25.457],[94.682,25.46],[94.689,25.465],[94.773,25.481],[94.812,25.495],[94.837,25.55],[94.853,25.563],[94.905,25.567],[94.888,25.588],[94.921,25.615],[94.935,25.665],[94.984,25.704],[95.009,25.739],[95.034,25.741],[95.053,25.763],[95.049,25.81],[95.015,25.872],[95.028,25.92],[95.057,25.947],[95.106,25.968],[95.118,25.988],[95.165,26.035],[95.166,26.053],[95.185,26.085],[95.166,26.099],[95.127,26.101],[95.128,26.137],[95.117,26.163],[95.128,26.203],[95.143,26.214],[95.121,26.239],[95.121,26.275],[95.131,26.292],[95.128,26.355],[95.136,26.388],[95.105,26.401],[95.109,26.424],[95.069,26.467],[95.121,26.53],[95.115,26.548],[95.154,26.581],[95.155,26.619],[95.182,26.643],[95.206,26.649],[95.238,26.686]]]},"properties":{"NAME_1":"Nagaland"}},
{"type":"Feature","geometry":{"type":"MultiPolygon","coordinates":[[[[84.73,19.089],[84.761,19.071],[84.781,19.103],[84.73,19.089]]],[[[86.27,20.058],[86.246,20.038],[86.28,20.027],[86.293,20.046],[86.27,20.058]]],[[[86.871,20.772],[86.85,20.774],[86.83,20.76],[86.802,20.683],[86.776,20.651],[86.822,20.647],[86.828,20.674],[86.854,20.657],[86.893,20.695],[86.935,20.717],[87.001,20.716],[87.007,20.743],[86.991,20.772],[86.963,20.767],[86.871,20.772]]],[[[86.723,22.215],[86.682,22.22],[86.648,22.236],[86.646,22.261],[86.59,22.282],[86.578,22.298],[86.525,22.303],[86.5,22.341],[86.424,22.306],[86.353,22.345],[86.288,22.425],[86.265,22.44],[86.22,22.449],[86.202,22.47],[86.101,22.49],[86.069,22.543],[86.038,22.564],[86.028,22.534],[85.996,22.509],[85.969,22.5],[85.954,22.456],[85.993,22.422],[86.009,22.424],[86.021,22.382],[86.017,22.362],[85.993,22.338],[86.02,22.329],[86.018,22.305],[85.97,22.243],[86.027,22.185],[85.995,22.132],[86.003,22.113],[85.943,22.019],[85.929,22.019],[85.894,21.978],[85.784,21.979],[85.761,21.99],[85.756,22.008],[85.779,22.036],[85.77,22.051],[85.788,22.077],[85.831,22.077],[85.802,22.111],[85.722,22.058],[85.682,22.049],[85.645,22.09],[85.591,22.074],[85.486,22.116],[85.457,22.136],[85.41,22.156],[85.363,22.155],[85.362,22.125],[85.323,22.125],[85.274,22.08],[85.241,22.013],[85.215,22.011],[85.211,22.043],[85.141,22.074],[85.119,22.066],[85.099,22.096],[85.044,22.111],[85.02,22.103],[85.002,22.08],[84.98,22.091],[85.024,22.112],[85.025,22.154],[85.069,22.231],[85.071,22.272],[85.105,22.291],[85.114,22.314],[85.086,22.317],[85.093,22.341],[85.074,22.349],[85.083,22.378],[85.075,22.413],[85.057,22.445],[85.073,22.473],[85.051,22.479],[84.96,22.444],[84.917,22.434],[84.908,22.42],[84.88,22.418],[84.878,22.443],[84.836,22.428],[84.801,22.444],[84.753,22.442],[84.744,22.415],[84.662,22.414],[84.632,22.429],[84.502,22.415],[84.474,22.402],[84.473,22.383],[84.448,22.379],[84.426,22.352],[84.394,22.344],[84.372,22.349],[84.289,22.337],[84.266,22.348],[84.247,22.374],[84.194,22.372],[84.152,22.401],[84.136,22.421],[84.137,22.467],[84.106,22.474],[84.058,22.51],[84.003,22.521],[83.976,22.502],[84.042,22.464],[84.04,22.433],[84.014,22.404],[84.001,22.37],[83.967,22.358],[83.916,22.36],[83.897,22.34],[83.861,22.344],[83.822,22.316],[83.821,22.296],[83.798,22.29],[83.771,22.257],[83.746,22.241],[83.693,22.246],[83.646,22.225],[83.619,22.196],[83.606,22.158],[83.557,22.1],[83.6,22.066],[83.584,22.055],[83.538,22.055],[83.534,22.022],[83.549,22.007],[83.535,21.964],[83.588,21.926],[83.6,21.911],[83.572,21.872],[83.584,21.853],[83.574,21.83],[83.531,21.832],[83.537,21.794],[83.491,21.809],[83.476,21.774],[83.484,21.742],[83.456,21.694],[83.432,21.694],[83.42,21.675],[83.441,21.655],[83.483,21.64],[83.463,21.606],[83.441,21.618],[83.441,21.649],[83.381,21.613],[83.362,21.573],[83.342,21.485],[83.35,21.444],[83.37,21.436],[83.394,21.399],[83.394,21.361],[83.375,21.34],[83.27,21.375],[83.255,21.332],[83.268,21.269],[83.242,21.276],[83.214,21.251],[83.219,21.224],[83.208,21.201],[83.193,21.139],[83.161,21.131],[83.12,21.101],[83.041,21.119],[83.01,21.145],[82.98,21.157],[82.902,21.163],[82.879,21.149],[82.84,21.163],[82.812,21.159],[82.782,21.141],[82.758,21.159],[82.685,21.158],[82.636,21.149],[82.645,21.102],[82.609,21.064],[82.622,21.037],[82.604,21.006],[82.582,20.987],[82.553,20.941],[82.483,20.9],[82.478,20.847],[82.46,20.836],[82.416,20.826],[82.401,20.862],[82.368,20.864],[82.347,20.884],[82.334,20.841],[82.339,20.79],[82.335,20.759],[82.346,20.729],[82.343,20.699],[82.366,20.661],[82.368,20.63],[82.343,20.575],[82.324,20.554],[82.349,20.523],[82.38,20.51],[82.388,20.453],[82.419,20.457],[82.429,20.426],[82.41,20.403],[82.41,20.377],[82.394,20.336],[82.422,20.31],[82.428,20.279],[82.405,20.264],[82.414,20.202],[82.406,20.179],[82.379,20.145],[82.391,20.119],[82.396,20.049],[82.476,20.03],[82.502,20.014],[82.544,20.012],[82.582,19.99],[82.614,19.987],[82.65,19.999],[82.701,19.993],[82.711,19.983],[82.7,19.907],[82.711,19.849],[82.698,19.827],[82.646,19.825],[82.619,19.786],[82.578,19.776],[82.572,19.828],[82.597,19.86],[82.53,19.882],[82.498,19.885],[82.476,19.901],[82.442,19.903],[82.389,19.882],[82.339,19.83],[82.298,19.883],[82.262,19.972],[82.231,19.998],[82.204,19.98],[82.184,19.981],[82.132,20.013],[82.116,20.01],[82.058,20.05],[82.049,20.035],[82.015,20.02],[82.013,20.041],[81.993,20.048],[81.974,20.076],[81.934,20.099],[81.889,20.043],[81.86,20.023],[81.837,19.95],[81.858,19.9],[81.898,19.879],[81.96,19.855],[81.957,19.836],[81.98,19.796],[82.052,19.791],[82.057,19.753],[82.044,19.738],[82.038,19.704],[82.051,19.624],[82.035,19.583],[82.046,19.539],[82.022,19.502],[82.092,19.51],[82.097,19.461],[82.119,19.424],[82.17,19.429],[82.183,19.412],[82.166,19.366],[82.142,19.348],[82.18,19.332],[82.169,19.291],[82.152,19.265],[82.156,19.197],[82.173,19.184],[82.179,19.159],[82.168,19.134],[82.191,19.116],[82.209,19.079],[82.194,19.06],[82.222,19.021],[82.24,18.91],[82.214,18.912],[82.171,18.892],[82.158,18.852],[82.165,18.83],[82.145,18.773],[82.091,18.756],[82.079,18.712],[82.034,18.719],[81.955,18.68],[81.947,18.629],[81.916,18.636],[81.888,18.621],[81.955,18.587],[81.947,18.559],[81.901,18.557],[81.897,18.528],[81.863,18.517],[81.85,18.489],[81.762,18.411],[81.745,18.345],[81.658,18.339],[81.66,18.316],[81.616,18.301],[81.593,18.301],[81.568,18.273],[81.528,18.259],[81.526,18.237],[81.505,18.184],[81.523,18.157],[81.509,18.092],[81.474,18.029],[81.477,17.974],[81.444,17.922],[81.437,17.876],[81.396,17.888],[81.398,17.847],[81.385,17.807],[81.409,17.805],[81.47,17.823],[81.481,17.803],[81.554,17.816],[81.575,17.827],[81.611,17.815],[81.643,17.839],[81.663,17.877],[81.688,17.885],[81.703,17.861],[81.758,17.893],[81.786,17.914],[81.801,17.936],[81.936,17.984],[82.002,18.024],[82.002,18.045],[82.025,18.058],[82.06,18.045],[82.072,18.066],[82.092,18.053],[82.164,18.042],[82.177,18.011],[82.197,18.009],[82.242,17.98],[82.267,17.986],[82.271,18.011],[82.258,18.035],[82.288,18.061],[82.304,18.04],[82.336,18.047],[82.343,18.082],[82.332,18.094],[82.333,18.142],[82.349,18.162],[82.31,18.175],[82.306,18.196],[82.333,18.216],[82.337,18.266],[82.367,18.271],[82.393,18.306],[82.384,18.319],[82.345,18.322],[82.376,18.353],[82.384,18.372],[82.361,18.41],[82.397,18.452],[82.427,18.477],[82.437,18.497],[82.474,18.537],[82.481,18.515],[82.523,18.504],[82.529,18.443],[82.554,18.438],[82.536,18.408],[82.556,18.389],[82.601,18.366],[82.59,18.319],[82.589,18.257],[82.632,18.229],[82.665,18.291],[82.698,18.296],[82.767,18.331],[82.784,18.354],[82.787,18.39],[82.776,18.42],[82.799,18.439],[82.819,18.433],[82.891,18.392],[82.885,18.379],[82.903,18.356],[82.976,18.355],[82.992,18.375],[83.04,18.37],[83.066,18.392],[83.037,18.435],[83.016,18.448],[83.052,18.477],[83.089,18.533],[83.051,18.535],[83.008,18.588],[83.02,18.605],[83.012,18.639],[83.051,18.654],[83.078,18.705],[83.133,18.772],[83.185,18.744],[83.266,18.757],[83.28,18.79],[83.36,18.807],[83.399,18.834],[83.388,18.871],[83.348,18.921],[83.361,18.953],[83.313,18.967],[83.335,19.007],[83.362,18.995],[83.409,18.996],[83.415,18.978],[83.443,18.948],[83.462,18.959],[83.449,19],[83.475,19],[83.459,19.07],[83.477,19.075],[83.505,19.065],[83.514,19.025],[83.535,19.029],[83.551,19.05],[83.579,19.05],[83.582,19.076],[83.604,19.093],[83.594,19.12],[83.619,19.142],[83.645,19.113],[83.657,19.075],[83.684,19.044],[83.706,18.985],[83.726,18.976],[83.788,19.008],[83.816,18.949],[83.813,18.934],[83.835,18.909],[83.844,18.851],[83.864,18.839],[83.87,18.818],[83.908,18.816],[83.982,18.8],[84.007,18.804],[84.048,18.783],[84.066,18.752],[84.092,18.745],[84.159,18.775],[84.18,18.769],[84.217,18.787],[84.246,18.773],[84.284,18.791],[84.3,18.782],[84.332,18.792],[84.344,18.812],[84.334,18.864],[84.362,18.851],[84.386,18.883],[84.41,18.891],[84.429,18.914],[84.416,18.938],[84.441,18.967],[84.435,18.977],[84.426,18.984],[84.426,18.989],[84.425,18.995],[84.415,19.012],[84.42,19.013],[84.422,19.009],[84.437,18.997],[84.472,18.981],[84.476,18.992],[84.478,19.008],[84.489,19.021],[84.498,19.025],[84.51,19.037],[84.548,19.046],[84.56,19.06],[84.568,19.063],[84.571,19.06],[84.578,19.062],[84.574,19.035],[84.588,19.013],[84.6,19.033],[84.609,19.047],[84.612,19.05],[84.623,19.056],[84.625,19.053],[84.63,19.05],[84.634,19.056],[84.648,19.056],[84.655,19.052],[84.663,19.064],[84.645,19.084],[84.634,19.075],[84.624,19.074],[84.617,19.09],[84.606,19.093],[84.596,19.115],[84.629,19.121],[84.647,19.12],[84.661,19.122],[84.666,19.135],[84.665,19.157],[84.681,19.15],[84.698,19.15],[84.702,19.151],[84.697,19.125],[84.694,19.122],[84.698,19.11],[84.698,19.109],[84.719,19.096],[84.703,19.119],[84.724,19.14],[84.747,19.143],[84.746,19.118],[84.777,19.11],[84.844,19.196],[84.886,19.238],[84.985,19.319],[85.061,19.363],[85.106,19.415],[85.139,19.443],[85.295,19.554],[85.419,19.623],[85.493,19.654],[85.68,19.746],[85.846,19.801],[85.953,19.83],[86.045,19.847],[86.132,19.87],[86.228,19.901],[86.296,19.936],[86.363,19.953],[86.329,19.979],[86.295,20.024],[86.255,20.018],[86.241,20.029],[86.248,20.053],[86.262,20.062],[86.294,20.054],[86.328,20.03],[86.348,19.982],[86.387,19.976],[86.411,20],[86.414,20.041],[86.476,20.101],[86.495,20.153],[86.488,20.167],[86.536,20.2],[86.618,20.237],[86.675,20.258],[86.716,20.286],[86.769,20.331],[86.79,20.359],[86.782,20.388],[86.749,20.406],[86.733,20.403],[86.733,20.455],[86.759,20.506],[86.784,20.536],[86.873,20.598],[87.027,20.696],[86.935,20.711],[86.901,20.696],[86.85,20.652],[86.823,20.646],[86.767,20.644],[86.816,20.724],[86.818,20.761],[86.835,20.777],[86.881,20.798],[86.958,20.785],[86.97,20.828],[86.959,20.864],[86.911,20.955],[86.889,21.016],[86.858,21.055],[86.824,21.138],[86.823,21.192],[86.845,21.22],[86.846,21.237],[86.892,21.316],[86.996,21.421],[87.053,21.462],[87.064,21.464],[87.114,21.508],[87.207,21.546],[87.303,21.556],[87.383,21.549],[87.456,21.597],[87.482,21.609],[87.482,21.614],[87.461,21.644],[87.46,21.657],[87.468,21.677],[87.468,21.696],[87.469,21.698],[87.463,21.717],[87.466,21.724],[87.465,21.726],[87.444,21.732],[87.451,21.735],[87.443,21.742],[87.444,21.761],[87.439,21.764],[87.425,21.766],[87.392,21.769],[87.383,21.771],[87.37,21.768],[87.355,21.779],[87.34,21.784],[87.337,21.779],[87.333,21.787],[87.326,21.786],[87.323,21.786],[87.317,21.789],[87.318,21.791],[87.306,21.794],[87.297,21.795],[87.295,21.804],[87.281,21.799],[87.273,21.804],[87.273,21.806],[87.262,21.814],[87.268,21.82],[87.262,21.833],[87.255,21.844],[87.245,21.856],[87.249,21.867],[87.235,21.896],[87.252,21.918],[87.235,21.934],[87.232,21.94],[87.235,21.954],[87.224,21.954],[87.221,21.953],[87.203,21.956],[87.175,21.966],[87.167,21.973],[87.16,21.949],[87.158,21.931],[87.152,21.928],[87.114,21.922],[87.11,21.918],[87.105,21.918],[87.091,21.899],[87.089,21.895],[87.089,21.892],[87.096,21.886],[87.096,21.882],[87.078,21.86],[87.03,21.865],[86.998,21.908],[87.006,21.941],[87.034,21.989],[87.018,22.041],[86.995,22.046],[86.957,22.083],[86.909,22.086],[86.848,22.098],[86.806,22.114],[86.79,22.154],[86.752,22.144],[86.715,22.143],[86.713,22.178],[86.723,22.215]]]]},"properties":{"NAME_1":"Orissa"}},
{"type":"Feature","geometry":{"type":"MultiPolygon","coordinates":[[[[79.761,10.981],[79.743,10.985],[79.73,10.985],[79.732,10.975],[79.738,10.969],[79.74,10.966],[79.741,10.963],[79.74,10.956],[79.746,10.949],[79.74,10.944],[79.727,10.952],[79.715,10.953],[79.704,10.948],[79.716,10.938],[79.721,10.935],[79.708,10.923],[79.704,10.921],[79.71,10.919],[79.708,10.915],[79.709,10.914],[79.721,10.911],[79.72,10.906],[79.724,10.908],[79.726,10.907],[79.728,10.902],[79.743,10.899],[79.748,10.895],[79.754,10.887],[79.76,10.883],[79.773,10.89],[79.776,10.882],[79.77,10.878],[79.776,10.876],[79.785,10.874],[79.79,10.862],[79.807,10.853],[79.792,10.849],[79.793,10.839],[79.803,10.834],[79.808,10.831],[79.813,10.829],[79.814,10.818],[79.813,10.814],[79.836,10.812],[79.851,10.814],[79.853,10.969],[79.851,10.976],[79.835,10.977],[79.834,10.977],[79.825,10.985],[79.81,10.982],[79.803,10.985],[79.796,10.983],[79.79,10.973],[79.774,10.977],[79.761,10.981]]],[[[79.706,11.977],[79.669,12.007],[79.659,11.997],[79.652,11.998],[79.647,11.993],[79.642,11.976],[79.695,11.975],[79.702,11.952],[79.684,11.927],[79.725,11.892],[79.693,11.854],[79.73,11.847],[79.755,11.858],[79.786,11.838],[79.8,11.808],[79.824,11.882],[79.838,11.941],[79.825,11.94],[79.805,11.963],[79.798,11.964],[79.792,11.957],[79.79,11.943],[79.776,11.946],[79.773,11.947],[79.769,11.941],[79.764,11.935],[79.748,11.915],[79.741,11.907],[79.734,11.947],[79.716,11.967],[79.718,11.969],[79.727,11.962],[79.745,11.971],[79.752,11.976],[79.729,11.986],[79.725,11.978],[79.717,11.975],[79.706,11.977]]],[[[75.378,12.146],[75.372,12.146],[75.367,12.135],[75.346,12.139],[75.325,12.145],[75.321,12.144],[75.311,12.136],[75.31,12.132],[75.284,12.115],[75.278,12.102],[75.266,12.104],[75.256,12.109],[75.247,12.104],[75.241,12.109],[75.237,12.11],[75.221,12.101],[75.224,12.054],[75.227,12.044],[75.231,12.024],[75.263,12.003],[75.268,12.025],[75.299,12.029],[75.312,12.049],[75.305,12.053],[75.301,12.058],[75.297,12.064],[75.315,12.088],[75.309,12.103],[75.32,12.107],[75.33,12.103],[75.336,12.099],[75.352,12.109],[75.369,12.121],[75.379,12.122],[75.382,12.129],[75.392,12.126],[75.402,12.134],[75.4,12.141],[75.389,12.146],[75.378,12.146]]],[[[82.3,16.714],[82.281,16.723],[82.22,16.718],[82.197,16.736],[82.179,16.716],[82.215,16.71],[82.258,16.69],[82.243,16.708],[82.299,16.714],[82.3,16.714]]]]},"properties":{"NAME_1":"Puducherry"}},
{"type":"Feature","geometry":{"type":"Polygon","coordinates":[[[76.77,30.906],[76.726,30.939],[76.713,30.963],[76.668,30.97],[76.61,31.004],[76.614,31.022],[76.599,31.054],[76.626,31.11],[76.589,31.128],[76.599,31.151],[76.59,31.183],[76.635,31.213],[76.571,31.28],[76.546,31.256],[76.511,31.283],[76.489,31.273],[76.467,31.31],[76.448,31.306],[76.428,31.325],[76.391,31.379],[76.39,31.397],[76.359,31.416],[76.316,31.402],[76.33,31.38],[76.33,31.345],[76.302,31.326],[76.206,31.305],[76.173,31.307],[76.166,31.341],[76.14,31.353],[76.134,31.383],[76.157,31.405],[76.128,31.444],[76.108,31.495],[76.084,31.537],[76.003,31.647],[76.005,31.663],[75.977,31.705],[75.945,31.781],[75.922,31.817],[75.953,31.824],[75.95,31.848],[75.895,31.95],[75.836,31.982],[75.795,31.989],[75.734,32.037],[75.71,32.036],[75.692,32.059],[75.649,32.077],[75.599,32.066],[75.579,32.082],[75.611,32.1],[75.655,32.146],[75.656,32.177],[75.62,32.185],[75.623,32.235],[75.676,32.264],[75.736,32.274],[75.844,32.379],[75.872,32.398],[75.926,32.412],[75.935,32.425],[75.915,32.449],[75.855,32.5],[75.851,32.521],[75.873,32.576],[75.838,32.538],[75.804,32.487],[75.779,32.475],[75.746,32.476],[75.712,32.418],[75.648,32.389],[75.593,32.382],[75.545,32.361],[75.524,32.34],[75.516,32.298],[75.468,32.318],[75.474,32.339],[75.415,32.324],[75.379,32.329],[75.332,32.345],[75.322,32.337],[75.337,32.323],[75.34,32.289],[75.367,32.269],[75.364,32.238],[75.323,32.201],[75.309,32.155],[75.283,32.142],[75.272,32.113],[75.239,32.087],[75.212,32.119],[75.193,32.115],[75.185,32.084],[75.12,32.083],[75.069,32.058],[75.051,32.041],[74.998,32.029],[74.96,32.055],[74.926,32.066],[74.868,32.031],[74.818,31.994],[74.801,31.962],[74.736,31.937],[74.709,31.958],[74.703,31.925],[74.652,31.91],[74.556,31.829],[74.56,31.815],[74.544,31.776],[74.552,31.757],[74.518,31.745],[74.517,31.723],[74.578,31.623],[74.601,31.568],[74.599,31.528],[74.573,31.52],[74.642,31.462],[74.625,31.424],[74.595,31.397],[74.552,31.298],[74.53,31.299],[74.511,31.272],[74.522,31.248],[74.501,31.18],[74.506,31.136],[74.544,31.117],[74.546,31.089],[74.588,31.093],[74.592,31.127],[74.626,31.136],[74.679,31.129],[74.694,31.095],[74.683,31.072],[74.656,31.055],[74.6,31.044],[74.572,31.067],[74.553,31.063],[74.532,31.009],[74.539,30.997],[74.497,30.967],[74.471,30.966],[74.421,30.926],[74.419,30.912],[74.366,30.885],[74.372,30.853],[74.316,30.848],[74.308,30.821],[74.265,30.773],[74.274,30.743],[74.254,30.723],[74.232,30.72],[74.197,30.672],[74.151,30.633],[74.124,30.629],[74.092,30.598],[74.091,30.573],[73.989,30.505],[73.963,30.458],[73.932,30.458],[73.928,30.421],[73.903,30.417],[73.873,30.383],[73.876,30.361],[73.897,30.349],[73.934,30.303],[73.958,30.262],[73.966,30.195],[73.962,30.128],[73.918,30.068],[73.898,30.054],[73.881,29.996],[73.891,29.97],[74.069,29.969],[74.252,29.955],[74.29,29.956],[74.404,29.947],[74.519,29.943],[74.573,29.926],[74.586,29.915],[74.64,29.904],[74.64,29.922],[74.681,29.949],[74.696,29.972],[74.724,29.962],[74.776,29.974],[74.801,29.993],[74.85,29.959],[74.872,29.959],[74.924,29.942],[74.943,29.903],[74.97,29.89],[74.99,29.856],[75.037,29.882],[75.065,29.879],[75.078,29.912],[75.103,29.897],[75.101,29.868],[75.086,29.845],[75.102,29.803],[75.125,29.806],[75.15,29.792],[75.155,29.82],[75.182,29.839],[75.201,29.83],[75.198,29.796],[75.231,29.752],[75.221,29.733],[75.198,29.731],[75.187,29.712],[75.189,29.681],[75.159,29.669],[75.173,29.63],[75.221,29.607],[75.211,29.582],[75.238,29.552],[75.291,29.562],[75.305,29.588],[75.28,29.603],[75.308,29.633],[75.318,29.671],[75.362,29.713],[75.379,29.711],[75.397,29.761],[75.444,29.786],[75.444,29.808],[75.506,29.774],[75.556,29.766],[75.563,29.744],[75.623,29.754],[75.625,29.773],[75.666,29.773],[75.697,29.755],[75.706,29.809],[75.748,29.812],[75.772,29.825],[75.796,29.807],[75.82,29.815],[75.864,29.752],[75.897,29.756],[75.934,29.733],[75.973,29.732],[76.004,29.751],[76.041,29.749],[76.074,29.781],[76.078,29.806],[76.116,29.796],[76.139,29.817],[76.167,29.818],[76.194,29.845],[76.229,29.855],[76.225,29.885],[76.183,29.894],[76.179,29.946],[76.204,29.944],[76.189,30.004],[76.199,30.035],[76.23,30.081],[76.231,30.109],[76.205,30.128],[76.211,30.156],[76.251,30.119],[76.293,30.119],[76.328,30.11],[76.349,30.128],[76.39,30.128],[76.402,30.158],[76.381,30.183],[76.399,30.199],[76.429,30.18],[76.426,30.148],[76.452,30.101],[76.491,30.097],[76.501,30.077],[76.534,30.083],[76.555,30.099],[76.59,30.079],[76.619,30.095],[76.629,30.135],[76.623,30.17],[76.639,30.206],[76.612,30.226],[76.59,30.254],[76.671,30.319],[76.698,30.325],[76.739,30.36],[76.7,30.394],[76.749,30.427],[76.808,30.412],[76.832,30.434],[76.865,30.409],[76.898,30.363],[76.927,30.389],[76.89,30.437],[76.894,30.49],[76.912,30.494],[76.92,30.525],[76.885,30.54],[76.913,30.6],[76.9,30.62],[76.859,30.641],[76.863,30.672],[76.819,30.661],[76.82,30.686],[76.811,30.685],[76.806,30.68],[76.794,30.669],[76.738,30.689],[76.733,30.697],[76.725,30.704],[76.727,30.708],[76.715,30.713],[76.715,30.715],[76.71,30.735],[76.693,30.757],[76.691,30.76],[76.718,30.769],[76.729,30.776],[76.735,30.783],[76.738,30.79],[76.74,30.791],[76.746,30.795],[76.751,30.797],[76.768,30.795],[76.776,30.784],[76.773,30.783],[76.781,30.774],[76.796,30.786],[76.802,30.782],[76.803,30.778],[76.793,30.767],[76.828,30.764],[76.847,30.793],[76.828,30.833],[76.801,30.843],[76.769,30.877],[76.77,30.906]]]},"properties":{"NAME_1":"Punjab"}},
{"type":"Feature","geometry":{"type":"Polygon","coordinates":[[[74.519,29.943],[74.404,29.947],[74.29,29.956],[74.252,29.955],[74.069,29.969],[73.891,29.97],[73.881,29.996],[73.898,30.054],[73.918,30.068],[73.962,30.128],[73.966,30.195],[73.838,30.109],[73.794,30.07],[73.754,30.057],[73.611,30.022],[73.413,29.949],[73.385,29.926],[73.34,29.769],[73.271,29.557],[73.191,29.429],[73.137,29.329],[73.078,29.233],[73,29.147],[72.944,29.03],[72.928,29.02],[72.741,28.948],[72.651,28.903],[72.52,28.829],[72.385,28.764],[72.326,28.699],[72.302,28.665],[72.209,28.4],[72.184,28.358],[72.126,28.304],[71.996,28.207],[71.931,28.122],[71.912,28.048],[71.897,27.957],[71.658,27.869],[71.587,27.87],[71.531,27.865],[71.41,27.866],[71.273,27.842],[71.209,27.824],[71.034,27.757],[70.907,27.701],[70.819,27.704],[70.758,27.717],[70.738,27.742],[70.678,27.839],[70.672,27.914],[70.661,27.931],[70.563,28.02],[70.53,28.032],[70.479,28.034],[70.366,28.008],[70.303,27.946],[70.208,27.885],[70.157,27.834],[70.108,27.767],[70.025,27.57],[70.016,27.556],[69.936,27.502],[69.862,27.403],[69.813,27.36],[69.666,27.251],[69.587,27.178],[69.565,27.138],[69.513,27.017],[69.501,26.9],[69.484,26.806],[69.508,26.748],[69.522,26.736],[69.722,26.654],[69.772,26.614],[69.815,26.592],[69.856,26.583],[69.918,26.583],[70.025,26.599],[70.066,26.599],[70.107,26.59],[70.15,26.568],[70.168,26.551],[70.184,26.487],[70.176,26.433],[70.178,26.35],[70.167,26.307],[70.173,26.245],[70.159,26.194],[70.145,26.166],[70.094,26.097],[70.08,26.058],[70.091,25.965],[70.107,25.924],[70.165,25.844],[70.178,25.819],[70.203,25.805],[70.245,25.766],[70.272,25.709],[70.285,25.699],[70.375,25.668],[70.4,25.664],[70.49,25.676],[70.533,25.676],[70.602,25.703],[70.647,25.707],[70.666,25.697],[70.681,25.661],[70.676,25.524],[70.688,25.518],[70.674,25.389],[70.744,25.321],[70.759,25.275],[70.809,25.224],[70.894,25.144],[70.926,24.995],[70.945,24.935],[71.004,24.853],[71.035,24.799],[71.073,24.712],[71.107,24.681],[71.119,24.669],[71.172,24.649],[71.207,24.64],[71.242,24.627],[71.261,24.621],[71.298,24.608],[71.326,24.643],[71.357,24.654],[71.381,24.621],[71.422,24.638],[71.451,24.659],[71.488,24.674],[71.537,24.679],[71.617,24.671],[71.662,24.633],[71.716,24.654],[71.746,24.654],[71.785,24.669],[71.813,24.661],[71.812,24.622],[71.847,24.615],[71.869,24.623],[71.863,24.649],[71.871,24.672],[71.926,24.662],[71.935,24.627],[71.967,24.638],[71.993,24.657],[71.994,24.678],[72.052,24.706],[72.085,24.697],[72.085,24.653],[72.117,24.633],[72.151,24.634],[72.162,24.616],[72.186,24.609],[72.23,24.633],[72.275,24.622],[72.277,24.599],[72.251,24.58],[72.272,24.55],[72.295,24.538],[72.358,24.553],[72.386,24.501],[72.421,24.508],[72.448,24.493],[72.437,24.461],[72.456,24.438],[72.465,24.407],[72.51,24.418],[72.501,24.45],[72.542,24.505],[72.589,24.473],[72.659,24.456],[72.693,24.46],[72.693,24.419],[72.707,24.391],[72.733,24.361],[72.815,24.358],[72.868,24.366],[72.901,24.351],[72.924,24.326],[72.977,24.359],[72.987,24.375],[72.964,24.392],[72.991,24.421],[72.981,24.451],[73.013,24.482],[73.022,24.465],[73.051,24.465],[73.094,24.495],[73.107,24.457],[73.106,24.42],[73.085,24.394],[73.111,24.387],[73.127,24.369],[73.18,24.351],[73.211,24.375],[73.231,24.365],[73.211,24.334],[73.187,24.335],[73.173,24.301],[73.145,24.308],[73.139,24.28],[73.116,24.263],[73.092,24.221],[73.083,24.185],[73.123,24.14],[73.172,24.111],[73.224,24.098],[73.201,24.045],[73.253,24.011],[73.291,24.027],[73.327,24.063],[73.335,24.115],[73.37,24.112],[73.37,24.088],[73.414,24.051],[73.411,23.998],[73.421,23.975],[73.42,23.923],[73.386,23.906],[73.36,23.855],[73.373,23.822],[73.361,23.792],[73.376,23.767],[73.4,23.784],[73.42,23.779],[73.451,23.753],[73.479,23.709],[73.51,23.697],[73.501,23.635],[73.527,23.611],[73.571,23.654],[73.619,23.651],[73.661,23.623],[73.65,23.608],[73.65,23.575],[73.638,23.563],[73.637,23.531],[73.658,23.514],[73.644,23.497],[73.633,23.452],[73.704,23.456],[73.717,23.419],[73.734,23.425],[73.765,23.459],[73.783,23.435],[73.827,23.447],[73.867,23.396],[73.894,23.337],[73.939,23.341],[73.947,23.374],[73.962,23.381],[73.991,23.338],[74.033,23.332],[74.049,23.295],[74.107,23.294],[74.136,23.265],[74.139,23.227],[74.125,23.207],[74.127,23.179],[74.155,23.158],[74.183,23.152],[74.208,23.192],[74.25,23.178],[74.272,23.156],[74.288,23.119],[74.283,23.095],[74.323,23.063],[74.348,23.071],[74.391,23.112],[74.433,23.106],[74.467,23.085],[74.512,23.089],[74.535,23.102],[74.546,23.132],[74.608,23.145],[74.655,23.182],[74.669,23.201],[74.716,23.195],[74.746,23.212],[74.696,23.229],[74.722,23.243],[74.701,23.272],[74.673,23.275],[74.632,23.263],[74.615,23.285],[74.587,23.284],[74.567,23.298],[74.549,23.287],[74.534,23.323],[74.546,23.364],[74.572,23.383],[74.573,23.419],[74.598,23.43],[74.613,23.461],[74.659,23.467],[74.669,23.484],[74.742,23.519],[74.774,23.543],[74.803,23.534],[74.851,23.557],[74.886,23.606],[74.906,23.623],[74.94,23.63],[74.924,23.669],[74.924,23.719],[74.941,23.735],[74.94,23.766],[74.928,23.798],[74.91,23.801],[74.916,23.846],[74.905,23.868],[74.915,23.912],[74.941,23.961],[74.963,23.974],[74.972,24.004],[74.993,24.03],[74.979,24.072],[74.96,24.11],[74.939,24.121],[74.928,24.157],[74.9,24.174],[74.88,24.216],[74.906,24.234],[74.894,24.262],[74.875,24.278],[74.853,24.27],[74.815,24.277],[74.773,24.272],[74.757,24.296],[74.784,24.317],[74.785,24.367],[74.812,24.409],[74.857,24.452],[74.815,24.492],[74.779,24.483],[74.757,24.489],[74.716,24.523],[74.748,24.536],[74.757,24.564],[74.748,24.597],[74.79,24.611],[74.783,24.637],[74.817,24.672],[74.813,24.686],[74.776,24.686],[74.79,24.727],[74.78,24.743],[74.819,24.765],[74.873,24.669],[74.902,24.656],[74.944,24.662],[74.964,24.7],[75,24.708],[74.993,24.753],[75.02,24.753],[75.013,24.794],[74.97,24.791],[74.905,24.797],[74.859,24.813],[74.856,24.853],[74.827,24.899],[74.824,24.94],[74.833,24.967],[74.862,24.966],[74.867,24.937],[74.901,24.94],[74.913,24.928],[74.913,24.899],[74.949,24.895],[74.945,24.878],[75.013,24.874],[75.043,24.859],[75.074,24.887],[75.09,24.88],[75.119,24.889],[75.116,24.965],[75.138,24.986],[75.164,24.992],[75.155,25.029],[75.174,25.054],[75.201,25.034],[75.31,25.046],[75.35,25.042],[75.352,25.025],[75.319,25.007],[75.337,24.963],[75.318,24.907],[75.288,24.926],[75.267,24.914],[75.261,24.89],[75.311,24.869],[75.326,24.887],[75.372,24.878],[75.424,24.893],[75.417,24.864],[75.3,24.815],[75.284,24.85],[75.242,24.861],[75.25,24.896],[75.201,24.884],[75.247,24.822],[75.217,24.82],[75.192,24.789],[75.196,24.76],[75.228,24.735],[75.267,24.733],[75.304,24.721],[75.452,24.693],[75.483,24.698],[75.535,24.72],[75.582,24.723],[75.613,24.688],[75.659,24.702],[75.68,24.728],[75.742,24.76],[75.786,24.766],[75.839,24.73],[75.842,24.717],[75.828,24.668],[75.844,24.669],[75.853,24.614],[75.874,24.607],[75.884,24.582],[75.911,24.577],[75.907,24.55],[75.925,24.538],[75.905,24.505],[75.912,24.492],[75.903,24.446],[75.861,24.423],[75.829,24.423],[75.813,24.437],[75.815,24.465],[75.786,24.458],[75.736,24.403],[75.738,24.348],[75.765,24.311],[75.797,24.314],[75.813,24.301],[75.805,24.23],[75.774,24.221],[75.743,24.14],[75.779,24.135],[75.79,24.11],[75.831,24.108],[75.83,24.072],[75.78,24.062],[75.78,24.036],[75.762,23.998],[75.7,23.969],[75.669,24.034],[75.641,24.018],[75.635,24],[75.569,23.999],[75.572,24.017],[75.532,24.031],[75.514,24.049],[75.492,24.005],[75.465,23.981],[75.456,23.921],[75.487,23.911],[75.504,23.892],[75.562,23.858],[75.566,23.816],[75.583,23.8],[75.617,23.806],[75.649,23.799],[75.687,23.773],[75.698,23.788],[75.69,23.82],[75.722,23.827],[75.728,23.865],[75.698,23.877],[75.702,23.904],[75.728,23.902],[75.759,23.881],[75.78,23.855],[75.853,23.894],[75.879,23.885],[75.976,23.933],[75.98,23.974],[75.96,23.997],[75.96,24.025],[75.99,24.03],[76.027,24.05],[76.043,24.074],[76.135,24.095],[76.137,24.131],[76.123,24.205],[76.154,24.244],[76.142,24.281],[76.169,24.296],[76.185,24.332],[76.206,24.311],[76.195,24.285],[76.206,24.233],[76.248,24.228],[76.276,24.217],[76.29,24.237],[76.318,24.251],[76.353,24.249],[76.412,24.21],[76.424,24.227],[76.453,24.217],[76.463,24.229],[76.508,24.2],[76.523,24.163],[76.58,24.181],[76.571,24.213],[76.614,24.242],[76.616,24.263],[76.679,24.271],[76.702,24.249],[76.688,24.232],[76.674,24.193],[76.721,24.162],[76.755,24.172],[76.769,24.165],[76.791,24.126],[76.828,24.126],[76.856,24.139],[76.9,24.131],[76.916,24.189],[76.944,24.199],[76.916,24.232],[76.874,24.271],[76.859,24.312],[76.845,24.328],[76.837,24.361],[76.849,24.368],[76.842,24.409],[76.851,24.469],[76.815,24.534],[76.846,24.551],[76.866,24.549],[76.876,24.526],[76.9,24.548],[76.918,24.536],[76.915,24.488],[76.96,24.46],[76.993,24.473],[77.024,24.501],[77.032,24.529],[77.05,24.527],[77.064,24.564],[77.059,24.642],[77.019,24.715],[76.992,24.717],[76.972,24.732],[76.963,24.76],[76.946,24.764],[76.922,24.749],[76.845,24.752],[76.847,24.77],[76.802,24.827],[76.838,24.841],[76.895,24.84],[76.927,24.85],[76.949,24.873],[76.914,24.888],[76.925,24.91],[76.872,24.955],[76.869,25.011],[76.882,25.034],[76.901,25.034],[76.969,25.056],[76.984,25.078],[77.077,25.058],[77.114,25.069],[77.128,25.089],[77.158,25.088],[77.17,25.114],[77.221,25.11],[77.262,25.119],[77.303,25.084],[77.349,25.098],[77.387,25.122],[77.391,25.188],[77.418,25.193],[77.406,25.226],[77.363,25.25],[77.35,25.272],[77.375,25.306],[77.364,25.333],[77.344,25.337],[77.356,25.368],[77.344,25.388],[77.361,25.413],[77.305,25.436],[77.22,25.373],[77.218,25.331],[77.191,25.312],[77.154,25.313],[77.116,25.335],[77.075,25.34],[77.039,25.325],[77.024,25.301],[76.959,25.297],[76.953,25.279],[76.893,25.322],[76.843,25.331],[76.773,25.316],[76.767,25.336],[76.74,25.348],[76.681,25.345],[76.636,25.38],[76.603,25.389],[76.589,25.431],[76.564,25.442],[76.56,25.473],[76.52,25.53],[76.51,25.58],[76.515,25.634],[76.499,25.648],[76.511,25.673],[76.478,25.695],[76.482,25.718],[76.527,25.731],[76.522,25.766],[76.529,25.798],[76.597,25.876],[76.632,25.875],[76.641,25.906],[76.674,25.912],[76.733,25.903],[76.762,25.922],[76.761,25.943],[76.795,25.944],[76.819,25.971],[76.84,26.011],[76.83,26.03],[76.87,26.056],[76.888,26.093],[76.939,26.106],[76.994,26.138],[77.024,26.176],[77.096,26.195],[77.114,26.231],[77.165,26.245],[77.194,26.236],[77.267,26.276],[77.308,26.315],[77.318,26.346],[77.366,26.372],[77.432,26.365],[77.44,26.379],[77.428,26.407],[77.475,26.415],[77.523,26.415],[77.551,26.441],[77.599,26.454],[77.627,26.483],[77.671,26.51],[77.695,26.501],[77.727,26.515],[77.739,26.543],[77.767,26.553],[77.813,26.555],[77.825,26.573],[77.82,26.6],[77.842,26.615],[77.879,26.62],[77.904,26.666],[77.94,26.663],[77.969,26.677],[77.992,26.703],[78.088,26.687],[78.089,26.738],[78.112,26.75],[78.095,26.789],[78.119,26.803],[78.146,26.792],[78.179,26.801],[78.161,26.827],[78.21,26.836],[78.205,26.877],[78.248,26.901],[78.261,26.932],[78.233,26.934],[78.139,26.957],[78.115,26.955],[78.113,26.927],[78.087,26.902],[78.042,26.915],[78.014,26.908],[77.963,26.913],[77.942,26.9],[77.91,26.914],[77.89,26.889],[77.871,26.906],[77.805,26.929],[77.789,26.922],[77.765,26.938],[77.724,26.923],[77.711,26.903],[77.716,26.881],[77.672,26.874],[77.657,26.856],[77.609,26.835],[77.565,26.825],[77.521,26.822],[77.498,26.848],[77.481,26.788],[77.464,26.77],[77.429,26.786],[77.439,26.819],[77.417,26.843],[77.422,26.867],[77.451,26.875],[77.482,26.904],[77.58,26.931],[77.642,26.967],[77.692,26.979],[77.704,27],[77.671,27.049],[77.657,27.023],[77.599,27.029],[77.559,27.049],[77.566,27.078],[77.518,27.088],[77.544,27.116],[77.597,27.129],[77.592,27.14],[77.615,27.175],[77.655,27.176],[77.673,27.2],[77.642,27.215],[77.644,27.239],[77.609,27.288],[77.616,27.338],[77.575,27.327],[77.543,27.342],[77.497,27.381],[77.467,27.384],[77.432,27.399],[77.415,27.425],[77.43,27.462],[77.394,27.482],[77.376,27.519],[77.34,27.525],[77.326,27.597],[77.311,27.612],[77.342,27.653],[77.334,27.708],[77.302,27.713],[77.311,27.737],[77.301,27.756],[77.304,27.788],[77.276,27.807],[77.235,27.786],[77.222,27.798],[77.189,27.798],[77.172,27.816],[77.15,27.812],[77.147,27.787],[77.101,27.785],[77.072,27.81],[77.038,27.82],[77.023,27.787],[77.078,27.737],[77.053,27.728],[77.032,27.748],[76.994,27.742],[76.979,27.706],[76.97,27.657],[76.934,27.675],[76.909,27.657],[76.892,27.68],[76.915,27.701],[76.889,27.72],[76.896,27.786],[76.908,27.836],[76.927,27.834],[76.926,27.894],[76.919,27.925],[76.925,27.978],[76.919,27.998],[76.947,28.071],[76.962,28.144],[76.942,28.149],[76.884,28.192],[76.864,28.225],[76.833,28.225],[76.79,28.194],[76.791,28.157],[76.755,28.147],[76.739,28.129],[76.71,28.132],[76.682,28.098],[76.648,28.092],[76.651,28.044],[76.66,28.019],[76.599,28.01],[76.547,27.971],[76.531,27.979],[76.539,28.039],[76.511,28.035],[76.492,28.047],[76.456,28.046],[76.47,28.086],[76.457,28.11],[76.498,28.107],[76.472,28.15],[76.437,28.152],[76.36,28.143],[76.353,28.166],[76.309,28.183],[76.278,28.169],[76.356,28.128],[76.332,28.107],[76.337,28.073],[76.353,28.066],[76.337,28.03],[76.317,28.021],[76.29,28.03],[76.29,28.049],[76.251,28.071],[76.233,28.056],[76.177,28.059],[76.203,28.03],[76.174,28.022],[76.154,27.993],[76.179,27.973],[76.17,27.91],[76.199,27.899],[76.19,27.882],[76.206,27.848],[76.173,27.807],[76.128,27.833],[76.122,27.854],[76.088,27.868],[76.08,27.851],[76.05,27.848],[76.009,27.863],[75.975,27.865],[75.977,27.909],[75.963,27.937],[75.968,27.962],[75.955,27.989],[75.974,28.037],[76.01,28.037],[76.002,28.061],[75.977,28.084],[75.936,28.094],[75.977,28.127],[75.995,28.151],[76.028,28.173],[76.075,28.172],[76.053,28.224],[76.011,28.242],[76.019,28.281],[75.987,28.296],[75.956,28.338],[75.927,28.345],[75.922,28.369],[75.872,28.391],[75.835,28.398],[75.803,28.414],[75.778,28.458],[75.735,28.473],[75.737,28.487],[75.69,28.499],[75.665,28.533],[75.629,28.546],[75.609,28.606],[75.556,28.615],[75.54,28.649],[75.531,28.733],[75.516,28.772],[75.499,28.788],[75.513,28.837],[75.488,28.86],[75.488,28.898],[75.467,28.926],[75.498,28.941],[75.517,28.975],[75.511,29.011],[75.473,29.02],[75.435,29.017],[75.441,29.042],[75.43,29.065],[75.381,29.07],[75.381,29.111],[75.396,29.128],[75.361,29.143],[75.369,29.17],[75.401,29.189],[75.387,29.229],[75.399,29.24],[75.38,29.264],[75.35,29.247],[75.345,29.226],[75.315,29.236],[75.325,29.278],[75.319,29.293],[75.277,29.273],[75.272,29.254],[75.235,29.252],[75.223,29.235],[75.195,29.244],[75.18,29.269],[75.147,29.246],[75.078,29.232],[75.024,29.292],[74.991,29.272],[74.953,29.282],[74.94,29.305],[74.951,29.319],[74.927,29.365],[74.85,29.403],[74.81,29.398],[74.776,29.36],[74.732,29.354],[74.711,29.369],[74.65,29.372],[74.642,29.331],[74.596,29.328],[74.6,29.354],[74.573,29.386],[74.57,29.406],[74.531,29.425],[74.535,29.465],[74.579,29.459],[74.611,29.531],[74.572,29.556],[74.57,29.586],[74.579,29.655],[74.603,29.721],[74.605,29.753],[74.538,29.754],[74.526,29.741],[74.472,29.744],[74.465,29.788],[74.492,29.827],[74.533,29.839],[74.554,29.866],[74.534,29.903],[74.505,29.908],[74.519,29.943]]]},"properties":{"NAME_1":"Rajasthan"}},
{"type":"Feature","geometry":{"type":"Polygon","coordinates":[[[88.752,27.148],[88.758,27.172],[88.785,27.182],[88.801,27.221],[88.801,27.248],[88.835,27.263],[88.872,27.259],[88.899,27.275],[88.922,27.326],[88.89,27.336],[88.879,27.364],[88.857,27.387],[88.838,27.379],[88.809,27.405],[88.795,27.447],[88.783,27.456],[88.789,27.529],[88.767,27.565],[88.805,27.603],[88.81,27.642],[88.847,27.669],[88.846,27.7],[88.862,27.739],[88.852,27.778],[88.856,27.818],[88.881,27.839],[88.88,27.895],[88.859,27.925],[88.836,27.932],[88.841,27.991],[88.829,28.015],[88.799,28.031],[88.751,28.073],[88.686,28.079],[88.667,28.074],[88.638,28.104],[88.616,28.104],[88.575,28.086],[88.533,28.037],[88.501,28.049],[88.482,28.045],[88.462,28.02],[88.427,28.008],[88.389,27.978],[88.338,27.988],[88.305,27.97],[88.28,27.968],[88.244,27.949],[88.233,27.966],[88.203,27.967],[88.174,27.945],[88.139,27.963],[88.114,27.912],[88.13,27.882],[88.151,27.877],[88.204,27.837],[88.188,27.81],[88.2,27.791],[88.184,27.775],[88.181,27.747],[88.161,27.741],[88.147,27.665],[88.123,27.645],[88.116,27.61],[88.095,27.597],[88.063,27.54],[88.064,27.512],[88.047,27.478],[88.081,27.432],[88.053,27.413],[88.044,27.371],[88.069,27.336],[88.034,27.286],[88.033,27.25],[88.017,27.219],[88.058,27.214],[88.083,27.165],[88.086,27.142],[88.137,27.117],[88.158,27.114],[88.179,27.135],[88.214,27.135],[88.233,27.12],[88.278,27.131],[88.3,27.128],[88.304,27.129],[88.32,27.117],[88.345,27.107],[88.352,27.101],[88.371,27.099],[88.411,27.091],[88.432,27.082],[88.454,27.09],[88.467,27.114],[88.496,27.125],[88.522,27.15],[88.52,27.175],[88.591,27.194],[88.619,27.188],[88.66,27.162],[88.684,27.18],[88.712,27.165],[88.718,27.144],[88.752,27.148]]]},"properties":{"NAME_1":"Sikkim"}},
{"type":"Feature","geometry":{"type":"MultiPolygon","coordinates":[[[[79.312,9.328],[79.289,9.32],[79.268,9.293],[79.22,9.292],[79.221,9.267],[79.277,9.255],[79.379,9.215],[79.328,9.26],[79.316,9.285],[79.335,9.312],[79.312,9.328]]],[[[80.076,13.527],[80.069,13.538],[80.045,13.522],[79.99,13.527],[80.006,13.488],[79.995,13.459],[79.962,13.451],[79.963,13.418],[79.932,13.404],[79.954,13.374],[79.926,13.336],[79.904,13.333],[79.851,13.303],[79.8,13.304],[79.78,13.282],[79.754,13.303],[79.746,13.28],[79.722,13.266],[79.783,13.228],[79.744,13.195],[79.671,13.236],[79.684,13.257],[79.669,13.282],[79.601,13.268],[79.585,13.247],[79.565,13.249],[79.541,13.279],[79.536,13.311],[79.455,13.324],[79.417,13.322],[79.375,13.303],[79.405,13.285],[79.422,13.287],[79.407,13.238],[79.421,13.184],[79.384,13.185],[79.348,13.163],[79.35,13.125],[79.299,13.115],[79.274,13.121],[79.271,13.138],[79.226,13.135],[79.214,13.097],[79.193,13.09],[79.169,13.053],[79.171,13.016],[79.153,13.007],[79.104,13.024],[79.069,13.014],[79.053,13.038],[79,13.058],[78.982,13.076],[78.946,13.064],[78.914,13.068],[78.882,13.02],[78.88,13.07],[78.801,13.076],[78.778,13.053],[78.74,13.045],[78.702,13.056],[78.694,13.004],[78.651,13.018],[78.62,12.974],[78.647,12.919],[78.625,12.914],[78.592,12.839],[78.58,12.767],[78.558,12.752],[78.546,12.729],[78.552,12.697],[78.524,12.68],[78.494,12.73],[78.493,12.67],[78.458,12.662],[78.46,12.617],[78.368,12.612],[78.309,12.65],[78.29,12.653],[78.264,12.692],[78.227,12.689],[78.2,12.676],[78.195,12.695],[78.22,12.703],[78.229,12.72],[78.221,12.753],[78.121,12.77],[78.114,12.787],[78.086,12.803],[78.065,12.83],[78.022,12.841],[77.981,12.81],[77.958,12.836],[77.933,12.813],[77.909,12.822],[77.928,12.85],[77.914,12.874],[77.882,12.858],[77.826,12.859],[77.801,12.821],[77.788,12.781],[77.772,12.76],[77.785,12.745],[77.758,12.729],[77.75,12.687],[77.704,12.674],[77.695,12.651],[77.668,12.651],[77.654,12.674],[77.59,12.658],[77.598,12.621],[77.582,12.605],[77.57,12.558],[77.579,12.507],[77.625,12.477],[77.616,12.405],[77.604,12.354],[77.569,12.324],[77.556,12.297],[77.518,12.27],[77.493,12.273],[77.47,12.262],[77.463,12.236],[77.466,12.202],[77.511,12.184],[77.539,12.194],[77.556,12.187],[77.604,12.195],[77.655,12.188],[77.726,12.167],[77.74,12.129],[77.767,12.109],[77.746,12.069],[77.72,12.053],[77.689,12.01],[77.664,11.953],[77.637,11.94],[77.573,11.924],[77.548,11.931],[77.524,11.921],[77.49,11.93],[77.476,11.89],[77.454,11.891],[77.456,11.839],[77.431,11.772],[77.412,11.762],[77.382,11.776],[77.355,11.778],[77.326,11.759],[77.285,11.798],[77.242,11.802],[77.227,11.784],[77.19,11.783],[77.114,11.762],[77.096,11.723],[77.076,11.724],[77.041,11.778],[77.004,11.803],[76.975,11.791],[76.96,11.765],[76.944,11.781],[76.9,11.783],[76.888,11.766],[76.881,11.725],[76.854,11.699],[76.83,11.649],[76.83,11.629],[76.851,11.602],[76.836,11.584],[76.817,11.597],[76.751,11.607],[76.626,11.604],[76.608,11.6],[76.554,11.613],[76.54,11.671],[76.504,11.698],[76.451,11.655],[76.423,11.659],[76.421,11.625],[76.38,11.622],[76.371,11.593],[76.298,11.564],[76.271,11.593],[76.226,11.564],[76.243,11.524],[76.233,11.519],[76.258,11.473],[76.278,11.475],[76.321,11.445],[76.334,11.459],[76.361,11.448],[76.448,11.381],[76.538,11.352],[76.54,11.321],[76.514,11.262],[76.446,11.23],[76.443,11.2],[76.506,11.202],[76.521,11.19],[76.578,11.197],[76.623,11.186],[76.697,11.231],[76.727,11.206],[76.721,11.185],[76.686,11.158],[76.697,11.133],[76.741,11.11],[76.746,11.084],[76.734,11.064],[76.757,11.025],[76.712,11.032],[76.69,11.017],[76.678,10.98],[76.66,10.96],[76.653,10.92],[76.7,10.901],[76.733,10.881],[76.773,10.882],[76.818,10.862],[76.86,10.8],[76.888,10.8],[76.898,10.771],[76.875,10.707],[76.855,10.672],[76.87,10.664],[76.873,10.629],[76.805,10.626],[76.815,10.588],[76.83,10.585],[76.825,10.538],[76.832,10.529],[76.82,10.491],[76.817,10.438],[76.807,10.415],[76.816,10.387],[76.839,10.36],[76.828,10.338],[76.82,10.295],[76.832,10.284],[76.862,10.283],[76.892,10.233],[76.981,10.22],[77.039,10.248],[77.046,10.274],[77.073,10.296],[77.114,10.311],[77.163,10.346],[77.222,10.34],[77.214,10.306],[77.251,10.254],[77.251,10.224],[77.28,10.207],[77.264,10.18],[77.261,10.129],[77.231,10.12],[77.188,10.096],[77.204,10.068],[77.249,10.016],[77.241,10.003],[77.261,9.964],[77.222,9.923],[77.204,9.894],[77.199,9.866],[77.224,9.843],[77.219,9.813],[77.234,9.789],[77.21,9.78],[77.208,9.722],[77.19,9.716],[77.192,9.686],[77.166,9.648],[77.156,9.602],[77.186,9.606],[77.223,9.573],[77.261,9.567],[77.304,9.593],[77.321,9.567],[77.351,9.54],[77.351,9.526],[77.396,9.497],[77.372,9.445],[77.352,9.45],[77.322,9.406],[77.321,9.351],[77.267,9.291],[77.259,9.224],[77.267,9.209],[77.25,9.19],[77.252,9.143],[77.233,9.118],[77.196,9.088],[77.18,9.045],[77.154,9.037],[77.132,9.012],[77.18,8.947],[77.206,8.893],[77.24,8.868],[77.247,8.832],[77.217,8.797],[77.215,8.776],[77.177,8.735],[77.179,8.7],[77.198,8.641],[77.228,8.613],[77.228,8.598],[77.252,8.571],[77.265,8.537],[77.248,8.501],[77.223,8.488],[77.206,8.504],[77.191,8.488],[77.21,8.438],[77.189,8.435],[77.18,8.409],[77.154,8.377],[77.157,8.345],[77.15,8.322],[77.122,8.323],[77.091,8.297],[77.161,8.246],[77.184,8.22],[77.216,8.202],[77.248,8.173],[77.297,8.15],[77.306,8.128],[77.35,8.123],[77.41,8.104],[77.536,8.078],[77.56,8.09],[77.559,8.12],[77.576,8.136],[77.613,8.15],[77.716,8.166],[77.743,8.175],[77.784,8.207],[77.783,8.22],[77.813,8.246],[77.887,8.273],[77.901,8.286],[77.954,8.314],[77.98,8.34],[78.023,8.359],[78.055,8.382],[78.067,8.423],[78.13,8.498],[78.122,8.517],[78.139,8.589],[78.131,8.604],[78.101,8.612],[78.101,8.638],[78.128,8.658],[78.135,8.689],[78.155,8.712],[78.162,8.737],[78.2,8.753],[78.198,8.766],[78.163,8.773],[78.168,8.881],[78.184,8.919],[78.211,8.961],[78.237,8.985],[78.31,9.032],[78.412,9.112],[78.458,9.127],[78.552,9.137],[78.576,9.132],[78.614,9.152],[78.652,9.159],[78.649,9.186],[78.667,9.197],[78.718,9.19],[78.735,9.212],[78.757,9.216],[78.86,9.253],[78.907,9.25],[78.923,9.265],[78.979,9.273],[79.094,9.26],[79.169,9.28],[79.145,9.291],[79.106,9.289],[79.065,9.3],[78.989,9.354],[78.935,9.411],[78.901,9.468],[78.915,9.494],[78.918,9.537],[78.934,9.607],[78.956,9.625],[78.98,9.687],[79.039,9.764],[79.058,9.773],[79.091,9.828],[79.124,9.865],[79.128,9.894],[79.155,9.932],[79.192,9.968],[79.242,10.025],[79.262,10.041],[79.252,10.067],[79.227,10.098],[79.241,10.181],[79.281,10.214],[79.268,10.23],[79.294,10.26],[79.326,10.282],[79.371,10.296],[79.397,10.318],[79.512,10.309],[79.727,10.274],[79.686,10.29],[79.582,10.303],[79.613,10.317],[79.627,10.345],[79.647,10.32],[79.687,10.325],[79.764,10.301],[79.744,10.275],[79.836,10.275],[79.867,10.286],[79.884,10.306],[79.866,10.416],[79.856,10.587],[79.851,10.761],[79.851,10.814],[79.836,10.812],[79.813,10.814],[79.814,10.818],[79.813,10.829],[79.808,10.831],[79.803,10.834],[79.793,10.839],[79.792,10.849],[79.807,10.853],[79.79,10.862],[79.785,10.874],[79.776,10.876],[79.77,10.878],[79.776,10.882],[79.773,10.89],[79.76,10.883],[79.754,10.887],[79.748,10.895],[79.743,10.899],[79.728,10.902],[79.726,10.907],[79.724,10.908],[79.72,10.906],[79.721,10.911],[79.709,10.914],[79.708,10.915],[79.71,10.919],[79.704,10.921],[79.708,10.923],[79.721,10.935],[79.716,10.938],[79.704,10.948],[79.715,10.953],[79.727,10.952],[79.74,10.944],[79.746,10.949],[79.74,10.956],[79.741,10.963],[79.74,10.966],[79.738,10.969],[79.732,10.975],[79.73,10.985],[79.743,10.985],[79.761,10.981],[79.774,10.977],[79.79,10.973],[79.796,10.983],[79.803,10.985],[79.81,10.982],[79.825,10.985],[79.834,10.977],[79.835,10.977],[79.851,10.976],[79.855,10.978],[79.859,11.14],[79.849,11.233],[79.839,11.283],[79.839,11.348],[79.829,11.355],[79.807,11.445],[79.773,11.508],[79.759,11.552],[79.761,11.621],[79.777,11.71],[79.794,11.768],[79.8,11.808],[79.786,11.838],[79.755,11.858],[79.73,11.847],[79.693,11.854],[79.725,11.892],[79.684,11.927],[79.702,11.952],[79.695,11.975],[79.642,11.976],[79.647,11.993],[79.652,11.998],[79.659,11.997],[79.669,12.007],[79.706,11.977],[79.717,11.975],[79.725,11.978],[79.729,11.986],[79.752,11.976],[79.745,11.971],[79.727,11.962],[79.718,11.969],[79.716,11.967],[79.734,11.947],[79.741,11.907],[79.748,11.915],[79.764,11.935],[79.769,11.941],[79.773,11.947],[79.776,11.946],[79.79,11.943],[79.792,11.957],[79.798,11.964],[79.805,11.963],[79.825,11.94],[79.838,11.941],[79.847,11.98],[79.885,12.065],[79.99,12.224],[79.985,12.25],[80.013,12.263],[80.05,12.324],[80.036,12.338],[80.044,12.364],[80.07,12.353],[80.116,12.405],[80.157,12.471],[80.166,12.525],[80.199,12.615],[80.254,12.779],[80.247,12.806],[80.259,12.934],[80.279,13.025],[80.282,13.057],[80.304,13.094],[80.3,13.143],[80.31,13.163],[80.337,13.253],[80.346,13.295],[80.346,13.328],[80.33,13.4],[80.313,13.428],[80.315,13.371],[80.276,13.389],[80.26,13.447],[80.246,13.465],[80.216,13.482],[80.163,13.478],[80.157,13.479],[80.152,13.479],[80.151,13.48],[80.145,13.485],[80.135,13.492],[80.133,13.496],[80.121,13.502],[80.1,13.505],[80.096,13.51],[80.089,13.526],[80.079,13.529],[80.076,13.527]]]]},"properties":{"NAME_1":"Tamil Nadu"}},
{"type":"Feature","geometry":{"type":"Polygon","coordinates":[[[92.231,24.504],[92.207,24.507],[92.173,24.534],[92.161,24.512],[92.158,24.46],[92.173,24.431],[92.139,24.424],[92.119,24.384],[92.097,24.375],[92.01,24.382],[91.978,24.381],[91.998,24.339],[91.975,24.332],[91.957,24.356],[91.92,24.336],[91.942,24.268],[91.912,24.172],[91.91,24.142],[91.888,24.137],[91.872,24.174],[91.842,24.198],[91.743,24.247],[91.762,24.143],[91.71,24.152],[91.66,24.188],[91.644,24.169],[91.634,24.103],[91.596,24.08],[91.545,24.076],[91.49,24.098],[91.464,24.098],[91.41,24.111],[91.375,24.108],[91.377,24.081],[91.397,24.051],[91.391,24.029],[91.361,23.987],[91.306,23.999],[91.282,23.98],[91.266,23.949],[91.276,23.926],[91.244,23.924],[91.232,23.899],[91.258,23.84],[91.238,23.812],[91.234,23.769],[91.211,23.752],[91.172,23.752],[91.156,23.723],[91.158,23.691],[91.201,23.692],[91.207,23.651],[91.176,23.657],[91.163,23.628],[91.169,23.595],[91.194,23.575],[91.204,23.524],[91.228,23.5],[91.254,23.49],[91.26,23.448],[91.283,23.41],[91.292,23.366],[91.309,23.355],[91.297,23.321],[91.325,23.254],[91.331,23.216],[91.33,23.158],[91.339,23.151],[91.353,23.101],[91.378,23.064],[91.402,23.052],[91.422,23.059],[91.41,23.107],[91.391,23.153],[91.396,23.223],[91.422,23.257],[91.458,23.256],[91.49,23.202],[91.506,23.187],[91.498,23.151],[91.521,23.12],[91.516,23.106],[91.554,23.034],[91.547,22.999],[91.563,22.976],[91.624,22.951],[91.657,22.987],[91.686,22.988],[91.698,23.003],[91.728,22.997],[91.756,23.016],[91.778,23.065],[91.823,23.076],[91.835,23.092],[91.815,23.139],[91.799,23.197],[91.771,23.264],[91.808,23.339],[91.844,23.38],[91.85,23.403],[91.904,23.441],[91.942,23.438],[91.941,23.461],[91.976,23.496],[91.961,23.516],[91.964,23.579],[91.942,23.682],[91.957,23.699],[91.962,23.728],[91.984,23.73],[92.002,23.689],[92.036,23.662],[92.071,23.645],[92.087,23.654],[92.15,23.732],[92.18,23.721],[92.218,23.695],[92.213,23.664],[92.228,23.659],[92.247,23.692],[92.247,23.724],[92.269,23.729],[92.266,23.739],[92.267,23.762],[92.262,23.805],[92.269,23.818],[92.281,23.815],[92.287,23.817],[92.283,23.823],[92.284,23.824],[92.282,23.831],[92.277,23.837],[92.274,23.844],[92.288,23.867],[92.294,23.871],[92.295,23.87],[92.301,23.866],[92.307,23.864],[92.32,23.865],[92.318,23.867],[92.322,23.87],[92.32,23.878],[92.317,23.879],[92.317,23.882],[92.319,23.884],[92.318,23.888],[92.322,23.891],[92.324,23.905],[92.33,23.906],[92.331,23.921],[92.321,23.926],[92.313,23.935],[92.313,23.957],[92.313,23.961],[92.313,23.97],[92.32,23.975],[92.329,23.99],[92.317,24.018],[92.319,24.019],[92.322,24.019],[92.317,24.028],[92.319,24.031],[92.317,24.038],[92.315,24.049],[92.32,24.051],[92.322,24.059],[92.317,24.067],[92.33,24.101],[92.332,24.105],[92.329,24.11],[92.332,24.113],[92.328,24.125],[92.328,24.135],[92.329,24.14],[92.332,24.144],[92.335,24.144],[92.336,24.144],[92.334,24.151],[92.332,24.164],[92.33,24.175],[92.327,24.186],[92.329,24.191],[92.316,24.213],[92.31,24.215],[92.301,24.225],[92.298,24.227],[92.299,24.232],[92.296,24.234],[92.297,24.238],[92.295,24.241],[92.295,24.248],[92.297,24.252],[92.213,24.249],[92.264,24.362],[92.273,24.388],[92.257,24.436],[92.231,24.46],[92.231,24.504]]]},"properties":{"NAME_1":"Tripura"}},
{"type":"Feature","geometry":{"type":"Polygon","coordinates":[[[79.762,28.89],[79.71,28.879],[79.666,28.848],[79.619,28.868],[79.592,28.867],[79.551,28.846],[79.554,28.879],[79.533,28.89],[79.507,28.863],[79.411,28.856],[79.396,28.885],[79.401,28.932],[79.35,28.952],[79.279,28.965],[79.238,29.007],[79.204,29.029],[79.169,29.016],[79.155,29.027],[79.165,29.051],[79.144,29.06],[79.135,29.082],[79.142,29.12],[79.101,29.132],[79.073,29.152],[79.013,29.149],[79.001,29.117],[78.967,29.166],[78.944,29.15],[78.905,29.163],[78.899,29.203],[78.864,29.249],[78.831,29.261],[78.814,29.252],[78.759,29.287],[78.728,29.313],[78.726,29.33],[78.757,29.35],[78.784,29.343],[78.814,29.37],[78.857,29.386],[78.896,29.424],[78.9,29.456],[78.866,29.46],[78.766,29.484],[78.727,29.509],[78.693,29.509],[78.64,29.548],[78.576,29.581],[78.531,29.624],[78.512,29.651],[78.507,29.691],[78.488,29.741],[78.386,29.774],[78.332,29.796],[78.303,29.758],[78.231,29.704],[78.194,29.71],[78.166,29.68],[78.139,29.676],[78.134,29.659],[78.091,29.625],[78.079,29.6],[78.044,29.593],[78.033,29.552],[77.979,29.554],[77.985,29.585],[77.948,29.59],[77.977,29.614],[77.977,29.642],[77.945,29.687],[77.941,29.715],[77.9,29.698],[77.874,29.702],[77.834,29.672],[77.793,29.682],[77.797,29.698],[77.758,29.716],[77.765,29.785],[77.742,29.81],[77.73,29.853],[77.703,29.868],[77.733,29.913],[77.718,29.935],[77.74,29.959],[77.741,29.994],[77.774,30.032],[77.758,30.047],[77.786,30.1],[77.82,30.094],[77.896,30.186],[77.904,30.215],[77.929,30.24],[77.917,30.256],[77.812,30.291],[77.751,30.325],[77.711,30.339],[77.674,30.385],[77.636,30.41],[77.563,30.404],[77.575,30.385],[77.592,30.371],[77.57,30.337],[77.57,30.311],[77.532,30.287],[77.496,30.234],[77.473,30.189],[77.447,30.169],[77.424,30.168],[77.411,30.146],[77.414,30.111],[77.373,30.093],[77.332,30.064],[77.27,30.048],[77.273,30.034],[77.25,29.988],[77.18,29.902],[77.182,29.873],[77.156,29.817],[77.152,29.793],[77.118,29.776],[77.113,29.749],[77.14,29.717],[77.12,29.68],[77.129,29.659],[77.11,29.647],[77.086,29.601],[77.11,29.553],[77.085,29.534],[77.123,29.486],[77.118,29.456],[77.139,29.442],[77.125,29.422],[77.139,29.384],[77.117,29.377],[77.12,29.35],[77.146,29.345],[77.154,29.317],[77.129,29.273],[77.143,29.238],[77.127,29.228],[77.14,29.182],[77.127,29.154],[77.139,29.135],[77.124,29.101],[77.157,29.078],[77.163,29.049],[77.214,29.006],[77.191,28.962],[77.205,28.936],[77.197,28.921],[77.217,28.9],[77.182,28.89],[77.187,28.867],[77.193,28.865],[77.217,28.835],[77.194,28.802],[77.197,28.795],[77.208,28.787],[77.213,28.786],[77.225,28.788],[77.221,28.778],[77.229,28.772],[77.246,28.757],[77.253,28.753],[77.256,28.74],[77.266,28.739],[77.271,28.738],[77.284,28.719],[77.293,28.71],[77.296,28.713],[77.317,28.717],[77.322,28.712],[77.318,28.672],[77.311,28.645],[77.337,28.622],[77.328,28.605],[77.31,28.599],[77.295,28.582],[77.294,28.58],[77.303,28.55],[77.315,28.541],[77.331,28.524],[77.337,28.516],[77.338,28.509],[77.36,28.498],[77.398,28.459],[77.426,28.455],[77.436,28.432],[77.475,28.414],[77.47,28.394],[77.494,28.358],[77.466,28.341],[77.496,28.307],[77.493,28.281],[77.512,28.254],[77.516,28.23],[77.538,28.191],[77.532,28.17],[77.499,28.163],[77.499,28.123],[77.473,28.104],[77.478,28.049],[77.535,27.993],[77.536,27.966],[77.519,27.932],[77.469,27.933],[77.47,27.895],[77.442,27.878],[77.422,27.894],[77.402,27.882],[77.412,27.859],[77.339,27.86],[77.313,27.83],[77.276,27.807],[77.304,27.788],[77.301,27.756],[77.311,27.737],[77.302,27.713],[77.334,27.708],[77.342,27.653],[77.311,27.612],[77.326,27.597],[77.34,27.525],[77.376,27.519],[77.394,27.482],[77.43,27.462],[77.415,27.425],[77.432,27.399],[77.467,27.384],[77.497,27.381],[77.543,27.342],[77.575,27.327],[77.616,27.338],[77.609,27.288],[77.644,27.239],[77.642,27.215],[77.673,27.2],[77.655,27.176],[77.615,27.175],[77.592,27.14],[77.597,27.129],[77.544,27.116],[77.518,27.088],[77.566,27.078],[77.559,27.049],[77.599,27.029],[77.657,27.023],[77.671,27.049],[77.704,27],[77.692,26.979],[77.642,26.967],[77.58,26.931],[77.482,26.904],[77.451,26.875],[77.422,26.867],[77.417,26.843],[77.439,26.819],[77.429,26.786],[77.464,26.77],[77.481,26.788],[77.498,26.848],[77.521,26.822],[77.565,26.825],[77.609,26.835],[77.657,26.856],[77.672,26.874],[77.716,26.881],[77.711,26.903],[77.724,26.923],[77.765,26.938],[77.789,26.922],[77.805,26.929],[77.871,26.906],[77.89,26.889],[77.91,26.914],[77.942,26.9],[77.963,26.913],[78.014,26.908],[78.042,26.915],[78.087,26.902],[78.113,26.927],[78.115,26.955],[78.139,26.957],[78.233,26.934],[78.261,26.932],[78.248,26.901],[78.205,26.877],[78.21,26.836],[78.256,26.82],[78.282,26.864],[78.341,26.874],[78.363,26.871],[78.386,26.828],[78.426,26.832],[78.458,26.795],[78.516,26.785],[78.566,26.758],[78.602,26.756],[78.62,26.775],[78.659,26.769],[78.677,26.792],[78.715,26.8],[78.741,26.793],[78.762,26.767],[78.811,26.765],[78.841,26.726],[78.865,26.705],[78.904,26.713],[78.948,26.697],[78.948,26.663],[78.984,26.686],[79.001,26.674],[78.987,26.647],[79.006,26.61],[78.982,26.594],[78.998,26.574],[78.998,26.551],[79.033,26.536],[79.061,26.503],[79.063,26.485],[79.047,26.461],[79.069,26.447],[79.093,26.457],[79.127,26.445],[79.117,26.417],[79.081,26.406],[79.089,26.377],[79.117,26.354],[79.127,26.316],[79.098,26.315],[79.078,26.287],[79.058,26.284],[79.041,26.229],[79.002,26.197],[79.001,26.155],[78.96,26.154],[78.944,26.138],[79.003,26.082],[78.982,26.074],[78.944,26.037],[78.943,25.991],[78.915,25.949],[78.876,25.916],[78.884,25.876],[78.858,25.872],[78.844,25.845],[78.866,25.834],[78.863,25.802],[78.816,25.831],[78.821,25.799],[78.8,25.799],[78.776,25.761],[78.747,25.749],[78.761,25.721],[78.791,25.711],[78.811,25.674],[78.811,25.645],[78.795,25.618],[78.733,25.603],[78.711,25.607],[78.677,25.594],[78.649,25.566],[78.604,25.587],[78.581,25.564],[78.547,25.565],[78.481,25.58],[78.449,25.553],[78.426,25.561],[78.409,25.533],[78.422,25.48],[78.394,25.471],[78.386,25.454],[78.335,25.431],[78.332,25.405],[78.294,25.368],[78.323,25.355],[78.331,25.337],[78.308,25.311],[78.345,25.298],[78.362,25.265],[78.355,25.25],[78.375,25.226],[78.385,25.195],[78.442,25.157],[78.423,25.145],[78.425,25.125],[78.39,25.127],[78.367,25.105],[78.325,25.084],[78.338,25.027],[78.328,25],[78.29,24.968],[78.214,24.916],[78.2,24.896],[78.17,24.885],[78.165,24.848],[78.187,24.843],[78.226,24.777],[78.226,24.736],[78.251,24.706],[78.268,24.67],[78.257,24.649],[78.27,24.615],[78.255,24.552],[78.224,24.541],[78.24,24.489],[78.263,24.483],[78.267,24.447],[78.363,24.378],[78.327,24.338],[78.341,24.308],[78.386,24.273],[78.435,24.298],[78.44,24.326],[78.468,24.339],[78.475,24.367],[78.5,24.394],[78.553,24.361],[78.578,24.357],[78.617,24.296],[78.654,24.274],[78.669,24.245],[78.699,24.234],[78.727,24.253],[78.754,24.247],[78.785,24.185],[78.806,24.184],[78.811,24.209],[78.858,24.214],[78.881,24.229],[78.879,24.254],[78.91,24.273],[78.908,24.301],[78.968,24.357],[78.967,24.374],[78.988,24.428],[78.982,24.447],[78.944,24.443],[78.913,24.464],[78.901,24.488],[78.943,24.485],[78.946,24.553],[78.913,24.581],[78.882,24.64],[78.863,24.641],[78.831,24.609],[78.802,24.608],[78.777,24.593],[78.752,24.602],[78.74,24.66],[78.772,24.704],[78.763,24.767],[78.765,24.795],[78.781,24.815],[78.764,24.861],[78.696,24.895],[78.668,24.902],[78.654,24.944],[78.625,24.962],[78.642,25.061],[78.62,25.092],[78.597,25.098],[78.594,25.157],[78.561,25.227],[78.569,25.259],[78.521,25.288],[78.489,25.292],[78.454,25.271],[78.43,25.297],[78.469,25.303],[78.488,25.32],[78.505,25.302],[78.525,25.307],[78.534,25.331],[78.576,25.352],[78.578,25.377],[78.603,25.417],[78.634,25.41],[78.633,25.433],[78.689,25.445],[78.7,25.426],[78.658,25.388],[78.71,25.376],[78.704,25.359],[78.736,25.349],[78.764,25.358],[78.759,25.404],[78.765,25.43],[78.725,25.463],[78.726,25.49],[78.757,25.476],[78.79,25.484],[78.854,25.452],[78.857,25.467],[78.834,25.516],[78.876,25.524],[78.868,25.544],[78.886,25.561],[78.926,25.56],[78.942,25.531],[78.917,25.517],[78.935,25.494],[78.93,25.469],[78.903,25.447],[78.929,25.428],[78.96,25.439],[78.97,25.42],[78.974,25.373],[78.931,25.377],[78.901,25.389],[78.875,25.388],[78.838,25.352],[78.833,25.331],[78.793,25.293],[78.835,25.233],[78.846,25.234],[78.862,25.283],[78.856,25.317],[78.885,25.347],[78.931,25.332],[78.97,25.291],[78.909,25.274],[78.896,25.25],[78.872,25.251],[78.882,25.215],[78.867,25.19],[78.877,25.162],[78.924,25.211],[78.953,25.221],[78.982,25.199],[79,25.216],[78.972,25.243],[78.987,25.275],[79.012,25.274],[79.026,25.235],[79.056,25.226],[79.025,25.187],[79.036,25.174],[79.022,25.143],[79.058,25.151],[79.064,25.172],[79.091,25.176],[79.119,25.163],[79.108,25.144],[79.133,25.111],[79.179,25.118],[79.198,25.128],[79.238,25.116],[79.238,25.143],[79.251,25.161],[79.277,25.12],[79.301,25.131],[79.315,25.152],[79.284,25.189],[79.278,25.211],[79.293,25.24],[79.311,25.219],[79.341,25.23],[79.34,25.273],[79.315,25.261],[79.286,25.281],[79.257,25.279],[79.26,25.31],[79.295,25.34],[79.346,25.333],[79.334,25.317],[79.366,25.268],[79.373,25.293],[79.402,25.279],[79.401,25.262],[79.434,25.242],[79.442,25.221],[79.41,25.209],[79.384,25.17],[79.389,25.121],[79.436,25.108],[79.49,25.083],[79.517,25.102],[79.514,25.126],[79.55,25.169],[79.633,25.133],[79.666,25.127],[79.74,25.143],[79.827,25.1],[79.843,25.116],[79.861,25.156],[79.852,25.203],[79.863,25.219],[79.845,25.237],[79.872,25.254],[79.894,25.246],[79.949,25.265],[79.997,25.27],[80.013,25.302],[80.021,25.343],[80.07,25.343],[80.083,25.356],[80.127,25.341],[80.159,25.378],[80.188,25.384],[80.189,25.406],[80.245,25.405],[80.274,25.425],[80.309,25.392],[80.303,25.358],[80.312,25.334],[80.303,25.297],[80.312,25.282],[80.341,25.279],[80.358,25.251],[80.402,25.221],[80.424,25.174],[80.387,25.163],[80.349,25.141],[80.305,25.076],[80.282,25.063],[80.267,25.03],[80.314,25.004],[80.368,25.025],[80.394,25.072],[80.441,25.082],[80.46,25.07],[80.47,25.045],[80.502,25.063],[80.487,25.092],[80.543,25.068],[80.579,25.088],[80.595,25.155],[80.622,25.122],[80.608,25.099],[80.641,25.093],[80.674,25.054],[80.727,25.072],[80.734,25.062],[80.776,25.062],[80.776,25.084],[80.719,25.104],[80.717,25.129],[80.751,25.142],[80.782,25.137],[80.8,25.146],[80.819,25.131],[80.842,25.168],[80.836,25.193],[80.87,25.189],[80.906,25.164],[80.865,25.124],[80.871,25.071],[80.841,25.051],[80.829,25.03],[80.85,25.003],[80.819,24.974],[80.802,24.944],[80.857,24.936],[80.937,24.972],[80.953,24.939],[81,24.94],[81.027,24.955],[81.076,24.952],[81.09,24.924],[81.128,24.894],[81.155,24.932],[81.161,24.959],[81.206,24.939],[81.202,24.996],[81.22,25.007],[81.262,25.068],[81.246,25.106],[81.258,25.117],[81.269,25.165],[81.33,25.172],[81.349,25.167],[81.389,25.124],[81.428,25.134],[81.436,25.096],[81.484,25.075],[81.493,25.111],[81.478,25.121],[81.492,25.149],[81.519,25.152],[81.533,25.185],[81.566,25.196],[81.582,25.168],[81.62,25.156],[81.592,25.136],[81.632,25.103],[81.594,25.077],[81.622,25.057],[81.647,25.075],[81.678,25.065],[81.682,25.044],[81.716,25.053],[81.792,25.01],[81.829,25.019],[81.874,25.002],[81.902,24.983],[81.91,24.92],[81.903,24.884],[81.927,24.861],[81.965,24.841],[82.005,24.851],[82.065,24.823],[82.082,24.822],[82.112,24.792],[82.132,24.804],[82.159,24.792],[82.173,24.801],[82.209,24.798],[82.196,24.764],[82.238,24.754],[82.243,24.702],[82.229,24.675],[82.269,24.682],[82.292,24.665],[82.298,24.628],[82.33,24.624],[82.361,24.602],[82.409,24.598],[82.404,24.636],[82.412,24.658],[82.402,24.684],[82.42,24.705],[82.487,24.676],[82.518,24.678],[82.529,24.652],[82.666,24.7],[82.696,24.676],[82.692,24.649],[82.766,24.642],[82.768,24.598],[82.796,24.6],[82.801,24.553],[82.746,24.542],[82.716,24.557],[82.716,24.513],[82.737,24.5],[82.724,24.476],[82.726,24.426],[82.707,24.385],[82.718,24.371],[82.761,24.373],[82.764,24.292],[82.751,24.268],[82.75,24.236],[82.727,24.223],[82.736,24.168],[82.72,24.139],[82.688,24.144],[82.657,24.135],[82.701,24.097],[82.708,24.081],[82.755,24.073],[82.746,24.013],[82.801,24.001],[82.808,23.963],[82.849,23.947],[82.881,23.91],[82.954,23.873],[83.036,23.883],[83.061,23.875],[83.127,23.89],[83.145,23.91],[83.19,23.921],[83.211,23.96],[83.216,23.989],[83.276,24.023],[83.277,24.046],[83.292,24.077],[83.324,24.101],[83.349,24.126],[83.378,24.201],[83.377,24.231],[83.402,24.266],[83.396,24.293],[83.376,24.313],[83.403,24.337],[83.434,24.347],[83.443,24.373],[83.43,24.404],[83.399,24.412],[83.401,24.437],[83.381,24.456],[83.393,24.501],[83.426,24.513],[83.498,24.527],[83.517,24.549],[83.535,24.616],[83.516,24.643],[83.498,24.652],[83.513,24.679],[83.49,24.706],[83.48,24.738],[83.453,24.733],[83.411,24.775],[83.387,24.784],[83.396,24.811],[83.39,24.833],[83.368,24.863],[83.351,24.903],[83.357,24.955],[83.344,24.964],[83.344,25.01],[83.32,25.016],[83.323,25.048],[83.353,25.149],[83.343,25.159],[83.35,25.199],[83.388,25.207],[83.409,25.249],[83.443,25.259],[83.46,25.252],[83.48,25.282],[83.508,25.286],[83.544,25.313],[83.611,25.333],[83.62,25.329],[83.656,25.364],[83.686,25.369],[83.709,25.395],[83.748,25.404],[83.782,25.399],[83.803,25.433],[83.838,25.437],[83.834,25.463],[83.921,25.562],[83.944,25.567],[84.014,25.616],[84.077,25.638],[84.07,25.696],[84.108,25.724],[84.168,25.722],[84.194,25.703],[84.2,25.672],[84.217,25.664],[84.29,25.663],[84.319,25.672],[84.326,25.737],[84.354,25.744],[84.394,25.729],[84.402,25.7],[84.449,25.714],[84.467,25.686],[84.489,25.691],[84.516,25.678],[84.559,25.701],[84.556,25.736],[84.626,25.742],[84.601,25.761],[84.621,25.792],[84.587,25.82],[84.547,25.841],[84.527,25.834],[84.529,25.878],[84.507,25.872],[84.485,25.889],[84.431,25.893],[84.408,25.931],[84.351,25.959],[84.292,25.948],[84.24,25.983],[84.202,26.001],[84.172,25.999],[84.167,26.025],[84.137,26.047],[84.091,26.097],[84.049,26.1],[84.042,26.132],[84.018,26.145],[84.028,26.163],[84.002,26.19],[84.034,26.232],[84.074,26.225],[84.11,26.242],[84.113,26.262],[84.157,26.261],[84.182,26.317],[84.167,26.338],[84.171,26.374],[84.117,26.385],[84.062,26.39],[84.036,26.408],[84.016,26.442],[83.983,26.435],[83.902,26.45],[83.907,26.507],[83.93,26.525],[83.965,26.512],[83.974,26.532],[84.001,26.525],[84.048,26.543],[84.049,26.562],[84.085,26.611],[84.08,26.641],[84.152,26.639],[84.167,26.624],[84.202,26.624],[84.272,26.599],[84.297,26.616],[84.325,26.615],[84.414,26.627],[84.402,26.671],[84.367,26.679],[84.35,26.681],[84.337,26.681],[84.323,26.688],[84.319,26.716],[84.306,26.738],[84.298,26.753],[84.279,26.751],[84.267,26.742],[84.254,26.734],[84.242,26.731],[84.225,26.757],[84.241,26.775],[84.248,26.793],[84.252,26.809],[84.249,26.821],[84.243,26.822],[84.25,26.838],[84.246,26.859],[84.235,26.864],[84.222,26.87],[84.209,26.871],[84.176,26.853],[84.175,26.846],[84.169,26.835],[84.151,26.839],[84.132,26.856],[84.139,26.874],[84.141,26.884],[84.13,26.885],[84.1,26.888],[84.093,26.878],[84.088,26.882],[84.076,26.879],[84.059,26.891],[84.049,26.9],[84.051,26.902],[84.045,26.905],[84.042,26.909],[84.049,26.915],[84.045,26.93],[84.03,26.94],[84.025,26.943],[84.032,26.949],[84.035,26.949],[84.039,26.958],[84.047,26.962],[84.041,26.968],[84.043,26.98],[84.036,26.984],[84.05,26.991],[84.043,27.003],[84.036,27.047],[84.024,27.045],[83.991,27.069],[84.017,27.084],[84.019,27.093],[84.014,27.1],[84.005,27.104],[83.978,27.093],[83.948,27.086],[83.941,27.09],[83.94,27.102],[83.941,27.12],[83.951,27.126],[83.954,27.132],[83.951,27.141],[83.968,27.166],[83.984,27.179],[83.985,27.182],[83.977,27.203],[83.963,27.221],[83.962,27.228],[83.948,27.238],[83.908,27.248],[83.902,27.252],[83.896,27.277],[83.919,27.293],[83.924,27.316],[83.908,27.33],[83.855,27.311],[83.859,27.351],[83.833,27.37],[83.617,27.469],[83.391,27.479],[83.404,27.457],[83.386,27.442],[83.408,27.405],[83.39,27.376],[83.355,27.34],[83.297,27.334],[83.268,27.365],[83.274,27.383],[83.212,27.424],[83.19,27.454],[83.167,27.458],[83.036,27.449],[82.956,27.468],[82.932,27.501],[82.837,27.502],[82.804,27.496],[82.737,27.503],[82.751,27.523],[82.74,27.547],[82.757,27.588],[82.735,27.619],[82.74,27.641],[82.716,27.662],[82.72,27.687],[82.707,27.716],[82.668,27.715],[82.621,27.702],[82.607,27.706],[82.543,27.686],[82.518,27.69],[82.475,27.676],[82.451,27.679],[82.404,27.703],[82.369,27.742],[82.305,27.773],[82.21,27.843],[82.156,27.866],[82.125,27.865],[82.073,27.923],[81.97,27.929],[81.904,27.854],[81.835,27.897],[81.807,27.903],[81.704,27.987],[81.645,27.994],[81.549,28.049],[81.48,28.083],[81.486,28.118],[81.452,28.141],[81.449,28.16],[81.412,28.175],[81.377,28.177],[81.373,28.142],[81.32,28.133],[81.322,28.197],[81.282,28.235],[81.235,28.289],[81.236,28.325],[81.212,28.361],[81.082,28.385],[81.001,28.454],[80.981,28.434],[80.947,28.455],[80.907,28.466],[80.91,28.498],[80.878,28.51],[80.857,28.497],[80.817,28.521],[80.786,28.529],[80.77,28.566],[80.74,28.574],[80.716,28.568],[80.679,28.604],[80.669,28.642],[80.653,28.634],[80.613,28.639],[80.582,28.661],[80.592,28.68],[80.542,28.691],[80.505,28.665],[80.523,28.577],[80.508,28.568],[80.473,28.591],[80.463,28.621],[80.416,28.639],[80.373,28.629],[80.328,28.666],[80.319,28.7],[80.279,28.71],[80.258,28.729],[80.252,28.758],[80.218,28.755],[80.173,28.782],[80.12,28.829],[80.072,28.83],[80.058,28.835],[80.026,28.8],[80.04,28.783],[80.014,28.737],[79.988,28.717],[79.953,28.718],[79.922,28.733],[79.918,28.752],[79.91,28.763],[79.899,28.774],[79.892,28.781],[79.889,28.786],[79.901,28.799],[79.895,28.801],[79.88,28.797],[79.867,28.796],[79.846,28.805],[79.846,28.821],[79.854,28.821],[79.875,28.821],[79.875,28.83],[79.856,28.839],[79.824,28.845],[79.815,28.819],[79.816,28.812],[79.811,28.811],[79.805,28.809],[79.803,28.806],[79.783,28.805],[79.789,28.82],[79.795,28.815],[79.798,28.821],[79.801,28.83],[79.799,28.836],[79.794,28.843],[79.8,28.854],[79.809,28.859],[79.809,28.863],[79.806,28.869],[79.795,28.87],[79.791,28.877],[79.762,28.89]]]},"properties":{"NAME_1":"Uttar Pradesh"}},
{"type":"Feature","geometry":{"type":"Polygon","coordinates":[[[80.072,28.83],[80.066,28.837],[80.06,28.916],[80.098,28.975],[80.12,28.982],[80.129,29.006],[80.13,29.061],[80.146,29.103],[80.186,29.137],[80.235,29.118],[80.274,29.145],[80.26,29.187],[80.277,29.207],[80.295,29.198],[80.306,29.285],[80.318,29.316],[80.299,29.324],[80.273,29.364],[80.277,29.392],[80.243,29.412],[80.248,29.447],[80.304,29.453],[80.298,29.488],[80.342,29.51],[80.359,29.534],[80.351,29.555],[80.381,29.561],[80.409,29.595],[80.423,29.63],[80.418,29.651],[80.386,29.675],[80.366,29.74],[80.387,29.75],[80.409,29.792],[80.466,29.802],[80.494,29.795],[80.509,29.823],[80.555,29.853],[80.574,29.894],[80.576,29.923],[80.605,29.959],[80.638,29.964],[80.678,29.958],[80.721,30],[80.74,30],[80.808,30.09],[80.847,30.102],[80.847,30.116],[80.88,30.132],[80.865,30.169],[80.912,30.223],[80.929,30.236],[80.978,30.238],[81.011,30.263],[80.917,30.288],[80.811,30.32],[80.772,30.348],[80.759,30.375],[80.731,30.402],[80.661,30.446],[80.649,30.445],[80.594,30.482],[80.566,30.489],[80.556,30.467],[80.531,30.461],[80.504,30.47],[80.485,30.49],[80.424,30.506],[80.401,30.531],[80.368,30.527],[80.278,30.574],[80.24,30.565],[80.211,30.582],[80.209,30.645],[80.18,30.67],[80.22,30.697],[80.237,30.741],[80.223,30.765],[80.19,30.764],[80.185,30.787],[80.159,30.812],[80.103,30.78],[80.074,30.8],[80.069,30.819],[80.044,30.844],[80.025,30.844],[79.995,30.867],[79.942,30.892],[79.915,30.892],[79.898,30.922],[79.88,30.925],[79.855,30.979],[79.809,30.977],[79.76,30.993],[79.746,31.006],[79.696,30.982],[79.654,30.986],[79.585,30.944],[79.531,30.974],[79.538,30.991],[79.497,31.041],[79.413,31.038],[79.406,31.077],[79.391,31.082],[79.382,31.118],[79.325,31.13],[79.3,31.149],[79.282,31.181],[79.288,31.196],[79.263,31.245],[79.234,31.254],[79.248,31.297],[79.221,31.32],[79.222,31.337],[79.178,31.372],[79.163,31.399],[79.129,31.439],[79.076,31.458],[79.057,31.472],[79.037,31.457],[79.034,31.428],[79.007,31.401],[78.981,31.357],[78.93,31.338],[78.917,31.267],[78.907,31.259],[78.91,31.234],[78.935,31.222],[78.946,31.194],[78.972,31.182],[78.978,31.146],[78.997,31.118],[78.942,31.105],[78.904,31.115],[78.88,31.104],[78.819,31.147],[78.795,31.205],[78.749,31.194],[78.651,31.198],[78.636,31.22],[78.601,31.236],[78.567,31.234],[78.537,31.207],[78.47,31.204],[78.467,31.221],[78.419,31.26],[78.393,31.262],[78.369,31.288],[78.298,31.288],[78.269,31.271],[78.233,31.235],[78.207,31.237],[78.185,31.223],[78.148,31.232],[78.092,31.193],[78.03,31.185],[78.008,31.157],[77.969,31.165],[77.955,31.179],[77.902,31.159],[77.879,31.125],[77.852,31.111],[77.843,31.081],[77.805,31.054],[77.825,31.005],[77.796,30.97],[77.754,30.977],[77.733,30.95],[77.746,30.922],[77.793,30.926],[77.784,30.872],[77.745,30.881],[77.731,30.851],[77.744,30.836],[77.705,30.779],[77.688,30.769],[77.741,30.711],[77.733,30.686],[77.766,30.665],[77.775,30.641],[77.732,30.607],[77.754,30.57],[77.778,30.557],[77.806,30.561],[77.812,30.538],[77.799,30.511],[77.768,30.504],[77.662,30.449],[77.631,30.436],[77.604,30.437],[77.563,30.417],[77.563,30.404],[77.636,30.41],[77.674,30.385],[77.711,30.339],[77.751,30.325],[77.812,30.291],[77.917,30.256],[77.929,30.24],[77.904,30.215],[77.896,30.186],[77.82,30.094],[77.786,30.1],[77.758,30.047],[77.774,30.032],[77.741,29.994],[77.74,29.959],[77.718,29.935],[77.733,29.913],[77.703,29.868],[77.73,29.853],[77.742,29.81],[77.765,29.785],[77.758,29.716],[77.797,29.698],[77.793,29.682],[77.834,29.672],[77.874,29.702],[77.9,29.698],[77.941,29.715],[77.945,29.687],[77.977,29.642],[77.977,29.614],[77.948,29.59],[77.985,29.585],[77.979,29.554],[78.033,29.552],[78.044,29.593],[78.079,29.6],[78.091,29.625],[78.134,29.659],[78.139,29.676],[78.166,29.68],[78.194,29.71],[78.231,29.704],[78.303,29.758],[78.332,29.796],[78.386,29.774],[78.488,29.741],[78.507,29.691],[78.512,29.651],[78.531,29.624],[78.576,29.581],[78.64,29.548],[78.693,29.509],[78.727,29.509],[78.766,29.484],[78.866,29.46],[78.9,29.456],[78.896,29.424],[78.857,29.386],[78.814,29.37],[78.784,29.343],[78.757,29.35],[78.726,29.33],[78.728,29.313],[78.759,29.287],[78.814,29.252],[78.831,29.261],[78.864,29.249],[78.899,29.203],[78.905,29.163],[78.944,29.15],[78.967,29.166],[79.001,29.117],[79.013,29.149],[79.073,29.152],[79.101,29.132],[79.142,29.12],[79.135,29.082],[79.144,29.06],[79.165,29.051],[79.155,29.027],[79.169,29.016],[79.204,29.029],[79.238,29.007],[79.279,28.965],[79.35,28.952],[79.401,28.932],[79.396,28.885],[79.411,28.856],[79.507,28.863],[79.533,28.89],[79.554,28.879],[79.551,28.846],[79.592,28.867],[79.619,28.868],[79.666,28.848],[79.71,28.879],[79.762,28.89],[79.791,28.877],[79.795,28.87],[79.806,28.869],[79.809,28.863],[79.809,28.859],[79.8,28.854],[79.794,28.843],[79.799,28.836],[79.801,28.83],[79.798,28.821],[79.795,28.815],[79.789,28.82],[79.783,28.805],[79.803,28.806],[79.805,28.809],[79.811,28.811],[79.816,28.812],[79.815,28.819],[79.824,28.845],[79.856,28.839],[79.875,28.83],[79.875,28.821],[79.854,28.821],[79.846,28.821],[79.846,28.805],[79.867,28.796],[79.88,28.797],[79.895,28.801],[79.901,28.799],[79.889,28.786],[79.892,28.781],[79.899,28.774],[79.91,28.763],[79.918,28.752],[79.922,28.733],[79.953,28.718],[79.988,28.717],[80.014,28.737],[80.04,28.783],[80.026,28.8],[80.058,28.835],[80.072,28.83]]]},"properties":{"NAME_1":"Uttaranchal"}},
{"type":"Feature","geometry":{"type":"MultiPolygon","coordinates":[[[[88.498,21.6],[88.481,21.555],[88.506,21.541],[88.531,21.542],[88.53,21.583],[88.498,21.6]]],[[[88.835,21.607],[88.828,21.577],[88.854,21.55],[88.9,21.552],[88.893,21.579],[88.835,21.607]]],[[[88.729,21.637],[88.713,21.625],[88.708,21.59],[88.741,21.573],[88.747,21.589],[88.757,21.6],[88.736,21.61],[88.729,21.637]]],[[[88.537,21.639],[88.51,21.601],[88.537,21.588],[88.55,21.564],[88.587,21.588],[88.584,21.611],[88.537,21.639]]],[[[88.772,21.653],[88.736,21.645],[88.738,21.61],[88.753,21.605],[88.758,21.601],[88.757,21.596],[88.75,21.592],[88.749,21.579],[88.788,21.581],[88.798,21.592],[88.774,21.62],[88.772,21.653]]],[[[88.966,21.642],[88.956,21.617],[88.988,21.613],[88.995,21.626],[88.988,21.645],[88.966,21.642]]],[[[88.577,21.692],[88.558,21.635],[88.592,21.618],[88.599,21.641],[88.577,21.692]]],[[[88.984,21.706],[88.972,21.698],[88.951,21.701],[88.965,21.644],[88.988,21.646],[88.994,21.641],[89,21.602],[89.029,21.605],[89.022,21.655],[88.994,21.649],[88.984,21.706]]],[[[88.807,21.707],[88.763,21.691],[88.76,21.683],[88.732,21.683],[88.749,21.673],[88.759,21.663],[88.777,21.664],[88.797,21.656],[88.807,21.664],[88.807,21.707]]],[[[88.311,21.706],[88.317,21.665],[88.306,21.629],[88.337,21.621],[88.354,21.649],[88.351,21.678],[88.329,21.705],[88.311,21.706]]],[[[88.454,21.709],[88.42,21.69],[88.421,21.651],[88.451,21.621],[88.471,21.674],[88.454,21.709]]],[[[88.697,21.713],[88.687,21.684],[88.725,21.638],[88.741,21.654],[88.703,21.687],[88.697,21.713]]],[[[88.205,21.721],[88.181,21.689],[88.205,21.61],[88.232,21.641],[88.225,21.671],[88.216,21.67],[88.198,21.677],[88.198,21.694],[88.217,21.701],[88.205,21.721]]],[[[89.059,21.722],[89.018,21.708],[89.026,21.688],[89.026,21.644],[89.049,21.62],[89.093,21.637],[89.092,21.667],[89.059,21.722]]],[[[88.978,21.727],[88.996,21.673],[89.018,21.661],[89.02,21.699],[88.978,21.727]]],[[[88.546,21.736],[88.517,21.712],[88.541,21.64],[88.568,21.665],[88.566,21.693],[88.586,21.699],[88.571,21.733],[88.546,21.736]]],[[[88.883,21.745],[88.873,21.694],[88.886,21.661],[88.922,21.633],[88.942,21.69],[88.914,21.726],[88.883,21.745]]],[[[88.412,21.731],[88.399,21.699],[88.38,21.681],[88.387,21.613],[88.432,21.628],[88.411,21.66],[88.413,21.691],[88.429,21.703],[88.412,21.731]]],[[[88.221,21.762],[88.212,21.72],[88.221,21.702],[88.201,21.691],[88.199,21.683],[88.209,21.674],[88.226,21.675],[88.233,21.669],[88.235,21.635],[88.217,21.62],[88.245,21.592],[88.248,21.564],[88.292,21.563],[88.306,21.58],[88.289,21.596],[88.293,21.637],[88.312,21.672],[88.272,21.728],[88.271,21.755],[88.221,21.762]]],[[[88.927,21.762],[88.923,21.721],[88.95,21.702],[88.972,21.699],[88.971,21.718],[88.977,21.734],[88.97,21.739],[88.965,21.75],[88.948,21.758],[88.927,21.762]]],[[[88.365,21.764],[88.343,21.754],[88.349,21.727],[88.338,21.71],[88.358,21.687],[88.398,21.713],[88.365,21.722],[88.365,21.764]]],[[[89.005,21.765],[89.002,21.75],[89.015,21.734],[89.021,21.717],[89.056,21.73],[89.005,21.765]]],[[[88.832,21.766],[88.813,21.751],[88.791,21.749],[88.782,21.733],[88.819,21.703],[88.823,21.671],[88.809,21.64],[88.84,21.62],[88.86,21.643],[88.841,21.689],[88.84,21.716],[88.861,21.762],[88.832,21.766]]],[[[88.582,21.778],[88.569,21.769],[88.592,21.719],[88.616,21.741],[88.587,21.752],[88.584,21.761],[88.582,21.778]]],[[[89,21.785],[88.967,21.772],[88.962,21.755],[88.967,21.75],[88.97,21.74],[88.984,21.748],[88.989,21.74],[88.977,21.729],[89.005,21.716],[89.012,21.735],[88.999,21.751],[89,21.785]]],[[[88.61,21.79],[88.593,21.785],[88.589,21.78],[88.586,21.757],[88.621,21.74],[88.623,21.773],[88.61,21.79]]],[[[88.459,21.789],[88.423,21.766],[88.433,21.704],[88.455,21.711],[88.467,21.737],[88.475,21.791],[88.459,21.789]]],[[[88.716,21.807],[88.695,21.744],[88.711,21.69],[88.755,21.666],[88.731,21.682],[88.733,21.689],[88.745,21.684],[88.758,21.684],[88.757,21.706],[88.776,21.724],[88.753,21.732],[88.759,21.759],[88.727,21.781],[88.716,21.807]]],[[[88.545,21.81],[88.505,21.772],[88.504,21.751],[88.525,21.718],[88.562,21.76],[88.569,21.794],[88.545,21.81]]],[[[88.422,21.811],[88.383,21.78],[88.401,21.744],[88.44,21.789],[88.422,21.811]]],[[[88.828,21.804],[88.82,21.822],[88.786,21.769],[88.812,21.751],[88.83,21.767],[88.828,21.804]]],[[[88.787,21.745],[88.785,21.772],[88.765,21.784],[88.757,21.733],[88.787,21.745]]],[[[88.916,21.826],[88.903,21.821],[88.895,21.813],[88.886,21.81],[88.901,21.777],[88.906,21.752],[88.923,21.788],[88.918,21.792],[88.928,21.8],[88.927,21.804],[88.937,21.818],[88.935,21.823],[88.92,21.823],[88.916,21.826]]],[[[88.485,21.835],[88.456,21.819],[88.46,21.801],[88.486,21.799],[88.5,21.813],[88.485,21.835]]],[[[88.941,21.847],[88.935,21.845],[88.933,21.837],[88.925,21.835],[88.927,21.823],[88.937,21.823],[88.939,21.817],[88.935,21.814],[88.929,21.8],[88.92,21.792],[88.924,21.788],[88.92,21.775],[88.954,21.808],[88.954,21.826],[88.947,21.839],[88.941,21.847]]],[[[88.592,21.85],[88.576,21.817],[88.585,21.802],[88.607,21.815],[88.616,21.831],[88.592,21.85]]],[[[88.331,21.861],[88.315,21.858],[88.312,21.854],[88.315,21.845],[88.308,21.83],[88.266,21.814],[88.26,21.807],[88.264,21.794],[88.282,21.791],[88.304,21.761],[88.306,21.718],[88.345,21.722],[88.34,21.751],[88.343,21.76],[88.357,21.767],[88.378,21.769],[88.38,21.787],[88.361,21.796],[88.352,21.82],[88.352,21.855],[88.331,21.861]]],[[[88.856,21.865],[88.839,21.849],[88.835,21.782],[88.891,21.763],[88.897,21.782],[88.88,21.808],[88.88,21.829],[88.875,21.846],[88.877,21.852],[88.861,21.854],[88.856,21.857],[88.856,21.865]]],[[[88.137,21.875],[88.122,21.866],[88.072,21.778],[88.061,21.734],[88.044,21.718],[88.037,21.674],[88.042,21.649],[88.09,21.629],[88.135,21.629],[88.155,21.653],[88.154,21.692],[88.171,21.745],[88.157,21.83],[88.137,21.875]]],[[[88.789,21.879],[88.784,21.874],[88.777,21.865],[88.766,21.831],[88.794,21.813],[88.821,21.825],[88.829,21.863],[88.804,21.867],[88.799,21.871],[88.789,21.863],[88.786,21.868],[88.792,21.873],[88.789,21.879]]],[[[88.979,21.893],[88.98,21.869],[88.951,21.842],[88.976,21.804],[89.02,21.818],[89.031,21.863],[88.979,21.893]]],[[[88.622,21.898],[88.595,21.856],[88.606,21.846],[88.62,21.824],[88.622,21.793],[88.639,21.785],[88.653,21.869],[88.622,21.898]]],[[[88.817,21.901],[88.808,21.868],[88.831,21.866],[88.841,21.887],[88.817,21.901]]],[[[88.562,21.897],[88.531,21.849],[88.545,21.826],[88.563,21.831],[88.576,21.884],[88.562,21.897]]],[[[88.446,21.905],[88.436,21.902],[88.42,21.903],[88.417,21.887],[88.4,21.873],[88.393,21.833],[88.443,21.802],[88.454,21.822],[88.491,21.85],[88.484,21.885],[88.461,21.894],[88.446,21.905]]],[[[88.718,21.907],[88.696,21.842],[88.726,21.794],[88.751,21.801],[88.775,21.865],[88.757,21.879],[88.747,21.897],[88.727,21.899],[88.718,21.907]]],[[[88.64,21.922],[88.623,21.901],[88.653,21.881],[88.667,21.913],[88.64,21.922]]],[[[88.837,21.918],[88.849,21.896],[88.861,21.856],[88.874,21.855],[88.879,21.852],[88.878,21.846],[88.882,21.83],[88.881,21.82],[88.89,21.812],[88.903,21.822],[88.914,21.827],[88.923,21.836],[88.933,21.839],[88.933,21.846],[88.938,21.849],[88.939,21.854],[88.946,21.842],[88.948,21.841],[88.964,21.863],[88.972,21.899],[88.915,21.928],[88.887,21.914],[88.837,21.918]]],[[[88.724,21.932],[88.717,21.919],[88.729,21.9],[88.741,21.901],[88.751,21.896],[88.758,21.88],[88.772,21.878],[88.777,21.869],[88.786,21.879],[88.788,21.879],[88.793,21.878],[88.793,21.873],[88.787,21.867],[88.793,21.867],[88.797,21.877],[88.814,21.903],[88.799,21.92],[88.754,21.927],[88.732,21.92],[88.724,21.932]]],[[[88.745,21.98],[88.725,21.978],[88.722,21.943],[88.733,21.925],[88.762,21.931],[88.799,21.926],[88.749,21.959],[88.745,21.98]]],[[[88.66,22.019],[88.635,21.996],[88.632,21.953],[88.678,21.943],[88.716,22.001],[88.66,22.019]]],[[[88.141,22.026],[88.094,22.011],[88.07,21.991],[88.046,21.916],[88.088,21.933],[88.141,22.026]]],[[[88.813,22.019],[88.801,22.03],[88.761,22.015],[88.75,21.982],[88.752,21.959],[88.776,21.943],[88.825,21.94],[88.857,21.919],[88.907,21.93],[88.908,21.969],[88.9,22.013],[88.813,22.019]]],[[[88.903,22.045],[88.854,22.043],[88.877,22.015],[88.902,22.019],[88.903,22.045]]],[[[89.016,22.051],[88.986,22.049],[88.968,22.016],[88.974,21.995],[89.018,21.976],[88.999,21.95],[89.03,21.926],[89.063,21.935],[89.078,21.986],[89.068,22.014],[89.04,22.049],[89.016,22.051]]],[[[88.812,22.061],[88.78,22.038],[88.832,22.027],[88.831,22.051],[88.812,22.061]]],[[[88.871,22.079],[88.819,22.063],[88.85,22.043],[88.861,22.046],[88.881,22.046],[88.871,22.079]]],[[[88.803,22.085],[88.779,22.103],[88.748,22.059],[88.781,22.049],[88.806,22.066],[88.803,22.085]]],[[[88.818,22.123],[88.799,22.112],[88.806,22.085],[88.838,22.073],[88.866,22.081],[88.847,22.117],[88.818,22.123]]],[[[88.865,22.167],[88.846,22.121],[88.872,22.088],[88.917,22.091],[88.923,22.109],[88.886,22.165],[88.865,22.167]]],[[[88.95,22.189],[88.92,22.161],[88.909,22.134],[88.931,22.098],[88.902,22.064],[88.916,22.011],[88.913,21.994],[88.931,21.942],[88.992,21.907],[89.021,21.922],[88.995,21.942],[88.994,21.97],[88.972,21.988],[88.965,22.017],[88.977,22.038],[88.958,22.06],[88.983,22.119],[88.985,22.148],[88.95,22.189]]],[[[89.002,22.199],[88.973,22.193],[88.976,22.17],[88.997,22.132],[88.98,22.079],[88.963,22.061],[89.039,22.055],[89.031,22.094],[89.049,22.133],[89.022,22.148],[89.013,22.196],[89.002,22.199]]],[[[88.695,22.209],[88.653,22.163],[88.634,22.106],[88.652,22.081],[88.663,22.024],[88.72,22.006],[88.74,22.02],[88.729,22.038],[88.688,22.06],[88.689,22.09],[88.723,22.113],[88.736,22.133],[88.766,22.146],[88.789,22.169],[88.765,22.192],[88.732,22.194],[88.695,22.209]]],[[[88.845,22.189],[88.833,22.165],[88.806,22.178],[88.771,22.143],[88.749,22.135],[88.736,22.105],[88.703,22.078],[88.705,22.065],[88.739,22.057],[88.75,22.081],[88.798,22.125],[88.85,22.143],[88.845,22.189]]],[[[88.932,22.225],[88.909,22.194],[88.931,22.177],[88.944,22.193],[88.961,22.194],[88.954,22.222],[88.932,22.225]]],[[[88.813,22.283],[88.793,22.262],[88.792,22.258],[88.786,22.257],[88.774,22.251],[88.752,22.23],[88.747,22.199],[88.766,22.195],[88.789,22.178],[88.815,22.181],[88.827,22.196],[88.806,22.208],[88.801,22.228],[88.825,22.241],[88.826,22.265],[88.813,22.283]]],[[[88.85,22.363],[88.832,22.358],[88.818,22.359],[88.808,22.333],[88.805,22.296],[88.827,22.265],[88.826,22.239],[88.807,22.209],[88.837,22.207],[88.867,22.196],[88.872,22.171],[88.902,22.177],[88.917,22.225],[88.954,22.226],[88.93,22.264],[88.937,22.297],[88.912,22.312],[88.892,22.343],[88.85,22.363]]],[[[88.985,22.382],[88.968,22.388],[88.964,22.367],[88.955,22.361],[88.947,22.256],[88.968,22.215],[89.019,22.207],[89.024,22.165],[89.051,22.147],[89.069,22.19],[89.04,22.222],[89.034,22.255],[88.996,22.283],[89,22.323],[88.983,22.326],[88.985,22.382]]],[[[88.898,22.549],[88.867,22.53],[88.861,22.499],[88.861,22.413],[88.882,22.403],[88.884,22.376],[88.921,22.399],[88.905,22.412],[88.908,22.434],[88.901,22.445],[88.897,22.459],[88.892,22.466],[88.896,22.472],[88.893,22.487],[88.906,22.521],[88.898,22.549]]],[[[88.92,22.565],[88.896,22.561],[88.914,22.515],[88.896,22.484],[88.899,22.477],[88.895,22.466],[88.903,22.455],[88.904,22.446],[88.919,22.43],[88.926,22.406],[88.926,22.388],[88.916,22.392],[88.896,22.38],[88.907,22.336],[88.943,22.311],[88.949,22.355],[88.964,22.374],[88.969,22.413],[88.989,22.439],[88.995,22.468],[88.978,22.483],[88.956,22.551],[88.92,22.565]]],[[[88.278,27.131],[88.233,27.12],[88.214,27.135],[88.179,27.135],[88.158,27.114],[88.137,27.117],[88.086,27.142],[88.083,27.165],[88.058,27.214],[88.017,27.219],[88.01,27.143],[87.994,27.131],[87.994,27.105],[88.014,27.097],[88.04,27.036],[88.086,27.029],[88.091,27.008],[88.121,26.987],[88.123,26.95],[88.149,26.92],[88.139,26.898],[88.174,26.869],[88.17,26.837],[88.19,26.771],[88.185,26.719],[88.17,26.699],[88.166,26.646],[88.105,26.539],[88.106,26.536],[88.132,26.513],[88.165,26.522],[88.186,26.544],[88.233,26.532],[88.179,26.494],[88.194,26.472],[88.221,26.467],[88.243,26.449],[88.252,26.434],[88.255,26.416],[88.23,26.394],[88.232,26.385],[88.245,26.376],[88.255,26.374],[88.27,26.379],[88.282,26.36],[88.29,26.357],[88.289,26.351],[88.279,26.346],[88.272,26.331],[88.27,26.333],[88.265,26.336],[88.227,26.297],[88.221,26.288],[88.214,26.282],[88.204,26.28],[88.177,26.262],[88.163,26.258],[88.159,26.257],[88.137,26.244],[88.126,26.227],[88.12,26.228],[88.116,26.223],[88.106,26.216],[88.102,26.212],[88.094,26.207],[88.09,26.203],[88.087,26.194],[88.073,26.185],[88.07,26.176],[88.059,26.174],[88.037,26.178],[88.034,26.17],[88.012,26.155],[88.015,26.143],[88.007,26.143],[87.996,26.142],[87.982,26.159],[87.963,26.149],[87.969,26.139],[87.968,26.132],[87.967,26.125],[87.969,26.109],[87.954,26.103],[87.969,26.092],[87.972,26.085],[87.968,26.081],[87.96,26.084],[87.931,26.069],[87.922,26.077],[87.918,26.088],[87.896,26.08],[87.893,26.08],[87.888,26.072],[87.876,26.066],[87.842,26.032],[87.833,26.001],[87.827,25.992],[87.826,25.984],[87.831,25.962],[87.827,25.954],[87.824,25.946],[87.828,25.941],[87.827,25.932],[87.807,25.93],[87.823,25.871],[87.911,25.852],[87.888,25.833],[87.911,25.815],[87.901,25.78],[87.938,25.758],[87.944,25.744],[87.98,25.718],[88.049,25.691],[88.049,25.681],[88.044,25.653],[88.049,25.644],[88.047,25.643],[88.044,25.643],[88.036,25.637],[88.043,25.632],[88.037,25.616],[88.039,25.608],[88.041,25.605],[88.03,25.6],[88.036,25.597],[88.039,25.595],[88.031,25.587],[88.025,25.569],[88.035,25.56],[88.03,25.559],[88.027,25.553],[88.039,25.533],[88.046,25.534],[88.056,25.53],[88.064,25.506],[88.066,25.505],[88.07,25.502],[88.068,25.49],[88.066,25.481],[88.004,25.494],[87.956,25.538],[87.924,25.536],[87.901,25.507],[87.87,25.503],[87.863,25.465],[87.834,25.465],[87.809,25.434],[87.787,25.449],[87.763,25.396],[87.789,25.372],[87.782,25.338],[87.829,25.303],[87.85,25.297],[87.849,25.253],[87.823,25.234],[87.83,25.204],[87.788,25.22],[87.771,25.152],[87.773,25.099],[87.793,25.076],[87.864,25.04],[87.903,24.998],[87.906,24.986],[87.962,24.936],[87.973,24.896],[87.967,24.881],[87.911,24.856],[87.898,24.843],[87.865,24.774],[87.84,24.738],[87.901,24.722],[87.886,24.678],[87.912,24.662],[87.902,24.613],[87.91,24.594],[87.887,24.563],[87.848,24.551],[87.796,24.562],[87.799,24.492],[87.818,24.468],[87.788,24.432],[87.798,24.382],[87.761,24.333],[87.756,24.304],[87.727,24.286],[87.681,24.246],[87.647,24.249],[87.638,24.212],[87.671,24.206],[87.697,24.175],[87.69,24.15],[87.641,24.155],[87.628,24.163],[87.58,24.162],[87.605,24.132],[87.582,24.123],[87.57,24.088],[87.539,24.088],[87.497,24.116],[87.491,24.052],[87.501,24.022],[87.471,24.011],[87.439,23.978],[87.39,24.002],[87.357,24.009],[87.337,23.995],[87.315,24.004],[87.332,24.031],[87.274,24.032],[87.244,24.042],[87.233,24.025],[87.26,23.97],[87.292,23.956],[87.285,23.934],[87.293,23.89],[87.265,23.875],[87.244,23.9],[87.246,23.828],[87.22,23.827],[87.222,23.858],[87.187,23.857],[87.136,23.868],[87.13,23.851],[87.166,23.82],[87.149,23.794],[87.106,23.8],[87.057,23.816],[87.034,23.837],[86.963,23.865],[86.943,23.843],[86.924,23.866],[86.895,23.88],[86.844,23.822],[86.798,23.798],[86.817,23.776],[86.792,23.687],[86.738,23.678],[86.711,23.697],[86.649,23.683],[86.591,23.662],[86.529,23.629],[86.481,23.635],[86.445,23.632],[86.406,23.588],[86.358,23.543],[86.352,23.464],[86.3,23.444],[86.225,23.436],[86.221,23.456],[86.179,23.475],[86.143,23.477],[86.155,23.504],[86.143,23.527],[86.153,23.552],[86.139,23.57],[86.037,23.583],[86.011,23.561],[86.041,23.49],[86.02,23.488],[85.938,23.455],[85.906,23.472],[85.874,23.476],[85.86,23.451],[85.863,23.41],[85.878,23.408],[85.896,23.377],[85.866,23.365],[85.872,23.33],[85.861,23.303],[85.826,23.263],[85.835,23.192],[85.858,23.194],[85.877,23.159],[85.915,23.13],[85.944,23.129],[85.982,23.146],[86.037,23.144],[86.044,23.112],[86.092,23.091],[86.116,23.094],[86.138,23.08],[86.135,23.063],[86.176,23.013],[86.201,23.015],[86.212,22.992],[86.261,22.996],[86.279,23.011],[86.332,22.989],[86.36,22.997],[86.393,22.974],[86.416,22.995],[86.463,22.985],[86.497,22.99],[86.512,22.966],[86.487,22.936],[86.47,22.947],[86.432,22.916],[86.463,22.897],[86.433,22.86],[86.434,22.829],[86.416,22.777],[86.454,22.76],[86.479,22.722],[86.55,22.711],[86.581,22.689],[86.618,22.673],[86.637,22.655],[86.634,22.597],[86.652,22.576],[86.706,22.58],[86.756,22.574],[86.765,22.551],[86.784,22.544],[86.789,22.475],[86.745,22.471],[86.764,22.423],[86.805,22.416],[86.844,22.396],[86.829,22.325],[86.873,22.299],[86.888,22.281],[86.886,22.252],[86.82,22.261],[86.791,22.218],[86.748,22.208],[86.723,22.215],[86.713,22.178],[86.715,22.143],[86.752,22.144],[86.79,22.154],[86.806,22.114],[86.848,22.098],[86.909,22.086],[86.957,22.083],[86.995,22.046],[87.018,22.041],[87.034,21.989],[87.006,21.941],[86.998,21.908],[87.03,21.865],[87.078,21.86],[87.096,21.882],[87.096,21.886],[87.089,21.892],[87.089,21.895],[87.091,21.899],[87.105,21.918],[87.11,21.918],[87.114,21.922],[87.152,21.928],[87.158,21.931],[87.16,21.949],[87.167,21.973],[87.175,21.966],[87.203,21.956],[87.221,21.953],[87.224,21.954],[87.235,21.954],[87.232,21.94],[87.235,21.934],[87.252,21.918],[87.235,21.896],[87.249,21.867],[87.245,21.856],[87.255,21.844],[87.262,21.833],[87.268,21.82],[87.262,21.814],[87.273,21.806],[87.273,21.804],[87.281,21.799],[87.295,21.804],[87.297,21.795],[87.306,21.794],[87.318,21.791],[87.317,21.789],[87.323,21.786],[87.326,21.786],[87.333,21.787],[87.337,21.779],[87.34,21.784],[87.355,21.779],[87.37,21.768],[87.383,21.771],[87.392,21.769],[87.425,21.766],[87.439,21.764],[87.444,21.761],[87.443,21.742],[87.451,21.735],[87.444,21.732],[87.465,21.726],[87.466,21.724],[87.463,21.717],[87.469,21.698],[87.468,21.696],[87.468,21.677],[87.46,21.657],[87.461,21.644],[87.482,21.614],[87.482,21.609],[87.56,21.633],[87.678,21.654],[87.74,21.678],[87.753,21.698],[87.79,21.695],[87.81,21.706],[87.831,21.734],[87.895,21.784],[87.927,21.8],[87.94,21.82],[87.98,21.858],[88.053,22.013],[88.083,22.021],[88.167,22.074],[88.194,22.111],[88.136,22.185],[88.106,22.192],[88.066,22.19],[88.035,22.209],[88.022,22.2],[87.99,22.209],[87.972,22.237],[87.937,22.267],[87.933,22.314],[87.958,22.349],[87.96,22.28],[87.984,22.246],[88.026,22.222],[88.049,22.22],[88.075,22.253],[88.079,22.284],[88.105,22.304],[88.073,22.21],[88.117,22.209],[88.188,22.187],[88.211,22.149],[88.224,22.09],[88.214,22.035],[88.196,22.004],[88.154,21.96],[88.176,21.92],[88.164,21.879],[88.201,21.819],[88.217,21.764],[88.282,21.755],[88.258,21.801],[88.26,21.81],[88.269,21.818],[88.306,21.831],[88.311,21.855],[88.316,21.86],[88.326,21.862],[88.355,21.856],[88.364,21.798],[88.392,21.803],[88.386,21.839],[88.397,21.886],[88.416,21.901],[88.424,21.908],[88.432,21.903],[88.442,21.911],[88.462,21.918],[88.458,21.898],[88.474,21.895],[88.483,21.91],[88.509,21.905],[88.499,21.874],[88.528,21.853],[88.548,21.882],[88.545,21.906],[88.561,21.899],[88.571,21.905],[88.578,21.889],[88.602,21.907],[88.615,21.938],[88.598,21.968],[88.614,22.02],[88.635,22.043],[88.619,22.105],[88.638,22.155],[88.673,22.205],[88.699,22.21],[88.734,22.196],[88.744,22.229],[88.772,22.251],[88.786,22.259],[88.791,22.26],[88.793,22.27],[88.793,22.276],[88.805,22.284],[88.803,22.329],[88.816,22.358],[88.823,22.361],[88.833,22.359],[88.849,22.365],[88.856,22.408],[88.848,22.431],[88.819,22.43],[88.803,22.443],[88.79,22.481],[88.811,22.482],[88.814,22.456],[88.852,22.433],[88.859,22.499],[88.869,22.546],[88.896,22.563],[88.938,22.571],[88.93,22.641],[88.959,22.691],[88.921,22.734],[88.921,22.765],[88.958,22.794],[88.968,22.842],[88.946,22.877],[88.909,22.877],[88.897,22.949],[88.869,22.969],[88.878,23.029],[88.866,23.069],[88.87,23.096],[88.897,23.106],[88.931,23.139],[88.938,23.169],[88.962,23.19],[88.982,23.19],[88.98,23.222],[88.952,23.203],[88.913,23.23],[88.853,23.225],[88.831,23.245],[88.814,23.217],[88.785,23.218],[88.77,23.239],[88.747,23.237],[88.72,23.253],[88.724,23.27],[88.697,23.293],[88.747,23.318],[88.736,23.349],[88.763,23.368],[88.753,23.387],[88.764,23.442],[88.79,23.441],[88.8,23.481],[88.779,23.498],[88.743,23.481],[88.719,23.507],[88.695,23.517],[88.684,23.539],[88.662,23.55],[88.644,23.608],[88.587,23.6],[88.593,23.626],[88.562,23.646],[88.574,23.67],[88.564,23.715],[88.575,23.736],[88.581,23.789],[88.602,23.817],[88.576,23.86],[88.622,23.874],[88.633,23.861],[88.667,23.884],[88.733,23.914],[88.742,23.934],[88.734,23.959],[88.741,23.985],[88.737,24.056],[88.722,24.066],[88.726,24.096],[88.71,24.119],[88.7,24.166],[88.732,24.197],[88.737,24.268],[88.723,24.297],[88.673,24.315],[88.629,24.307],[88.568,24.327],[88.556,24.296],[88.531,24.342],[88.507,24.345],[88.438,24.381],[88.392,24.372],[88.348,24.376],[88.328,24.387],[88.265,24.445],[88.205,24.458],[88.176,24.49],[88.148,24.506],[88.107,24.545],[88.046,24.637],[88.013,24.671],[88.06,24.715],[88.067,24.75],[88.112,24.813],[88.167,24.863],[88.157,24.898],[88.141,24.917],[88.18,24.954],[88.231,24.958],[88.264,24.918],[88.267,24.893],[88.315,24.881],[88.344,24.882],[88.326,24.915],[88.361,24.949],[88.401,24.946],[88.397,24.969],[88.424,25.007],[88.438,25.009],[88.453,25.041],[88.437,25.047],[88.453,25.079],[88.443,25.126],[88.463,25.151],[88.444,25.195],[88.478,25.213],[88.553,25.196],[88.576,25.179],[88.614,25.205],[88.67,25.201],[88.709,25.21],[88.747,25.185],[88.804,25.172],[88.848,25.21],[88.876,25.182],[88.898,25.185],[88.923,25.167],[88.938,25.2],[88.959,25.22],[88.958,25.261],[88.989,25.296],[88.956,25.308],[88.919,25.309],[88.905,25.336],[88.886,25.324],[88.872,25.348],[88.844,25.362],[88.845,25.392],[88.827,25.399],[88.842,25.453],[88.832,25.485],[88.815,25.487],[88.798,25.522],[88.767,25.491],[88.741,25.501],[88.71,25.496],[88.7,25.47],[88.665,25.471],[88.625,25.495],[88.551,25.516],[88.473,25.581],[88.448,25.613],[88.457,25.66],[88.407,25.669],[88.375,25.695],[88.379,25.712],[88.34,25.734],[88.29,25.773],[88.272,25.78],[88.27,25.808],[88.202,25.788],[88.186,25.799],[88.158,25.776],[88.106,25.824],[88.114,25.848],[88.107,25.88],[88.087,25.913],[88.112,25.933],[88.131,25.988],[88.188,26.063],[88.161,26.092],[88.176,26.109],[88.18,26.146],[88.234,26.171],[88.251,26.189],[88.32,26.201],[88.353,26.22],[88.352,26.282],[88.366,26.299],[88.403,26.317],[88.415,26.337],[88.444,26.356],[88.509,26.359],[88.525,26.373],[88.494,26.416],[88.498,26.434],[88.484,26.46],[88.414,26.472],[88.375,26.487],[88.362,26.455],[88.334,26.479],[88.353,26.512],[88.378,26.594],[88.401,26.627],[88.417,26.631],[88.432,26.551],[88.486,26.541],[88.492,26.517],[88.525,26.506],[88.527,26.482],[88.549,26.483],[88.557,26.457],[88.597,26.449],[88.65,26.427],[88.685,26.383],[88.697,26.344],[88.749,26.353],[88.762,26.334],[88.762,26.301],[88.804,26.312],[88.822,26.301],[88.819,26.26],[88.853,26.236],[88.881,26.29],[88.935,26.288],[88.962,26.245],[89,26.249],[89.057,26.245],[89.069,26.259],[89.067,26.293],[89.028,26.29],[89.003,26.302],[89.007,26.333],[88.918,26.375],[88.925,26.404],[88.951,26.429],[88.965,26.461],[88.99,26.45],[89,26.42],[89.029,26.416],[89.046,26.398],[89.073,26.4],[89.1,26.385],[89.104,26.333],[89.141,26.3],[89.111,26.289],[89.128,26.254],[89.147,26.235],[89.141,26.18],[89.16,26.142],[89.198,26.122],[89.23,26.123],[89.254,26.102],[89.262,26.064],[89.328,26.037],[89.363,26.008],[89.397,26.02],[89.414,26.039],[89.433,26.016],[89.467,25.998],[89.508,26],[89.545,25.994],[89.558,25.965],[89.581,25.978],[89.585,26.031],[89.65,26.069],[89.632,26.115],[89.599,26.139],[89.624,26.178],[89.641,26.179],[89.638,26.228],[89.661,26.218],[89.696,26.175],[89.719,26.166],[89.733,26.173],[89.734,26.175],[89.717,26.177],[89.707,26.173],[89.703,26.177],[89.695,26.189],[89.711,26.189],[89.716,26.191],[89.714,26.206],[89.726,26.206],[89.724,26.217],[89.715,26.215],[89.698,26.216],[89.7,26.219],[89.706,26.217],[89.712,26.228],[89.718,26.232],[89.729,26.238],[89.716,26.246],[89.716,26.255],[89.711,26.258],[89.701,26.261],[89.711,26.265],[89.717,26.259],[89.732,26.26],[89.734,26.266],[89.721,26.288],[89.716,26.302],[89.723,26.308],[89.721,26.296],[89.746,26.291],[89.757,26.289],[89.759,26.293],[89.752,26.322],[89.781,26.331],[89.782,26.353],[89.827,26.367],[89.857,26.384],[89.845,26.41],[89.869,26.448],[89.853,26.488],[89.865,26.57],[89.878,26.584],[89.871,26.684],[89.857,26.704],[89.807,26.715],[89.777,26.699],[89.755,26.721],[89.726,26.722],[89.703,26.737],[89.67,26.739],[89.659,26.718],[89.614,26.726],[89.642,26.747],[89.654,26.772],[89.567,26.802],[89.528,26.819],[89.496,26.803],[89.459,26.806],[89.448,26.835],[89.39,26.842],[89.384,26.862],[89.32,26.853],[89.252,26.816],[89.236,26.821],[89.19,26.809],[89.173,26.822],[89.129,26.809],[89.102,26.836],[89.104,26.86],[89.086,26.897],[89.049,26.903],[89.027,26.938],[88.985,26.921],[88.941,26.939],[88.955,26.954],[88.947,26.977],[88.911,26.994],[88.889,26.961],[88.873,26.957],[88.87,27.011],[88.879,27.038],[88.87,27.109],[88.826,27.118],[88.8,27.137],[88.752,27.148],[88.718,27.144],[88.712,27.165],[88.684,27.18],[88.66,27.162],[88.619,27.188],[88.591,27.194],[88.52,27.175],[88.522,27.15],[88.496,27.125],[88.467,27.114],[88.454,27.09],[88.432,27.082],[88.411,27.091],[88.371,27.099],[88.352,27.101],[88.345,27.107],[88.32,27.117],[88.304,27.129],[88.3,27.128],[88.278,27.131]]]]},"properties":{"NAME_1":"West Bengal"}}
]}