t_sec,rpm,speed,coolant,accel,fuel
7.4,1550.0,0.0,39.0,-0.0,
7.8,1426.0,0.0,39.0,-0.0,
8.2,1514.0,0.0,39.0,-0.0,
8.6,1464.0,0.0,39.0,-0.0,
9.0,2062.0,0.0,39.0,0.0,
9.4,5175.0,0.0,39.0,0.0,
9.9,3069.0,0.0,39.0,0.0,
10.4,2087.0,0.0,39.0,0.0,
10.8,1897.0,0.0,40.0,0.0,
11.3,1840.0,0.0,40.0,0.0,
11.7,1825.0,0.0,40.0,0.0,
12.1,1768.0,0.0,40.0,0.0,
12.5,1736.0,0.0,40.0,0.0,
12.9,1547.0,0.0,40.0,0.0,
13.0,1662.0,0.0,40.0,0.0,
13.2,1596.0,0.0,40.0,0.0,
13.3,1678.0,0.0,40.0,0.0,
13.5,1722.0,0.0,40.0,0.0,
13.7,1780.0,0.0,40.0,0.0,
13.8,1769.0,0.0,40.0,0.0,
14.0,1770.0,0.0,40.0,0.0,
14.3,1751.0,0.0,40.0,0.0,
14.4,1692.0,0.0,40.0,0.0,
14.6,1706.0,0.0,40.0,0.0,
14.8,1675.0,0.0,40.0,0.0,
14.9,1665.0,0.0,40.0,0.0,
15.1,1649.0,0.0,40.0,0.0,
15.4,1601.0,0.0,40.0,0.0,
15.6,1641.0,0.0,40.0,0.0,
15.8,1686.0,0.0,40.0,0.0,
16.0,1655.0,0.0,40.0,0.0,
16.2,1660.0,0.0,40.0,0.0,
16.4,1619.0,0.0,40.0,0.0,
16.5,1648.0,0.0,41.0,0.0,
16.7,1627.0,0.0,41.0,0.0,
16.8,1558.0,0.0,41.0,0.0,
17.0,1630.0,0.0,41.0,0.0,
17.2,1684.0,0.0,41.0,0.0,
17.4,1730.0,0.0,41.0,0.0,
17.6,1669.0,0.0,41.0,0.0,
17.8,1662.0,0.0,41.0,0.0,
18.0,1648.0,0.0,41.0,0.0,
18.2,1685.0,0.0,41.0,0.0,
18.3,1681.0,0.0,41.0,0.0,
18.5,1646.0,0.0,41.0,0.0,
18.6,1748.0,0.0,41.0,0.0,
18.7,1713.0,0.0,41.0,0.0,
18.9,1712.0,0.0,41.0,0.0,
19.1,1661.0,0.0,41.0,0.0,
19.2,1686.0,0.0,41.0,0.0,
19.4,1644.0,0.0,41.0,0.0,
19.7,1603.0,0.0,41.0,0.0,
19.8,1594.0,0.0,41.0,0.0,
20.0,1644.0,0.0,41.0,0.0,
20.1,1692.0,0.0,41.0,0.0,
20.3,1559.0,0.0,41.0,0.0,
20.5,1582.0,0.0,41.0,0.0,
20.7,1686.0,0.0,41.0,0.0,
20.9,1697.0,0.0,41.0,0.0,
21.0,1714.0,0.0,41.0,0.0,
21.2,1653.0,0.0,41.0,0.0,
21.3,1617.0,0.0,41.0,0.0,
21.5,1648.0,0.0,41.0,0.0,
21.7,1547.0,0.0,41.0,0.0,
22.0,1609.0,0.0,42.0,0.0,
22.2,1641.0,0.0,42.0,0.0,
22.4,1626.0,0.0,42.0,0.0,
22.7,1660.0,0.0,42.0,0.0,
22.9,1580.0,0.0,42.0,0.0,
23.1,1592.0,0.0,42.0,0.0,
23.4,1539.0,0.0,42.0,0.0,
23.6,1643.0,0.0,42.0,0.0,
23.7,1661.0,0.0,42.0,0.0,
24.0,1567.0,0.0,42.0,0.0,
24.1,1624.0,0.0,42.0,0.0,
24.2,1599.0,0.0,42.0,0.0,
24.4,1560.0,0.0,42.0,0.0,
24.6,1622.0,0.0,42.0,0.0,
24.8,1651.0,0.0,42.0,0.0,
24.9,1604.0,0.0,42.0,0.0,
25.0,1564.0,0.0,42.0,0.0,
25.2,1529.0,0.0,42.0,0.0,
25.3,1637.0,0.0,42.0,0.0,
25.5,1555.0,0.0,42.0,0.0,
25.7,1483.0,0.0,42.0,0.0,
25.8,1537.0,0.0,42.0,0.0,
25.9,1586.0,0.0,42.0,0.0,
26.0,1557.0,0.0,42.0,0.0,
26.2,1526.0,0.0,42.0,0.0,
26.3,1506.0,0.0,42.0,0.0,
26.5,1586.0,0.0,42.0,0.0,
26.7,1582.0,0.0,42.0,0.0,
26.9,1666.0,0.0,42.0,0.0,
27.1,2624.0,0.0,42.0,0.0,
27.3,2624.0,0.0,43.0,0.0,
27.5,4141.0,0.0,43.0,0.0,
27.6,3990.0,0.0,43.0,0.0,
27.7,3245.0,0.0,43.0,0.0,
27.9,2560.0,0.0,43.0,0.0,
28.0,2255.0,0.0,43.0,0.0,
28.2,2196.0,0.0,43.0,0.0,
28.3,1994.0,8.0,43.0,3.815061534844274,
28.6,2013.0,10.0,43.0,4.189142042093806,
28.8,1945.0,11.0,43.0,4.197623568078028,
28.9,2226.0,11.0,43.0,4.107336379363863,
29.1,2281.0,11.0,43.0,1.1331672291482158,
29.2,2094.0,11.0,43.0,0.4171851652492968,
29.4,1971.0,11.0,43.0,0.0,
29.6,2012.0,11.0,43.0,0.0,
29.8,1865.0,11.0,43.0,0.0,
29.9,1908.0,11.0,43.0,0.0,
30.1,2046.0,12.0,43.0,0.3877901630200043,
30.2,2123.0,13.0,43.0,0.9739724751093055,
30.4,2232.0,13.0,43.0,0.9612181725523882,
30.5,2302.0,14.0,43.0,1.4166334182803395,
30.7,2365.0,14.0,43.0,0.9238122435127687,
30.9,2498.0,15.0,43.0,0.807711316867492,
31.2,2718.0,16.0,43.0,1.0193077685236862,
31.3,2812.0,17.0,43.0,1.0251531158442293,
31.6,2945.0,18.0,44.0,1.2512478695002527,
31.8,3105.0,19.0,44.0,1.255588404259388,
32.0,3206.0,20.0,44.0,1.3669760912737592,
32.1,3371.0,20.0,44.0,1.0375943681701907,
32.3,3518.0,21.0,44.0,1.1343852169822548,
32.5,3527.0,22.0,44.0,1.145893249226602,
32.8,3130.0,22.0,44.0,0.7358763040206427,
32.9,3018.0,23.0,44.0,1.1116098533986691,
33.1,2949.0,25.0,44.0,1.484173376206353,
33.3,2996.0,27.0,44.0,1.710844925539512,
33.5,3012.0,28.0,44.0,2.3127035092361745,
33.6,2881.0,28.0,44.0,1.9112052219141664,
33.8,2607.0,28.0,44.0,1.1653481218806836,
33.9,2522.0,28.0,44.0,0.4597691002796867,
34.1,2197.0,27.0,44.0,-0.4197322229300587,
34.3,2118.0,27.0,44.0,-0.4020622577323609,
34.5,3135.0,26.0,44.0,-0.7533006735306521,
34.7,2878.0,26.0,44.0,-0.6771062089434111,
35.0,2807.0,26.0,44.0,-0.3440609898475034,
35.1,3112.0,31.0,44.0,,
35.2,2806.0,28.0,44.0,,
35.4,3247.0,29.0,44.0,,
35.6,3171.0,30.0,44.0,,
35.8,3232.0,30.0,44.0,,
35.9,3251.0,30.0,45.0,0.8236483000673316,
36.1,3264.0,29.0,45.0,0.0,
36.3,3285.0,29.0,45.0,-0.42718467969470586,
36.4,3068.0,29.0,45.0,-0.41346549278190137,
36.6,3290.0,29.0,45.0,-0.43103645214930725,
36.7,3147.0,29.0,45.0,0.0,
36.9,3116.0,29.0,45.0,0.0,
37.0,3110.0,28.0,45.0,-0.47897724792931434,
37.2,2940.0,28.0,45.0,-0.45712863025501815,
37.4,2602.0,27.0,45.0,-0.786712105269758,
37.5,2417.0,27.0,45.0,-0.8089960620984084,
37.7,2170.0,26.0,45.0,-0.7966153407402629,
37.9,2207.0,26.0,45.0,-0.7247990277255923,
38.1,3076.0,26.0,45.0,-0.4285882561709037,
38.2,3036.0,27.0,45.0,,
38.5,3060.0,29.0,45.0,1.1228584562807198,
38.7,3100.0,27.0,45.0,,
38.8,2965.0,27.0,45.0,,
39.0,2994.0,28.0,45.0,,
39.1,3133.0,28.0,45.0,,
39.4,3274.0,30.0,45.0,1.1072831594101529,
39.7,3384.0,31.0,45.0,1.2619248905081404,
39.8,3552.0,32.0,45.0,1.305827487600711,
40.0,3638.0,33.0,45.0,1.6092094568013062,
40.3,3841.0,36.0,46.0,1.9290561066740248,0.0
40.5,4019.0,37.0,46.0,1.9762893499466538,0.0
40.8,4194.0,39.0,46.0,1.9581505190022004,0.0
41.0,4264.0,40.0,46.0,1.9589680375782457,0.0
41.2,4111.0,39.0,46.0,,0.0
41.5,3059.0,38.0,46.0,,0.0
41.8,2539.0,36.0,46.0,-0.8892881436938815,0.0
42.0,2137.0,34.0,46.0,-1.637045313938144,0.0
42.3,2045.0,32.0,46.0,-1.8636678610754245,0.0
42.4,2084.0,29.0,46.0,-2.635330270657906,0.0
42.7,2037.0,27.0,46.0,-2.6188743742723455,0.0
42.9,1976.0,25.0,46.0,-2.89522784227123,0.0
43.0,1982.0,25.0,46.0,-2.578299873188899,0.0
43.2,2011.0,24.0,46.0,-1.8250757997781466,0.0
43.3,1991.0,24.0,46.0,-1.3450271066002848,0.0
43.5,1943.0,23.0,46.0,-0.8477894145352818,0.0
43.7,1888.0,22.0,47.0,-1.17862911573162,0.0
44.0,1840.0,21.0,47.0,-1.1191525955610826,0.0
44.1,1740.0,21.0,47.0,-1.076426913669614,0.0
44.2,1746.0,20.0,47.0,-1.2022137467756024,0.0
44.4,1680.0,20.0,47.0,-0.8592521148643416,0.0
44.5,1971.0,20.0,47.0,-0.4807360137596647,0.0
44.7,2498.0,20.0,47.0,-0.48704404397734974,0.0
44.9,2222.0,20.0,47.0,0.0,0.0
45.1,2376.0,22.0,47.0,0.831453417157141,0.0
45.2,2486.0,23.0,47.0,1.2404171572516522,0.0
45.4,2565.0,23.0,47.0,1.188149623777174,0.0
45.6,2649.0,24.0,47.0,1.5670287129805136,0.0
45.8,2764.0,25.0,47.0,1.2057387764047145,0.0
45.9,2925.0,26.0,47.0,1.210225514874712,0.0
46.1,2896.0,27.0,47.0,1.5904493137004454,0.0
46.3,3069.0,28.0,47.0,1.6373635087638982,0.0
46.5,3304.0,31.0,47.0,2.169150626123159,0.0
46.7,3405.0,31.0,47.0,1.7880032107960375,0.0
46.8,3485.0,32.0,47.0,1.829398063934857,0.0
47.0,3471.0,32.0,47.0,1.6404258407686867,0.0
47.2,3594.0,32.0,47.0,0.40969859490425414,0.0
47.4,3665.0,33.0,47.0,0.7918688624620078,0.0
47.5,3626.0,33.0,47.0,0.409581399945293,0.0
47.6,3602.0,33.0,47.0,0.40659666991147075,0.0
47.8,3668.0,34.0,47.0,0.8976675025566917,0.0
48.0,3747.0,34.0,48.0,0.4141730961241417,0.0
48.3,3746.0,35.0,48.0,0.7518727684510217,0.0
48.5,3204.0,34.0,48.0,,0.0
48.6,2801.0,34.0,48.0,,0.0
48.8,2499.0,34.0,48.0,0.0,0.0
49.0,2122.0,33.0,48.0,-0.7754014978554798,0.0
49.2,2016.0,32.0,48.0,-0.8284203038791477,0.0
49.3,2019.0,32.0,48.0,-0.8196300209756437,0.0
49.5,2009.0,31.0,48.0,-1.1408793925739065,0.0
49.7,1909.0,30.0,48.0,-1.1215418993922184,0.0
49.9,1908.0,29.0,48.0,-1.185150631460108,0.0
50.0,1946.0,28.0,48.0,-1.5929428807320658,0.0
50.3,1846.0,26.0,48.0,-1.8437976520284178,
50.4,1750.0,25.0,48.0,-2.057990924391735,
50.5,1743.0,24.0,48.0,-2.09787844909049,
50.7,1673.0,22.0,48.0,-2.588300787262744,
50.8,1678.0,22.0,48.0,-1.9975569878039159,
51.0,1624.0,22.0,48.0,-1.4334530323953503,
51.1,1663.0,21.0,48.0,-1.43823943844689,
51.3,1654.0,21.0,48.0,-0.46417957763594675,
51.4,1663.0,20.0,48.0,-0.9120531416153851,
51.6,1626.0,19.0,48.0,-1.3976460733021758,
51.7,1727.0,19.0,48.0,-0.9131059188256144,
51.9,1639.0,19.0,48.0,-0.938526742390383,
52.0,1673.0,18.0,48.0,-0.9388280838103849,
52.1,1714.0,18.0,48.0,-0.4799616860024991,
52.3,1687.0,18.0,48.0,-0.4766202787401218,
52.5,1674.0,18.0,48.0,-0.42084022332946974,
52.7,1716.0,17.0,48.0,-0.3917287815326392,
52.9,1665.0,17.0,48.0,-0.37749695929974253,
53.1,1597.0,16.0,48.0,-0.7157058280140287,
53.3,1636.0,16.0,48.0,-0.7546944371276819,
53.4,1630.0,16.0,48.0,-0.42627608046578275,
53.5,1649.0,16.0,49.0,-0.4452791469220988,
53.7,1638.0,16.0,49.0,0.0,
53.8,1654.0,15.0,49.0,-0.5152280386933784,
53.9,1724.0,16.0,49.0,,
54.1,1661.0,16.0,49.0,,
54.2,1658.0,16.0,49.0,,
54.4,1615.0,16.0,49.0,0.4655210788782454,
54.6,1641.0,17.0,49.0,0.42830343544070104,
54.8,1572.0,17.0,49.0,0.3830306571456277,
55.0,1593.0,17.0,49.0,0.36083794596088037,
55.2,1676.0,16.0,49.0,0.0,
55.4,1627.0,17.0,49.0,,
55.5,1580.0,16.0,49.0,,
55.6,1673.0,16.0,49.0,,
55.8,1655.0,16.0,49.0,0.0,
56.0,1660.0,16.0,49.0,-0.4557171364463225,
56.2,1631.0,16.0,49.0,0.0,
56.3,1588.0,16.0,49.0,0.0,
56.5,1587.0,16.0,49.0,0.0,
56.6,1573.0,16.0,49.0,0.0,
56.8,1574.0,15.0,49.0,-0.4511935051813889,
56.9,1622.0,14.0,49.0,-0.9506924140031212,
57.1,1625.0,15.0,49.0,,
57.3,1559.0,14.0,49.0,,
57.4,1616.0,14.0,49.0,,
57.6,1638.0,14.0,49.0,0.0,
57.8,1665.0,14.0,49.0,-0.3641350671347813,
58.0,1705.0,14.0,49.0,0.0,
58.1,2232.0,14.0,49.0,0.0,
58.4,2658.0,15.0,49.0,0.36959353404095413,
58.5,2532.0,15.0,49.0,0.4132099382675922,
58.7,2508.0,15.0,49.0,0.3972506252446766,
59.0,2633.0,16.0,49.0,0.6791807900614009,
59.1,2816.0,17.0,49.0,0.746615008075612,
59.2,2907.0,18.0,49.0,1.1377626707167376,
59.4,2984.0,18.0,50.0,1.1451533126674385,
59.6,3116.0,19.0,50.0,1.2061710606272233,
59.8,3318.0,18.0,50.0,,
59.9,3370.0,18.0,50.0,,
60.1,2516.0,20.0,50.0,,
60.3,2382.0,22.0,50.0,,
60.5,2460.0,22.0,50.0,1.5571258235210272,
60.6,2510.0,23.0,50.0,2.051056775827682,
60.8,2623.0,24.0,50.0,1.533730357841225,
61.0,2678.0,25.0,50.0,1.2927406562127384,
61.1,2746.0,25.0,50.0,1.3125290134538423,
61.3,2771.0,26.0,50.0,1.251804413471799,
61.5,2825.0,26.0,50.0,0.8823071598149604,
61.7,2941.0,27.0,50.0,0.822726171620482,
61.8,2952.0,27.0,50.0,0.8143254703531703,
62.0,2864.0,27.0,50.0,0.36934167992344763,
62.2,2751.0,24.0,50.0,-0.7612971858466815,
62.3,2647.0,25.0,50.0,,
62.5,2628.0,24.0,50.0,,
62.7,2570.0,23.0,50.0,,
62.8,2517.0,23.0,50.0,-0.4660189599627454,
62.9,2400.0,22.0,50.0,-1.3764349058606615,
63.2,2315.0,21.0,50.0,-1.2574093474503183,
63.3,2375.0,20.0,50.0,-1.247618172147553,
63.5,2305.0,20.0,50.0,-1.2191852155943737,
63.6,2336.0,20.0,50.0,-0.7921957563879537,
63.8,2234.0,21.0,50.0,,
63.9,2080.0,19.0,51.0,,
64.1,2369.0,20.0,51.0,,
64.3,2200.0,18.0,51.0,,
64.5,2158.0,19.0,51.0,,
64.7,2190.0,19.0,51.0,,
64.8,2221.0,20.0,51.0,,
65.0,2154.0,20.0,51.0,0.835415481107672,
65.1,2267.0,20.0,51.0,0.41579291942578533,
65.3,2215.0,20.0,51.0,0.454852860648785,
65.5,2243.0,21.0,51.0,0.3984621083972176,
65.6,2216.0,21.0,51.0,0.4131076820199128,
65.8,2314.0,21.0,51.0,0.41154665587558414,
66.0,2285.0,21.0,51.0,0.3889654061635894,
66.2,2282.0,21.0,51.0,0.0,
66.3,2288.0,21.0,51.0,0.0,
66.8,2272.0,20.0,51.0,-0.28297803686341305,
67.2,2232.0,20.0,51.0,-0.22979452159933383,
67.7,2274.0,20.0,51.0,-0.1752627544472556,
68.2,2287.0,20.0,51.0,-0.15257303468248115,
68.8,2220.0,20.0,52.0,0.0,
69.0,2251.0,20.0,52.0,0.0,
69.1,,,,,
69.3,2369.0,,52.0,,
70.2,,,,,
71.2,,,52.0,,
71.3,2800.0,,,,
71.5,,26.0,,0.4439531363069314,
71.7,,,52.0,,
71.8,2941.0,,,,
72.0,,27.0,,0.5111619977261236,
72.1,,,52.0,,
72.3,3024.0,,,,
72.4,,28.0,,0.6138622822559892,
72.6,,,53.0,,
72.8,3111.0,,,,
72.9,,29.0,,0.6478259195357711,
73.1,,,53.0,,
73.2,3232.0,,,,
73.4,,30.0,,0.5865439325833912,
73.5,,,53.0,,
73.6,3307.0,,,,
73.8,,30.0,,0.4524899572116446,
73.9,,,53.0,,
74.1,3317.0,,,,
74.2,,30.0,,0.3220696867978579,
74.3,,,53.0,,
74.4,3328.0,,,,
74.6,,30.0,,0.1664307876399603,
74.7,,,53.0,,
74.9,3358.0,,,,
75.1,,30.0,,0.0,
75.2,,,53.0,,
75.3,3355.0,,,,
75.5,,30.0,,0.0,
75.6,,,53.0,,
75.7,3402.0,,,,
75.9,,31.0,,0.16308801015111962,
76.0,,,54.0,,
76.2,3473.0,,,,
76.3,,32.0,,0.3194618279598129,
76.5,,,54.0,,
76.7,3497.0,,,,
76.8,,32.0,,0.32046745587930653,
77.0,,,54.0,,
77.1,3577.0,,,,
77.3,,33.0,,0.4500932224080387,
77.5,,,54.0,,
77.6,3626.0,,,,
77.8,,34.0,,0.4330323896795425,
77.9,,,54.0,,
78.0,3679.0,,,,
78.2,,34.0,,0.30201904989989553,
78.3,,,54.0,,
78.5,3776.0,34.0,,0.32000663770568194,
78.7,,,54.0,,
78.9,3815.0,,,,
79.1,,36.0,,0.4614328260765361,
79.3,,,54.0,,
79.4,3922.0,,,,
79.5,,36.0,,0.32224974041655535,
79.7,,,54.0,,
79.8,3901.0,,,,
80.0,,36.0,,0.30394409714272186,
80.2,,,55.0,,
80.3,3915.0,,,,
80.5,,36.0,,0.2896698852466956,
80.7,,,55.0,,
80.8,3923.0,,,,
80.9,,36.0,,0.0,
81.0,,,55.0,,
81.2,3926.0,,,,
81.4,,36.0,,0.0,
81.5,,,55.0,,
81.6,3911.0,,,,
81.7,,36.0,,0.0,
82.0,,,55.0,,
82.1,3842.0,,,,
82.3,,35.0,,-0.1528951133101098,
82.4,,,55.0,,
82.5,3824.0,,,,
82.7,,35.0,,-0.15326511870735954,
82.8,,,55.0,,
83.1,,34.0,,-0.3251429625969387,
83.2,,,55.0,,
83.3,3709.0,,,,
83.5,,34.0,,-0.322421556125081,
83.6,,,55.0,,
83.7,3624.0,,,,
83.9,,33.0,55.0,-0.3492728028477413,
84.1,3577.0,,,,
84.2,,33.0,,-0.3645481236806502,
84.4,,,55.0,,
84.5,3472.0,,,,
84.7,,31.0,,-0.5170610818940575,
84.8,,,56.0,,
84.9,3386.0,,,,
85.1,,31.0,,-0.5174726717507322,
85.2,,,56.0,,
85.4,3290.0,,,,
85.5,,30.0,,-0.4982724296935608,
85.7,,,56.0,,
85.9,2832.0,,,,
86.0,,31.0,,,
86.2,,,56.0,,
86.4,2746.0,,,,
86.5,,33.0,,,
86.7,,,56.0,,
86.8,2943.0,,,,
87.0,,34.0,,,
87.1,,,56.0,,
87.3,2932.0,,,,
87.5,,35.0,,0.7255690341902988,
87.6,,,56.0,,
87.8,3032.0,,,,
87.9,,36.0,,0.729394130049608,
88.1,,,56.0,,
88.3,2810.0,,,,
88.4,,35.0,,,
88.5,,,56.0,,
88.6,2256.0,,,,
88.7,,34.0,,,
88.9,,,56.0,,
89.1,1858.0,,,,
89.2,,33.0,,-0.3167992569764883,
89.4,,,56.0,,
89.5,1782.0,,,,
89.7,,31.0,,-0.7916427353067783,
89.9,,,56.0,,
90.0,1612.0,,,,
90.2,,29.0,,-0.9445617621638444,
90.3,,,57.0,,
90.4,1529.0,,,,
90.6,,27.0,,-1.0754950775788708,
90.7,,,57.0,,
90.9,1554.0,,,,
91.1,,24.0,,-1.3017610796660597,
91.3,,,57.0,,
91.4,1694.0,,,,
91.6,,22.0,,-1.3484707990536324,
91.7,,,57.0,,
91.9,1596.0,,,,
92.0,,20.0,,-1.3656654445235559,
92.2,,,57.0,,
92.3,1563.0,,,,
92.5,,17.0,,-1.430826705801265,
92.6,,,57.0,,
92.7,1567.0,,,,
92.9,,15.0,,-1.4042362549985192,
93.1,1573.0,,57.0,,
93.3,,12.0,,-1.5880210969746107,
93.4,,,57.0,,
93.5,1602.0,,,,
93.6,,9.0,,-1.8894317329317512,
93.8,,,57.0,,
93.9,1550.0,,,,
94.1,,7.0,,-1.7233490650286742,
94.2,,,57.0,,
94.3,1626.0,,,,
94.4,,6.0,,-1.6552369246545422,
94.6,,,57.0,,
94.7,1505.0,,,,
94.9,,4.0,,-1.3983854996149616,
95.0,,,57.0,,
95.2,1623.0,,,,
95.3,,3.0,,-1.004543933939905,
95.4,,,57.0,,
95.5,1717.0,,,,
95.7,,3.0,,-0.70711033739098,
95.8,,,57.0,,
96.0,1715.0,,,,
96.2,,5.0,,,
96.3,,,57.0,,
96.5,2015.0,,,,
96.7,,7.0,,,
96.8,,,58.0,,
97.0,2266.0,,,,
97.1,,10.0,,1.0516861557933497,
97.3,,,58.0,,
97.4,2220.0,,,,
97.5,,14.0,,1.6502636461201041,
97.7,2568.0,,58.0,,
97.8,,16.0,,1.8416699840165813,
98.0,,,58.0,,
98.1,2924.0,,,,
98.3,,19.0,,2.028616598907829,
98.5,,,58.0,,
98.6,3646.0,,,,
98.9,,21.0,,1.7685789036975537,
99.0,,,58.0,,
99.2,2346.0,,,,
99.4,,22.0,,1.1776996009005705,
99.6,2753.0,,58.0,,
99.9,,26.0,,1.3559939006526514,
100.0,,,58.0,,
100.1,3140.0,,,,
100.2,,29.0,,1.4373367681312588,
100.4,,,58.0,,
100.5,3630.0,,,,
100.7,,35.0,,2.1035000768829275,
100.9,,,59.0,,
101.0,4193.0,,,,
101.2,,40.0,,2.8403981420160442,
101.3,,,59.0,,
101.5,3712.0,,,,
101.7,,39.0,,,
101.8,,,59.0,,
101.9,2341.0,,,,
102.1,,39.0,,,
102.2,,,59.0,,
102.3,1778.0,,,,
102.4,,37.0,,0.3186268558978819,
102.6,,,59.0,,
102.8,1832.0,,,,
102.9,,36.0,,-0.6295722923823881,
103.1,,,59.0,,
103.3,1825.0,,,,
103.4,,36.0,,-0.470367806552246,
103.6,,,59.0,,
103.7,1595.0,,,,
103.8,,35.0,,-0.6319387506763009,
104.0,,,59.0,,
104.2,1563.0,,,,
104.3,,30.0,,-1.0592635499828122,
104.4,,,59.0,,
104.5,1639.0,,,,
104.7,,28.0,,-1.2770950236217242,
104.8,,,59.0,,
104.9,1607.0,,,,
105.0,,28.0,,-1.4118096180377315,
105.2,,,59.0,,
105.3,1524.0,,,,
105.5,,27.0,,-1.32026874598432,
105.7,,,59.0,,
105.8,2852.0,,,,
106.0,,27.0,,-0.4985815156447301,
106.1,,,59.0,,
106.2,3152.0,,,,
106.4,,29.0,,,
106.6,,,59.0,,
106.7,3379.0,,,,
106.9,,31.0,,,
107.0,,,59.0,,
107.1,3513.0,,,,
107.2,,33.0,,0.9981778064507679,
107.3,,,59.0,,
107.5,3680.0,,,,
107.6,,34.0,,1.1492669715849257,
107.8,,,59.0,,
108.0,3966.0,,,,
108.2,,38.0,,1.4382017094005293,
108.3,3958.0,,59.0,,
108.4,,37.0,,,
108.5,,,60.0,,
108.6,3252.0,,,,
108.8,,36.0,,,
109.0,,,60.0,,
109.2,3204.0,,,,
109.4,,39.0,60.0,,
109.5,3385.0,,,,
109.7,,39.0,,,
110.0,,,60.0,,
110.1,3516.0,,,,
110.2,,43.0,,,
110.4,,,60.0,,
110.6,3722.0,,,,
110.7,,44.0,,1.1661014835148904,
110.9,,,60.0,,
111.1,3972.0,,,,
111.2,,47.0,,1.2210300024227068,
111.4,,,60.0,,
111.6,4135.0,,,,
111.7,,50.0,,1.5382762826655274,
111.9,,,60.0,,
112.1,4457.0,,,,
112.3,,54.0,,1.451343911741064,
112.4,,,60.0,,
112.5,4250.0,,,,
112.7,,53.0,,,
112.9,,,60.0,,
113.1,2099.0,,,,
113.2,,52.0,,,
113.6,,,60.0,,
113.8,1859.0,,,,
113.9,,48.0,,-0.25133702247825623,
114.1,,,61.0,,
114.2,1679.0,,,,
114.3,,46.0,,-1.1176444695042689,
114.5,,,61.0,,
114.7,1677.0,,,,
114.8,,41.0,,-1.5876827067551469,
115.0,,,61.0,,
115.1,1692.0,,,,
115.3,,37.0,,-2.03671376982749,
115.6,1584.0,,,,
115.8,,33.0,,-2.2878167971948513,
115.9,,,61.0,,
116.1,1632.0,,,,
116.2,,28.0,,-2.5906237760921798,
116.4,,,61.0,,
116.6,1680.0,,,,
116.7,,24.0,,-2.445208177890011,
116.9,,,61.0,,
117.0,1550.0,,,,
117.2,,21.0,,-2.304009490307251,
117.3,,,61.0,,
117.5,1499.0,,,,
117.7,,19.0,,-2.015192722178697,
117.8,,,61.0,,
117.9,1605.0,,,,
118.1,,16.0,,-1.8299756117320247,
118.2,,,61.0,,
118.4,1603.0,,,,
118.6,,14.0,,-1.511857315502609,
118.7,,,61.0,,
118.8,1635.0,,,,
118.9,,12.0,,-1.4248203244578046,
119.1,,,61.0,,
119.3,1514.0,,,,
119.4,,10.0,,-1.4303610145379033,
119.7,1501.0,,,,
119.9,,9.0,,-1.0574284879996219,
120.2,1578.0,,,,
120.4,,9.0,,-0.7611965898344059,
120.5,,,61.0,,
120.7,1568.0,,,,
120.8,,8.0,,-0.6048071816643364,
121.0,,,61.0,,
121.1,1601.0,,,,
121.2,,7.0,,-0.4791531485584629,
121.3,,,61.0,,
121.4,1426.0,,,,
121.6,,6.0,,-0.48496323949546827,
121.8,,,61.0,,
121.9,1629.0,,,,
122.0,,6.0,,-0.5058854613395146,
122.2,,,62.0,,
122.4,1752.0,,,,
122.5,,6.0,,-0.3248056392287363,
122.6,,,62.0,,
122.8,1469.0,,,,
123.1,,7.0,,,
123.3,,,62.0,,
123.4,1837.0,,,,
123.6,,10.0,,0.5554056793329876,
123.8,,,62.0,,
124.0,2043.0,,,,
124.2,,12.0,,0.764425180929885,
124.3,,,62.0,,
124.4,1994.0,,,,
124.7,,13.0,,0.8979991777816899,
124.9,,,62.0,,
125.1,1938.0,,,,
125.2,,13.0,,0.8057578813595649,
125.3,,,62.0,,
125.5,1940.0,,,,
125.7,,11.0,,,
125.9,,,62.0,,
126.0,1936.0,,,,
126.1,,10.0,,-0.2997686403619805,
126.3,,,62.0,,
126.5,1808.0,,,,
126.7,,10.0,,-0.4146170281190117,
126.8,,,62.0,,
127.0,1846.0,,,,
127.2,,11.0,,,
127.3,,,62.0,,
127.5,2056.0,,,,
127.7,,12.0,,,
127.9,,,62.0,,
128.2,2165.0,,,,
128.3,,12.0,,0.25483760259710914,
128.4,,,62.0,,
128.5,2723.0,,,,
128.7,,14.0,,0.5568640747584229,
128.8,,,62.0,,
128.9,2453.0,,,,
129.0,,15.0,,0.6363997734569543,
129.1,,,63.0,,
129.2,2336.0,,,,
129.3,,14.0,,,
129.4,,,63.0,,
129.6,2481.0,,,,
129.8,,15.0,,,
129.9,,,63.0,,
130.1,2768.0,,,,
130.2,,16.0,,,
130.4,,,63.0,,
130.5,2826.0,,,,
130.6,,17.0,,,
130.7,,,63.0,,
130.9,3112.0,,,,
131.0,,19.0,,0.8025030905999024,
131.2,,,63.0,,
131.4,2471.0,,,,
131.5,,19.0,,0.6375945241852037,
131.7,,,63.0,,
131.9,1779.0,,,,
132.0,,16.0,,,
132.1,,,63.0,,
132.3,1702.0,,,,
132.5,,15.0,,-0.2904982153038794,
132.6,,,63.0,,
132.8,1612.0,,,,
132.9,,15.0,,-0.5784646050003036,
133.2,,,63.0,,
133.4,1605.0,,,,
133.5,,9.0,,-1.3991633652287734,
133.7,1743.0,,63.0,,
133.9,,11.0,,,
134.1,,,63.0,,
134.2,1807.0,,,,
134.4,,13.0,,,
134.5,,,63.0,,
134.7,2233.0,,,,
134.9,,14.0,,,
135.0,,,63.0,,
135.2,2466.0,,,,
135.3,,16.0,,1.062590380522298,
135.5,,,63.0,,
135.7,1756.0,,,,
135.8,,15.0,,,
136.0,,,63.0,,
136.1,1784.0,,,,
136.2,,14.0,,,
136.4,,,63.0,,
136.5,1654.0,,,,
136.6,,13.0,,-0.1592856743459692,
136.9,,,63.0,,
137.0,1630.0,,,,
137.2,,10.0,,-0.9014523461009454,
137.3,,,63.0,,
137.5,1567.0,,,,
137.7,,8.0,,-1.0641237829646697,
137.8,,,63.0,,
137.9,1608.0,,,,
138.0,,8.0,,-0.9224437520089671,
138.1,,,63.0,,
138.2,1810.0,,,,
138.5,,10.0,,,
138.7,,,63.0,,
138.8,1902.0,,,,
139.0,,9.0,,,
139.2,,,64.0,,
139.3,1909.0,,,,
139.5,,11.0,,,
139.6,,,64.0,,
139.7,2196.0,,,,
139.8,,14.0,,,
139.9,,,64.0,,
140.1,2235.0,,,,
140.3,,14.0,,,
140.5,,,64.0,,
140.7,1637.0,,,,
140.9,,13.0,,,
141.0,,,64.0,,
141.1,1814.0,,,,
141.3,,16.0,,,
141.5,,,64.0,,
141.6,2017.0,,,,
141.8,,,64.0,,
142.0,2350.0,,,,
142.2,,19.0,,,
142.3,,,64.0,,
142.5,2406.0,,,,
142.6,,22.0,,,
142.8,,,64.0,,
143.0,2580.0,24.0,,1.4202190502481866,
143.2,,,64.0,,
143.4,2673.0,,,,
143.5,,25.0,,1.1296114863956594,
143.7,,,64.0,,
143.8,1951.0,,,,
144.0,,24.0,,,
144.1,,,64.0,,
144.3,1780.0,,,,
144.5,,22.0,,,
144.7,,,64.0,,
144.8,1731.0,,,,
144.9,,22.0,,-0.3072794640230013,
145.0,,,64.0,,
145.2,1695.0,,,,
145.3,,22.0,,-0.4781676584724605,
145.5,,,64.0,,
145.7,2520.0,,,,
145.8,,22.0,,-0.299749959374888,
146.1,,,64.0,,
146.3,2266.0,,,,
146.5,,19.0,,-0.4167060453879558,
146.6,,,65.0,,
146.8,2191.0,,,,
146.9,,22.0,,,
147.1,,,65.0,,
147.2,2325.0,,,,
147.3,,22.0,,,
147.5,,,65.0,,
147.6,2588.0,21.0,,,
147.8,,,65.0,,
147.9,2111.0,,,,
148.0,,21.0,,0.35309114882053966,
148.2,,,65.0,,
148.4,1703.0,,,,
148.5,,20.0,,-0.3438810311385512,
148.7,,,65.0,,
148.9,1645.0,,,,
149.0,,18.0,,-0.6500315658578538,
149.2,,,65.0,,
149.3,1890.0,,,,
149.5,,16.0,,-0.7499599686367941,
149.6,,,65.0,,
149.8,1812.0,,,,
149.9,,16.0,,-0.752006764643763,
150.1,,,65.0,,
150.2,1961.0,,,,
150.4,,16.0,,-0.6072959232607268,
150.5,,,65.0,,
150.7,2035.0,,,,
150.8,,20.0,,,
150.9,,,65.0,,
151.1,2152.0,,,,
151.2,,20.0,,0.6655053199530294,
151.4,,,65.0,,
151.5,2106.0,,,,
151.6,,20.0,,0.6662029760712616,
151.7,,,65.0,,
151.8,1948.0,,,,
152.0,,17.0,,0.1738349779686764,
152.1,,,65.0,,
152.3,2221.0,19.0,,,
152.4,,,65.0,,
152.6,1925.0,,,,
152.7,,19.0,,,
152.8,,,65.0,,
152.9,2056.0,,,,
153.1,,20.0,,,
153.3,,,65.0,,
153.4,2169.0,,,,
153.5,,21.0,,0.735115830437124,
153.7,,,65.0,,
153.8,2256.0,,,,
154.0,,20.0,,,
154.1,,,65.0,,
154.3,2300.0,,,,
154.4,,20.0,,,
154.5,,,66.0,,
154.6,2091.0,,,,
154.7,,20.0,,0.0,
154.9,,,66.0,,
155.1,2139.0,,,,
155.2,,20.0,,-0.16131504333047889,
155.4,,,66.0,,
155.5,2301.0,,,,
155.6,,21.0,,0.16872275933087982,
155.8,,,66.0,,
156.0,2294.0,,,,
156.1,,21.0,,0.1645769768356128,
156.3,,,66.0,,
156.4,1950.0,,,,
156.6,,20.0,,,
156.7,,,66.0,,
156.8,1753.0,,,,
157.0,,18.0,,-0.31693901616652675,
157.1,,,66.0,,
157.3,1593.0,,,,
157.5,,17.0,,-0.6041229640338716,
157.6,,,66.0,,
157.7,1581.0,,,,
157.8,,15.0,,-0.9822092439640786,
157.9,,,66.0,,
158.1,1507.0,,,,
158.2,,12.0,,-1.3832604884153075,
158.3,,,66.0,,
158.5,1567.0,11.0,,-1.2270177300415994,
158.7,,,66.0,,
158.9,1580.0,,,,
159.0,,10.0,,-1.23802698794132,
159.2,,,66.0,,
159.3,1421.0,,,,
159.5,,10.0,,-0.803836644137119,
159.6,,,66.0,,
159.7,1461.0,,,,
159.8,,9.0,,-0.5205107142862347,
160.0,,,66.0,,
160.2,1527.0,,,,
160.3,,8.0,,-0.46639767087719286,
160.5,,,67.0,,
160.6,1381.0,,,,
160.7,,7.0,,-0.4928958429263186,
160.9,,,67.0,,
161.0,1376.0,,,,
161.2,,7.0,,-0.5066187202709801,
161.3,,,67.0,,
161.5,1457.0,,,,
161.7,,8.0,,,
161.8,,,67.0,,
162.0,1464.0,,,,
162.1,,8.0,,,
162.2,,,67.0,,
162.3,1574.0,,,,
162.5,,8.0,,0.15671599108158132,
162.6,,,67.0,,
162.8,1504.0,,,,
163.0,,9.0,,0.31234684267786067,
163.1,,,67.0,,
163.2,1538.0,,,,
163.3,,10.0,,0.332170874783359,
163.5,,,67.0,,
163.7,1760.0,,,,
163.8,,11.0,,0.4823616177837544,
164.0,,,67.0,,
164.1,1859.0,,,,
164.3,,10.0,,,
164.4,,,67.0,,
164.6,1749.0,,,,
164.8,,9.0,,,
164.9,,,67.0,,
165.1,1658.0,,,,
165.2,,12.0,,,
165.4,,,67.0,,
165.6,1711.0,,,,
165.7,,11.0,,,
165.9,,,67.0,,
166.0,1771.0,,,,
166.2,,11.0,,,
166.3,,,67.0,,
166.4,1648.0,,,,
166.6,,11.0,,0.31277019435164555,
166.8,,,67.0,,
166.9,1630.0,,,,
167.1,,10.0,,-0.2967479070444303,
167.2,,,67.0,,
167.4,1666.0,,,,
167.5,,9.0,,-0.3016240712851574,
167.7,,,67.0,,
167.8,1685.0,,,,
167.9,,10.0,,,
168.1,,,67.0,,
168.2,1903.0,,,,
168.3,,11.0,,,
168.5,2025.0,,68.0,,
168.7,,13.0,,,
168.9,,,68.0,,
169.0,2303.0,,,,
169.2,,14.0,,0.861176744835542,
169.3,,,68.0,,
169.5,2430.0,,,,
169.6,,15.0,,0.8118769201863414,
169.8,,,68.0,,
170.0,1875.0,14.0,,,
170.2,,,68.0,,
170.4,1647.0,,,,
170.5,,16.0,,,
170.7,,,68.0,,
170.8,1799.0,,,,
171.0,,17.0,,,
171.2,,,68.0,,
171.3,1881.0,,,,
171.5,,15.0,,,
171.6,,,68.0,,
171.7,1820.0,,,,
171.9,,13.0,,,
172.0,,,68.0,,
172.2,1829.0,,,,
172.3,,12.0,,-0.6455224372205708,
172.4,,,68.0,,
172.5,1518.0,,,,
172.7,,15.0,,,
172.8,,,68.0,,
172.9,2220.0,,,,
173.0,,12.0,,,
173.2,,,68.0,,
173.3,1932.0,,,,
173.5,,8.0,,,
173.6,,,68.0,,
173.8,1536.0,,,,
174.0,,7.0,,-0.8197109021294233,
174.2,,,68.0,,
174.3,2960.0,,,,
174.4,,9.0,,,
174.6,,,68.0,,
174.7,2234.0,,,,
174.8,,9.0,,,
175.0,,,68.0,,
175.2,1882.0,,,,
175.4,,11.0,,,
175.6,,,68.0,,
175.7,2389.0,,,,
176.0,,14.0,,0.9680209146505473,
176.1,,,68.0,,
176.3,2446.0,,,,
176.5,,19.0,,1.33117346711009,
176.7,,,69.0,,
176.8,2580.0,,,,
177.0,,23.0,,1.8183986846597529,
177.2,,,69.0,,
177.3,2662.0,,,,
177.5,,26.0,,1.985958321407654,
177.7,,,69.0,,
177.9,2453.0,,,,
178.0,,30.0,,2.1536152548149228,
178.2,,,69.0,,
178.4,2799.0,,,,
178.6,,35.0,,2.157646138815908,
178.8,,,69.0,,
179.0,3089.0,,,,
179.1,,37.0,,1.8180198869143842,
179.3,,,69.0,,
179.4,3393.0,,,,
179.6,,41.0,,2.0008258768955547,
179.7,,,69.0,,
179.9,3454.0,,,,
180.0,,41.0,,1.5183898768472068,
180.2,,,69.0,,
180.3,2062.0,,,,
180.5,,42.0,,1.0084263413591623,
180.6,,,69.0,,
180.8,1769.0,,,,
180.9,,41.0,,,
181.1,,,70.0,,
181.3,1633.0,,,,
181.4,,40.0,,,
181.6,1554.0,,70.0,,
181.8,,39.0,,-0.3189195658257096,
181.9,,,70.0,,
182.0,1634.0,,,,
182.1,,39.0,,-0.5232594585164609,
182.3,,,70.0,,
182.4,1463.0,,,,
182.6,,39.0,,-0.3344301840738514,
182.7,,,70.0,,
182.9,1536.0,,,,
183.1,,38.0,,-0.33860479371068414,
183.3,,,70.0,,
183.4,1429.0,,,,
183.5,,36.0,,-0.47569558968157655,
183.7,,,70.0,,
183.8,1453.0,,,,
184.0,,34.0,,-0.7483277867277781,
184.1,,,70.0,,
184.3,1452.0,,,,
184.4,,33.0,,-0.9063530801022706,
184.6,,,70.0,,
184.7,1444.0,,,,
184.8,,33.0,,-0.7810630037536138,
185.0,,,70.0,,
185.1,1717.0,,,,
185.3,,32.0,,-0.6344007525667744,
185.4,,,70.0,,
185.5,2856.0,,,,
185.7,,34.0,,,
185.9,3008.0,,70.0,,
186.1,,36.0,,,
186.2,,,70.0,,
186.3,3235.0,,,,
186.4,,39.0,,,
186.6,,,70.0,,
186.7,3497.0,42.0,,1.9120311193007227,
186.9,,,70.0,,
187.1,3679.0,,,,
187.2,,43.0,,1.6306179435416148,
187.4,,,70.0,,
187.6,2776.0,,,,
187.7,,44.0,,1.393925839911409,
187.8,,,70.0,,
187.9,2901.0,,,,
188.1,,43.0,,,
188.3,,,70.0,,
188.4,2932.0,,,,
188.6,,43.0,,,
188.8,,,71.0,,
188.9,3023.0,,,,
189.1,,46.0,,,
189.2,,,71.0,,
189.4,3121.0,,,,
189.5,,47.0,,,
189.6,,,71.0,,
189.8,3293.0,,,,
189.9,,49.0,,0.91465458664061,
190.1,,,71.0,,
190.3,2982.0,,,,
190.4,,49.0,,0.9085652627879651,
190.6,,,71.0,,
190.7,1797.0,47.0,,,
190.9,,,71.0,,
191.0,1608.0,,,,
191.2,,43.0,,-0.6478978813940127,
191.4,,,71.0,,
191.6,1557.0,,,,
191.7,,37.0,,-1.85745445043393,
191.9,,,71.0,,
192.0,1661.0,,,,
192.2,,31.0,,-2.793967265879513,
192.4,,,71.0,,
192.5,1511.0,,,,
192.6,,27.0,,-3.0361472272968384,
192.7,,,71.0,,
192.9,1503.0,,,,
193.1,,23.0,,-2.9495985286694633,
193.2,,,71.0,,
193.4,1478.0,,,,
193.5,,22.0,,-2.311882192253941,
193.7,,,71.0,,
193.8,1459.0,,,,
193.9,,20.0,,-1.7545472153568384,
194.1,,,71.0,,
194.2,1430.0,,,,
194.3,,20.0,,-1.1008931867255634,
194.5,,,71.0,,
194.7,1434.0,,,,
194.8,,18.0,,-0.7880065503895548,
195.0,,,71.0,,
195.1,1542.0,,,,
195.2,,15.0,,-1.1553894646887826,
195.4,,,71.0,,
195.5,1527.0,,,,
195.7,,14.0,,-0.9525265528683193,
195.9,,,71.0,,
196.0,1428.0,,,,
196.2,,12.0,,-1.2053829679181718,
196.3,,,71.0,,
196.5,1375.0,,,,
196.7,,10.0,,-1.2110364537413292,
196.8,,,71.0,,
197.0,1406.0,,,,
197.1,,9.0,,-0.8623796154707936,
197.3,,,71.0,,
197.4,1837.0,,,,
197.5,,8.0,,-0.9116475001896226,
197.7,,,71.0,,
197.9,2238.0,,,,
198.0,,10.0,,,
198.1,,,71.0,,
198.2,1948.0,,,,
198.3,,11.0,,,
198.5,,,71.0,,
198.6,1741.0,,,,
198.7,,14.0,,,
198.9,,,72.0,,
199.0,1794.0,,,,
199.2,,17.0,,1.5099707597182324,
199.3,,,72.0,,
199.5,2188.0,,,,
199.7,,22.0,,1.9640199788753936,
199.8,,,72.0,,
200.0,2646.0,,,,
200.2,,26.0,,2.269928368506055,
200.3,,,72.0,,
200.4,3351.0,,,,
200.5,,31.0,,2.5996502045254917,
200.6,,,72.0,,
200.7,3562.0,,,,
200.9,,33.0,,2.6256510047306287,
201.0,,,72.0,,
201.1,2528.0,,,,
201.3,,35.0,,2.2976767970741765,
201.4,,,72.0,,
201.6,3288.0,,,,
201.7,,40.0,,2.50678743136604,
201.8,,,72.0,,
201.9,3584.0,,,,
202.0,,44.0,,2.4038034649991165,
202.2,,,72.0,,
202.4,4058.0,,,,
202.6,,48.0,,2.422916604276564,
202.8,,,72.0,,
202.9,2584.0,,,,
203.1,,47.0,,,
203.2,,,72.0,,
203.3,1616.0,,,,
203.5,,44.0,,,
203.6,,,72.0,,
206.3,,20.0,,-1.5587357141384692,
206.4,,,72.0,,
206.6,1468.0,,,,
206.8,,19.0,,-1.9302977779325212,
207.0,3337.0,,72.0,,
207.1,,21.0,,,
207.3,,,72.0,,
207.4,3683.0,,,,
207.5,,21.0,,,
207.7,,,72.0,,
207.8,2628.0,,,,
207.9,,24.0,,,
208.1,,,72.0,,
208.3,3092.0,,,,
208.4,,30.0,,1.8326561668796713,
208.6,,,72.0,,
208.8,3511.0,,,,
208.9,,33.0,,1.8749825743806992,
209.0,,,72.0,,
209.2,3264.0,33.0,,1.9576867925874304,
209.4,,,73.0,,
209.6,2041.0,,,,
209.7,,32.0,,,
209.8,,,73.0,,
210.0,1652.0,,,,
210.2,,30.0,,0.0,
210.3,,,73.0,,
210.4,1591.0,,,,
210.6,,28.0,,-0.8201088646623481,
210.7,,,73.0,,
210.8,1563.0,,,,
211.0,,26.0,,-1.1216175268082291,
211.1,,,73.0,,
211.3,1632.0,,,,
211.5,,25.0,,-1.0431009864033813,
211.8,,,73.0,,
211.9,1453.0,,,,
212.0,,23.0,,-1.0833218625024121,
212.2,,,73.0,,
212.4,1531.0,,,,
212.5,,20.0,,-1.1499102917609314,
212.7,,,73.0,,
212.8,1519.0,,,,
212.9,,19.0,,-0.9975289839028976,
213.1,,,73.0,,
213.3,1434.0,,,,
213.4,,18.0,,-1.0389221127275492,
213.5,,,73.0,,
213.6,1573.0,,,,
213.8,,17.0,,-0.9111043835163432,
213.9,,,73.0,,
214.0,2084.0,,,,
214.2,,20.0,,,
214.3,,,73.0,,
214.4,2234.0,,,,
214.6,,20.0,,,
214.8,,,73.0,,
214.9,2506.0,,,,
215.0,,24.0,,,
215.1,,,73.0,,
215.3,2700.0,,,,
215.5,,27.0,,1.6562291108103397,
215.6,,,73.0,,
215.8,3231.0,,,,
215.9,,31.0,,1.7599577384868172,
216.1,,,73.0,,
216.3,3689.0,,,,
216.4,,34.0,,2.1046443987712555,
216.6,,,73.0,,
216.8,3090.0,,,,
216.9,,35.0,,1.5714605304458733,
217.1,,,73.0,,
217.2,3177.0,,,,
217.3,,39.0,,1.8036660124950405,
217.5,,,73.0,,
217.6,3414.0,,,,
217.8,,41.0,,1.5022848821641088,
217.9,,,73.0,,
218.0,3541.0,,,,
218.1,,44.0,,1.6222452126813764,
218.3,,,73.0,,
218.4,3818.0,,,,
218.5,,46.0,,1.903806026008524,
218.7,,,73.0,,
218.8,2743.0,,,,
219.0,,44.0,,,
219.2,,,73.0,,
219.3,1728.0,,,,
219.5,,42.0,,,
219.6,,,73.0,,
219.8,1692.0,,,,
219.9,,40.0,,-0.6146284144068164,
220.1,,,73.0,,
220.2,1692.0,,,,
220.4,,37.0,,-1.359975507385102,
220.5,,,73.0,,
220.7,1625.0,,,,
220.8,,35.0,,-1.3584946835582257,
221.0,,,73.0,,
221.1,1576.0,,,,
221.3,,32.0,,-1.5064774371921537,
221.5,,,73.0,,
221.6,1502.0,,,,
221.8,,30.0,,-1.501458811375297,
222.0,,,73.0,,
222.1,1548.0,,,,
222.3,,27.0,,-1.4578591865008117,
222.4,,,73.0,,
222.5,1568.0,,,,
222.6,,25.0,,-1.5927286965688099,
222.8,,,73.0,,
222.9,1524.0,,,,
223.0,,24.0,,-1.279210573570838,
223.2,,,73.0,,
223.4,1492.0,,,,
223.5,,22.0,,-1.278664861115163,
223.7,,,73.0,,
223.9,1573.0,,,,
224.0,,20.0,,-1.1154218020766107,
224.2,2089.0,,73.0,,
224.4,,21.0,,,
224.5,,,73.0,,
224.6,2106.0,,,,
224.8,,22.0,,,
225.0,,,73.0,,
225.1,2086.0,,,,
225.3,,24.0,,,
225.4,,,73.0,,
225.5,2220.0,,,,
225.6,,26.0,,1.069516474596481,
225.8,,,73.0,,
225.9,2355.0,,,,
226.1,,29.0,,1.3552022041984395,
226.2,,,73.0,,
226.3,2518.0,,,,
226.5,,30.0,,1.3288542440641211,
226.6,,,73.0,,
226.7,2678.0,,,,
226.8,,32.0,,1.4268898185361436,
227.0,,,74.0,,
227.1,2802.0,,,,
227.2,,32.0,,1.0150735169024763,
227.4,,,74.0,,
227.5,3011.0,,,,
227.6,,33.0,,0.7090824771977866,
227.8,,,74.0,,
227.9,2913.0,,,,
228.0,,36.0,,1.0741526686313347,
228.1,,,74.0,,
228.3,3291.0,,,,
228.4,,40.0,,1.388804605809374,
228.6,,,74.0,,
228.7,3561.0,,,,
228.8,,43.0,,1.8913921498380943,
229.0,,,74.0,,
229.2,3337.0,,,,
229.3,,43.0,,1.6658815033964858,
229.5,,,74.0,,
229.6,3057.0,,,,
229.8,,44.0,,1.251414724345873,
229.9,,,74.0,,
230.0,3171.0,,,,
230.1,,48.0,,1.3407996027371674,
230.3,,,74.0,,
230.4,3356.0,,,,
230.6,,50.0,,1.1193477838062011,
230.7,,,74.0,,
230.9,3594.0,,,,
231.0,,54.0,,1.752263897875613,
231.1,,,74.0,,
231.2,3757.0,,,,
231.4,,,74.0,,
231.6,3921.0,,,,
231.7,,58.0,,2.00728169536939,
231.9,,,74.0,,
232.1,4157.0,,,,
232.2,,63.0,,1.984348475213932,
232.3,,,74.0,,
232.5,3827.0,,,,
232.7,,63.0,,1.710403904882639,
232.8,,,74.0,,
232.9,3718.0,,,,
233.0,,65.0,,1.5879559901519702,
233.1,,,74.0,,
233.2,3839.0,,,,
233.3,,67.0,,1.5728269853826493,
233.4,,,74.0,,
233.6,3905.0,,,,
233.7,,70.0,,1.2586676710690834,
233.9,,,74.0,,
234.2,4098.0,,,,
234.3,,70.0,,1.1951565699498163,
234.5,,,74.0,,
234.6,4160.0,,,,
234.8,,73.0,,1.2304157266521218,
234.9,,,74.0,,
235.1,3919.0,,,,
235.3,,71.0,,,
235.4,,,74.0,,
235.5,2565.0,,,,
235.7,,68.0,,,
235.9,,,75.0,,
236.1,1660.0,,,,
236.2,,62.0,,-1.1641311134330872,
236.4,1687.0,,75.0,,
236.6,,57.0,,-2.433062008598648,
236.8,,,75.0,,
236.9,1622.0,,,,
237.1,,51.0,,-3.0414587137703943,
237.3,,,75.0,,
237.4,1581.0,,,,
237.6,,45.0,,-3.477468853354721,
237.7,,,75.0,,
237.9,1558.0,,,,
238.0,,41.0,,-3.1916517187938163,
238.2,,,75.0,,
238.3,1527.0,,,,
238.4,,39.0,,-2.7144125316391925,
238.7,,,75.0,,
238.9,2302.0,,,,
239.0,,40.0,,,
239.2,,,75.0,,
239.3,2497.0,,,,
239.5,,41.0,,,
239.7,,,75.0,,
239.9,2567.0,,,,
240.1,,44.0,,,
240.2,,,75.0,,
240.3,2605.0,,,,
240.5,,46.0,,0.949583348058658,
240.7,,,75.0,,
240.8,2724.0,,,,
241.0,,48.0,,1.1544011544011543,
241.1,,,75.0,,
241.3,2861.0,,,,
241.5,,50.0,75.0,1.2584740609367235,
241.7,3025.0,,,,
241.9,,53.0,,1.3689948084431276,
242.0,,,75.0,,
242.2,3129.0,,,,
242.3,,54.0,,1.244387222542403,
242.4,,,75.0,,
242.6,3286.0,,,,
242.8,,60.0,,1.834772565629264,
242.9,,,75.0,,
243.1,3467.0,,,,
243.3,,62.0,,1.8539093822812869,
243.4,,,75.0,,
243.5,3578.0,,,,
243.6,,64.0,,1.7484857207624687,
243.8,,,75.0,,
244.0,3795.0,,,,
244.1,,67.0,,1.9694846234457508,
244.3,,,75.0,,
244.4,3971.0,,,,
244.6,,69.0,,1.3602136950123414,
244.8,,,75.0,,
244.9,3987.0,,,,
245.1,,71.0,,1.375819596370852,
245.2,,,75.0,,
245.4,3589.0,,,,
245.5,,72.0,,1.2063038010741338,
245.6,,,75.0,,
245.7,3717.0,,,,
245.9,,73.0,,0.9393259321964483,
246.0,,,75.0,,
246.1,3790.0,,,,
246.3,,76.0,,1.1756029418932918,
246.4,,,75.0,,
246.6,3919.0,,,,
246.8,,78.0,,1.1380378674231666,
246.9,,,75.0,,
247.0,3983.0,,,,
247.2,,78.0,,0.9655465939957678,
247.3,,,75.0,,
247.4,4058.0,,,,
247.5,,81.0,,1.3779600295272032,
247.6,,,76.0,,
247.7,4207.0,,,,
247.9,,82.0,,1.0220467545099499,
248.1,4221.0,,76.0,,
248.3,,83.0,,0.8883906509833166,
248.5,,,76.0,,
248.6,4337.0,,,,
248.8,,85.0,,1.2256926413630194,
249.0,,,76.0,,
249.1,4390.0,,,,
249.3,,87.0,,0.9459762606500608,
249.4,,,76.0,,
249.5,4432.0,,,,
249.6,,88.0,,0.9783510288662275,
249.7,,,76.0,,
249.9,4621.0,,,,
250.1,,88.0,,0.8107415971433045,
250.2,,,76.0,,
250.4,4347.0,,,,
250.5,,88.0,,0.479058228243767,
250.7,,,76.0,,
250.8,2733.0,,,,
251.0,,85.0,,-0.3170603865475945,
251.2,,,76.0,,
251.4,1743.0,,,,
251.5,,81.0,,-1.0359520223269327,
251.6,,,76.0,,
251.8,1636.0,,,,
252.0,,77.0,,-1.599458133828558,
252.2,,,76.0,,
252.3,1513.0,,,,
252.5,,73.0,,-2.0908398666224817,
252.7,,,76.0,,
252.8,1485.0,,,,
253.0,,67.0,,-2.521735086887391,
253.1,,,76.0,,
253.3,1547.0,,,,
253.5,,63.0,,-2.5194412685487566,
253.6,,,76.0,,
253.7,1464.0,,,,
253.8,,61.0,,-2.367194920416327,
254.0,,,76.0,,
254.2,2328.0,,,,
254.3,,61.0,,-1.8405132676159666,
254.5,,,76.0,,
254.7,3251.0,,,,
254.8,,63.0,,,
255.0,,,76.0,,
255.1,3253.0,,,,
255.3,,63.0,,,
255.4,,,76.0,,
255.6,3235.0,,,,
255.8,,65.0,,0.5611749085611784,
256.0,,,76.0,,
256.2,3390.0,,,,
256.3,,68.0,,0.9660757104259933,
256.5,,,76.0,,
256.8,3593.0,,,,
256.9,,69.0,,0.8038974621069667,
257.0,,,77.0,,
257.3,3623.0,,,,
257.5,,72.0,,1.140641716817261,
257.8,,,77.0,,
257.9,3774.0,,,,
258.0,,74.0,,1.1438849921556944,
258.2,,,77.0,,
258.3,3850.0,,,,
258.6,,76.0,,0.9673813612446847,
258.7,,,77.0,,
258.8,3961.0,,,,
259.0,,77.0,,1.0401262883894817,
259.2,,,77.0,,
259.4,2928.0,,,,
259.6,,76.0,,,
259.7,,,77.0,,
259.9,1713.0,,,,
260.1,,73.0,,,
260.2,,,77.0,,
260.3,1745.0,,,,
260.5,,71.0,,-0.7644807843137399,
260.6,,,77.0,,
260.8,1636.0,,,,
260.9,,69.0,,-1.1616069796409907,
261.1,,,77.0,,
261.3,1632.0,,,,
261.4,,67.0,,-1.3623256577362768,
261.6,,,77.0,,
261.7,1613.0,,,,
261.8,,67.0,,-0.9564308083426092,
262.0,,,77.0,,
262.1,1603.0,,,,
262.3,,66.0,,-0.7483276657689908,
262.4,,,77.0,,
262.6,1555.0,,,,
262.8,,64.0,,-0.7600473625034039,
262.9,1507.0,,77.0,,
263.1,,63.0,,-0.6658277902337512,
263.2,,,77.0,,
263.3,1478.0,,,,
263.4,,60.0,,-1.1981841826815964,
263.6,,,77.0,,
263.7,1429.0,,,,
263.9,,58.0,,-1.3973783993456637,
264.1,,,77.0,,
264.2,1827.0,,,,
264.4,,57.0,,-1.192665144798681,
264.6,,,77.0,,
264.7,2958.0,,,,
265.0,,58.0,,,
265.1,,,77.0,,
265.2,3075.0,,,,
265.4,,60.0,,,
265.6,,,77.0,,
265.7,3144.0,,,,
265.9,,63.0,,,
266.1,,,77.0,,
266.2,3456.0,,,,
266.4,,65.0,,1.1196356812978083,
266.5,,,77.0,,
266.7,3426.0,,,,
266.9,,66.0,,1.187494624731363,
267.0,,,77.0,,
267.2,3422.0,,,,
267.3,,68.0,,1.1343763186238474,
267.5,,,77.0,,
267.7,3567.0,,,,
267.8,,70.0,,1.025121840856395,
268.0,3638.0,,77.0,,
268.2,,72.0,,1.0579147447302804,
268.4,,,77.0,,
268.5,3761.0,,,,
268.7,,73.0,,1.0619003433591045,
268.8,,,77.0,,
268.9,3782.0,,,,
269.2,,75.0,,1.061863867316821,
269.3,,,77.0,,
269.5,3882.0,,,,
269.6,,76.0,,0.9144117045429709,
269.8,,,77.0,,
270.0,3929.0,,,,
270.2,,79.0,,0.98309122970326,
270.3,,,77.0,,
270.4,3939.0,,,,
270.6,,79.0,,0.8547592851689125,
270.7,,,77.0,,
270.8,3993.0,,,,
271.0,,80.0,,0.7592612070173423,
271.2,,,77.0,,
271.3,4075.0,,,,
271.5,,80.0,,0.6105593516777967,
271.6,,,77.0,,
271.8,3430.0,,,,
271.9,,79.0,,,
272.1,,,77.0,,
272.3,1984.0,,,,
272.4,,76.0,,-0.46342370911286757,
272.6,,,77.0,,
272.7,1633.0,,,,
272.8,,72.0,,-1.2192296535184026,
273.1,,,77.0,,
273.2,1671.0,,,,
273.4,,66.0,,-2.0082267294862937,
273.6,,,77.0,,
273.7,1581.0,,,,
273.8,,60.0,,-2.7593876211303634,
274.0,,,77.0,,
274.2,1533.0,,,,
274.3,,58.0,,-2.6397333615890393,
274.5,,,77.0,,
274.7,1533.0,,,,
274.8,,57.0,,-2.0949843794612697,
274.9,,,77.0,,
275.1,2943.0,,,,
275.2,,58.0,,,
275.4,,,77.0,,
275.5,2984.0,,,,
275.6,,59.0,,,
275.8,,,77.0,,
276.0,3041.0,,,,
276.1,,60.0,,,
276.3,,,77.0,,
276.5,2058.0,,,,
276.7,,57.0,,,
276.8,,,77.0,,
276.9,1666.0,,,,
277.1,,53.0,,,
277.2,,,77.0,,
277.4,1560.0,,,,
277.5,,49.0,,-1.5054072602949955,
277.7,,,77.0,,
277.8,1536.0,,,,
278.0,,46.0,,-2.090957074843771,
278.1,,,77.0,,
278.2,1517.0,,,,
278.4,,41.0,,-2.566984695534566,
278.6,,,77.0,,
278.7,1490.0,,,,
278.9,,36.0,,-2.5820089480401016,
279.1,,,77.0,,
279.2,1534.0,,,,
279.4,,33.0,,-2.3443520634931185,
279.5,,,77.0,,
279.6,1499.0,,,,
279.7,,31.0,,-2.4346279983855887,
279.8,,,77.0,,
280.0,1442.0,,,,
280.1,,30.0,,-1.7508791801046641,
280.3,,,77.0,,
280.5,2404.0,,,,
280.6,,30.0,,-0.9680022968758499,
280.8,,,77.0,,
281.0,2454.0,,,,
281.1,,30.0,,-0.47366177192170145,
281.3,,,77.0,,
281.4,1803.0,,,,
281.6,,28.0,,-0.4270556494508576,
281.8,,,77.0,,
281.9,1548.0,,,,
282.1,,25.0,,-0.7223145542470625,
282.2,,,77.0,,
282.3,1558.0,,,,
282.5,,22.0,,-1.2147691880841105,
282.6,,,77.0,,
282.8,1485.0,,,,
283.0,,20.0,,-1.4765768837045685,
283.2,1516.0,,,,
283.4,,17.0,,-1.7014793360500944,
283.6,,,77.0,,
283.7,1472.0,,,,
283.8,,15.0,,-1.592593182913799,
284.0,,,77.0,,
284.1,1407.0,,,,
284.3,,14.0,,-1.242976846765746,
284.4,,,77.0,,
284.5,1479.0,,,,
284.7,,13.0,,-1.1387781492211808,
284.9,,,77.0,,
285.0,1899.0,,,,
285.2,,13.0,,-0.6155129147904602,
285.5,,,77.0,,
285.6,1563.0,,,,
285.9,,13.0,,-0.2675258398125684,
286.1,,,77.0,,
286.3,1444.0,,,,
286.4,,12.0,,-0.26026364790817463,
286.6,,,77.0,,
286.8,2019.0,,,,
286.9,,13.0,,,
287.0,,,77.0,,
287.2,1859.0,,,,
287.3,,16.0,,,
287.5,,,77.0,,
287.6,1774.0,,,,
287.8,,18.0,,,
288.0,,,77.0,,
288.1,2201.0,,,,
288.3,,20.0,,1.1507913759256987,
288.6,2421.0,,,,
288.7,,23.0,,1.4738653315097492,
288.9,,,77.0,,
289.1,2619.0,,,,
289.3,,24.0,,1.1572638343629569,
289.4,,,77.0,,
289.6,2908.0,,,,
289.8,,27.0,,1.2503097642440915,
289.9,,,77.0,,
290.1,3521.0,,,,
290.3,,33.0,,1.8364195239263765,
290.4,,,77.0,,
290.6,2745.0,,,,
290.8,,35.0,,1.6152411832100395,
291.0,,,77.0,,
291.2,3167.0,,,,
291.3,,38.0,,1.8754999413022104,
291.5,,,77.0,,
291.7,3449.0,,,,
291.9,,44.0,,2.1930250605745774,
292.1,,,77.0,,
292.2,3474.0,,,,
292.3,,43.0,,,
292.5,,,77.0,,
292.6,3192.0,,,,
292.8,,48.0,,,
292.9,,,77.0,,
293.0,3329.0,,,,
293.2,,51.0,,,
293.3,,,77.0,,
293.4,3557.0,,,,
293.6,,53.0,,,
293.7,,,77.0,,
293.9,3800.0,,,,
294.1,,59.0,,2.476441166329744,
294.2,,,77.0,,
294.4,3952.0,,,,
294.5,,61.0,,2.0904298199646583,
294.7,,,77.0,,
294.8,4257.0,,,,
295.0,,62.0,,1.6863630187924123,
295.2,,,77.0,,
295.3,4400.0,,,,
295.5,,67.0,,2.029520735984472,
295.7,,,77.0,,
295.8,4695.0,,,,
296.0,,69.0,,1.4790251165678854,
296.1,,,77.0,,
296.3,4922.0,,,,
296.4,,73.0,,1.7211054915295707,
296.6,,,77.0,,
296.7,5119.0,,,,
296.8,,75.0,,2.0568811300041654,
297.0,,,77.0,,
297.2,5288.0,,,,
297.3,,77.0,,1.5261232312765893,
297.5,,,77.0,,
297.6,3819.0,,,,
297.7,,76.0,,,
297.9,,,77.0,,
298.0,2407.0,,,,
298.3,,70.0,,,
298.4,,,77.0,,
298.5,1698.0,,,,
298.6,,64.0,,-1.618939019777165,
298.8,,,78.0,,
299.0,1566.0,,,,
299.1,,60.0,,-2.5933716617799614,
299.3,,,78.0,,
299.5,1556.0,,,,
299.6,,57.0,,-2.7255865255632243,
299.8,,,78.0,,
299.9,1405.0,,,,
300.1,,55.0,,-2.270782079511017,
300.2,,,78.0,,
300.3,3233.0,,,,
300.5,,55.0,,-1.3518341388191988,
300.6,,,78.0,,
300.7,3794.0,,,,
300.9,,56.0,,,
301.1,,,78.0,,
301.2,3945.0,,,,
301.4,,59.0,,,
301.5,,,78.0,,
301.6,4039.0,,,,
301.8,,60.0,,0.8214860261612411,
301.9,,,78.0,,
302.0,4136.0,,,,
302.2,,61.0,,0.9722986854113408,
302.3,,,78.0,,
302.4,3848.0,,,,
302.6,,60.0,,,
302.7,,,78.0,,
302.8,2590.0,,,,
303.0,,56.0,,,
303.1,,,78.0,,
303.3,1712.0,,,,
303.5,,52.0,,-1.267794325346261,
303.7,,,78.0,,
303.9,3577.0,,,,
304.1,,52.0,,-1.351620068032985,
304.3,,,78.0,,
304.4,3690.0,,,,
304.6,,54.0,,,
304.8,,,78.0,,
305.0,3908.0,,,,
305.2,,57.0,,,
305.4,,,78.0,,
305.5,4150.0,,,,
305.6,,62.0,,1.3422409165241904,
305.8,,,79.0,,
306.0,4407.0,,,,
306.2,,66.0,,1.8146431979587732,
306.3,,,79.0,,
306.4,4590.0,,,,
306.7,,,79.0,,
306.9,4383.0,,,,
307.2,,66.0,,1.303486261339532,
307.3,,,79.0,,
307.5,4805.0,,,,
307.8,,70.0,,1.4025553341201193,
308.1,,,79.0,,
308.2,4773.0,,,,
308.4,,70.0,,0.8060152986217364,
308.5,,,79.0,,
308.7,4182.0,,,,
308.9,,74.0,,0.821210561434643,
309.1,,,79.0,,
309.2,4369.0,,,,
309.4,,77.0,,1.370941027481116,
309.7,,,79.0,,
309.8,4501.0,,,,
310.0,,80.0,,1.2354253962751736,
310.2,,,79.0,,
310.3,4602.0,,,,
310.4,,81.0,,1.4722020048735989,
310.6,,,79.0,,
310.8,4764.0,,,,
310.9,,84.0,,1.365500326201642,
311.1,,,79.0,,
311.3,4947.0,,,,
311.5,,87.0,,1.3385626155899015,
311.6,,,79.0,,
311.8,5056.0,,,,
311.9,,88.0,,1.1630614610873538,
312.1,,,79.0,,
312.3,4163.0,,,,
312.4,,86.0,,,
312.6,,,79.0,,
312.9,2336.0,,,,
313.0,,84.0,,,
313.1,,,79.0,,
313.3,1745.0,,,,
313.5,,80.0,,-0.9283497587317117,
313.7,,,79.0,,
313.8,1547.0,,,,
314.1,,76.0,,-1.5445124153468188,
314.2,,,79.0,,
314.4,2362.0,,,,
314.5,,72.0,,-1.8470932997276346,
314.8,4295.0,,79.0,,
315.0,,76.0,,,
315.2,,,80.0,,
315.3,3795.0,,,,
315.4,,74.0,,,
315.5,,,80.0,,
315.6,2864.0,,,,
315.9,,72.0,,,
316.1,,,80.0,,
316.2,1672.0,,,,
316.3,,68.0,,-0.62139954887387,
316.5,,,80.0,,
316.7,3022.0,,,,
316.9,,68.0,,-1.197160428841302,
317.0,,,80.0,,
317.2,4014.0,,,,
317.4,,69.0,,,
317.5,,,80.0,,
317.7,4114.0,,,,
317.8,,74.0,,,
318.0,,,80.0,,
318.2,4311.0,,,,
318.3,,75.0,,0.998650868329498,
318.5,,,80.0,,
318.6,4398.0,,,,
318.7,,76.0,,1.221149302128133,
318.9,,,80.0,,
319.1,3280.0,,,,
319.2,,74.0,,,
319.3,,,80.0,,
319.4,2200.0,,,,
319.6,,71.0,,,
319.8,,,80.0,,
320.0,3310.0,,,,
320.3,,70.0,,-0.6992452173710882,
320.4,,,80.0,,
320.5,4143.0,,,,
320.7,,72.0,,,
320.9,,,80.0,,
321.1,4247.0,,,,
321.3,,75.0,,,
321.4,,,80.0,,
321.5,4395.0,,,,
321.7,,76.0,,,
321.8,,,80.0,,
322.0,3374.0,,,,
322.1,,73.0,,,
322.3,,,80.0,,
322.5,2015.0,,,,
322.6,,69.0,,,
322.8,,,80.0,,
322.9,1572.0,,,,
323.1,,68.0,,-1.084936854505194,
323.3,,,80.0,,
323.4,1542.0,,,,
323.6,,68.0,,-1.1511765444463682,
323.7,,,80.0,,
323.8,2076.0,,,,
324.0,,66.0,,-1.06054800042371,
324.1,,,80.0,,
324.2,3861.0,,,,
324.3,,67.0,,,
324.4,,,80.0,,
324.5,3455.0,,,,
324.7,,65.0,,,
324.8,,,80.0,,
325.0,1969.0,,,,
325.1,,61.0,,,
325.3,,,80.0,,
325.5,1562.0,,,,
325.6,,60.0,,-1.0205685799837352,
325.8,,,80.0,,
326.0,3481.0,,,,
326.1,,60.0,,-1.1139150580953487,
326.2,,,80.0,,
326.3,2627.0,,,,
326.5,,57.0,,-1.2077056426670618,
326.7,,,80.0,,
326.8,1720.0,,,,
327.0,,52.0,,-1.3553871080457676,
327.1,,,80.0,,
327.2,1611.0,,,,
327.4,,50.0,,-1.5291201388284503,
327.5,,,80.0,,
327.7,1547.0,,,,
327.8,,47.0,,-2.050714355303362,
328.0,,,80.0,,
328.2,1517.0,,,,
328.3,,46.0,,-1.6791279945171769,
328.4,,,80.0,,
328.5,1551.0,,,,
328.7,,44.0,,-1.3278944635159968,
328.8,,,80.0,,
328.9,1501.0,,,,
329.1,,43.0,,-1.1748947364809796,
329.3,,,80.0,,
329.5,3197.0,,,,
329.6,,48.0,,,
329.8,,,80.0,,
329.9,3421.0,,,,
330.0,,51.0,,,
330.1,,,80.0,,
330.3,3536.0,,,,
330.4,,53.0,,,
330.5,,,80.0,,
330.7,2745.0,,,,
330.9,,51.0,,,
331.0,,,80.0,,
331.1,1658.0,,,,
331.2,,48.0,,,
331.4,,,80.0,,
331.6,1760.0,,,,
331.7,,46.0,,-0.836958367414278,
331.8,,,80.0,,
332.0,2208.0,,,,
332.1,,45.0,,-1.2810990559049402,
332.3,,,80.0,,
332.5,3184.0,,,,
332.6,,47.0,,,
332.8,,,80.0,,
333.0,3324.0,,,,
333.2,,49.0,,,
333.3,,,80.0,,
333.4,3274.0,,,,
333.6,,50.0,,,
333.8,,,80.0,,
333.9,1808.0,,,,
334.1,,48.0,,,
334.2,,,80.0,,
334.4,1627.0,,,,
334.6,,43.0,,,
334.7,,,80.0,,
334.9,1608.0,,,,
335.0,,40.0,,-1.3538327438204034,
335.2,,,80.0,,
335.4,1598.0,,,,
335.5,,38.0,,-1.7273789406630995,
335.7,,,80.0,,
335.8,2723.0,,,,
336.0,,41.0,,,
336.2,,,80.0,,
336.3,2911.0,,,,
336.5,,44.0,,,
336.7,,,80.0,,
336.8,3077.0,,,,
336.9,,45.0,,,
337.1,,,80.0,,
337.3,1789.0,,,,
337.4,,43.0,,,
337.5,,,80.0,,
337.7,3050.0,45.0,,,
338.0,,,80.0,,
338.2,3301.0,,,,
338.3,,48.0,,,
338.5,,,80.0,,
338.6,3475.0,,,,
338.8,,53.0,,,
339.0,,,80.0,,
339.1,3690.0,,,,
339.3,,55.0,,1.7793485392189057,
339.4,,,80.0,,
339.6,3908.0,,,,
339.8,,58.0,,1.8040210552459635,
339.9,,,80.0,,
340.1,2753.0,56.0,,,
340.3,,,80.0,,
340.4,1842.0,,,,
340.6,,55.0,,,
340.7,,,80.0,,
340.9,3678.0,,,,
341.0,,56.0,,,
341.2,,,80.0,,
341.3,3140.0,,,,
341.5,,51.0,,,
341.6,,,80.0,,
341.8,1958.0,,,,
341.9,,44.0,,,
342.1,,,80.0,,
342.2,1630.0,,,,
342.4,,38.0,,-2.621199500486954,
342.5,,,80.0,,
342.6,1675.0,,,,
342.8,,37.0,80.0,-3.027976617033859,
342.9,1553.0,,,,
343.1,,36.0,,-2.638738093802622,
343.2,,,80.0,,
343.3,1494.0,,,,
343.5,,35.0,,-1.5909622145837652,
343.6,,,80.0,,
343.8,2801.0,,,,
344.0,,37.0,,,
344.1,,,80.0,,
344.3,2703.0,,,,
344.5,,39.0,,,
344.6,,,80.0,,
344.8,2871.0,,,,
345.0,,44.0,,,
345.1,,,80.0,,
345.2,3212.0,,,,
345.4,,47.0,,1.7459427694626088,
345.6,,,80.0,,
345.7,3402.0,,,,
345.8,,50.0,,1.9211194387796544,
346.0,,,80.0,,
346.1,3619.0,,,,
346.3,,54.0,,2.283661735765978,
346.4,,,80.0,,
346.5,3851.0,,,,
346.6,,57.0,,2.188525528332116,
346.8,,,80.0,,
347.0,4127.0,,,,
347.1,,62.0,,2.3909118266338742,
347.3,,,80.0,,
347.4,4025.0,,,,
347.5,,62.0,,1.9887558132823988,
347.7,,,80.0,,
347.8,3696.0,,,,
347.9,,65.0,,1.9240376637019343,
348.1,,,80.0,,
348.2,3846.0,,,,
348.3,,67.0,,1.7260642306197456,
348.5,,,80.0,,
348.6,3979.0,,,,
348.7,,70.0,,1.3986926755248112,
348.9,,,80.0,,
349.1,4185.0,,,,
349.2,,73.0,,1.8319261575746537,
349.4,,,80.0,,
349.5,4322.0,,,,
349.7,,76.0,,1.6941716982025947,
349.8,,,80.0,,
349.9,4479.0,,,,
350.1,,,80.0,,
350.3,4575.0,,,,
350.4,,80.0,,1.6815210946691979,
350.6,,,80.0,,
350.7,4764.0,,,,
350.9,,82.0,,1.5380486552156176,
351.0,,,80.0,,
351.2,4699.0,,,,
351.4,,82.0,,1.1586930739306898,
351.5,,,80.0,,
351.7,3346.0,,,,
351.8,,79.0,,,
352.0,,,80.0,,
352.1,2254.0,,,,
352.2,,76.0,,-0.6047490154005687,
352.4,,,80.0,,
352.5,1725.0,,,,
352.7,,74.0,,-1.2060024599676378,
352.9,,,80.0,,
353.0,1645.0,,,,
353.1,,70.0,,-1.8609599065679023,
353.3,,,80.0,,
353.4,1570.0,,,,
353.6,,68.0,,-1.659121194634349,
353.8,,,80.0,,
353.9,1552.0,,,,
354.1,,66.0,,-1.5002520753542052,
354.2,,,80.0,,
354.4,4041.0,,,,
354.5,,66.0,,-1.2593331065526276,
354.7,,,80.0,,
354.8,3876.0,,,,
354.9,,68.0,,,
355.1,,,81.0,,
355.2,3957.0,,,,
355.4,,70.0,,,
355.5,,,81.0,,
355.7,4101.0,,,,
355.9,,72.0,,0.9412711026627636,
356.0,,,81.0,,
356.2,4190.0,,,,
356.3,,74.0,,1.2511186721216943,
356.4,,,81.0,,
356.6,4318.0,,,,
356.7,,75.0,,1.0748158095824374,
356.9,,,81.0,,
357.0,4334.0,,,,
357.3,,,81.0,,
357.4,4102.0,,,,
357.6,,75.0,,0.6253708011091016,
357.8,,,81.0,,
357.9,2540.0,,,,
358.1,,70.0,,,
358.2,,,81.0,,
358.5,1645.0,64.0,,-1.220737327103432,
358.7,,,81.0,,
358.9,1632.0,,,,
359.0,,58.0,,-2.0378625072099577,
359.2,,,81.0,,
359.3,1504.0,,,,
359.5,,54.0,,-3.0157924470288116,
359.7,,,81.0,,
359.8,1557.0,,,,
360.0,,51.0,,-2.7782563689933415,
360.2,,,81.0,,
360.3,2649.0,,,,
360.5,,48.0,,-2.308237779791023,
360.6,,,81.0,,
360.8,1632.0,,,,
361.0,,42.0,,-2.2969680905537406,
361.1,,,81.0,,
361.2,1577.0,,,,
361.4,,37.0,,-2.5691302473714566,
361.5,,,81.0,,
361.6,1535.0,,,,
361.7,,34.0,,-2.729990735246501,
361.8,,,81.0,,
362.0,1544.0,33.0,,-2.6476192279597406,
362.2,,,81.0,,
362.3,3002.0,,,,
362.4,,33.0,,-1.697048818528189,
362.6,,,81.0,,
362.7,3140.0,,,,
362.8,,36.0,,,
363.0,,,81.0,,
363.1,3384.0,,,,
363.2,,41.0,,,
363.4,,,81.0,,
363.6,3752.0,45.0,,2.0868593430508353,
363.7,,,81.0,,
363.9,4035.0,,,,
364.0,,49.0,,2.783820407950786,
364.2,,,81.0,,
364.4,4419.0,,,,
364.5,,54.0,,2.9720077291221805,
364.7,,,81.0,,
364.9,4860.0,,,,
365.0,,59.0,,2.847749514686528,
365.2,,,81.0,,
365.3,5182.0,,,,
365.5,,63.0,,2.7518766560449732,
365.6,,,81.0,,
365.7,5103.0,,,,
365.8,,65.0,,2.5031934177127293,
366.0,,,81.0,,
366.1,4555.0,,,,
366.3,,68.0,,2.191946555382918,
366.5,,,81.0,,
366.6,4800.0,,,,
366.8,,72.0,,2.020025953044826,
366.9,,,81.0,,
367.0,5020.0,,,,
367.2,,76.0,,2.0798757798350245,
367.3,,,81.0,,
367.5,5251.0,,,,
367.6,,79.0,,2.132425305208398,
367.8,,,81.0,,
368.0,5501.0,,,,
368.1,,82.0,,2.1427089854629866,
368.3,,,81.0,,
368.4,5719.0,,,,
368.6,,85.0,,1.9798945787160214,
368.7,,,81.0,,
368.8,5928.0,,,,
369.0,,89.0,,1.9802795837927583,
369.2,6119.0,,81.0,,
369.4,,91.0,,1.888982639097267,
369.6,,,81.0,,
369.7,6488.0,,,,
369.9,,93.0,,1.728767972696178,
370.0,,,81.0,,
370.2,5392.0,,,,
370.3,,95.0,,1.5967586871672343,
370.5,,,81.0,,
370.7,5537.0,,,,
370.8,,98.0,,1.3661032729266145,
371.0,,,81.0,,
371.2,5694.0,,,,
371.3,,101.0,,1.4404686874863597,
371.5,,,82.0,,
371.6,5828.0,,,,
371.8,,103.0,,1.4590162112808611,
371.9,,,82.0,,
372.0,5943.0,,,,
372.1,,104.0,,1.4080098186719898,
372.3,,,82.0,,
372.4,6048.0,,,,
372.6,,105.0,,1.1068746905455082,
372.8,,,82.0,,
372.9,5354.0,,,,
373.1,,106.0,,0.8038420873698022,
373.2,,,82.0,,
373.3,5433.0,,,,
373.5,,107.0,,0.6660607245830845,
373.6,,,82.0,,
373.8,5471.0,,,,
373.9,,110.0,,0.9128762083810835,
374.1,,,82.0,,
374.3,5577.0,,,,
374.4,,110.0,,0.7933901083294854,
374.5,,,82.0,,
374.7,5579.0,,,,
374.8,,111.0,,0.7913734920686744,
375.0,,,82.0,,
375.1,5632.0,,,,
375.2,,111.0,,0.6284482286580223,
375.4,,,82.0,,
375.6,5649.0,,,,
375.7,,112.0,,0.3162379763633364,
375.9,5657.0,,83.0,,
376.1,,112.0,,0.31602268511961046,
376.2,,,83.0,,
376.3,5693.0,,,,
376.4,,113.0,,0.35066230712065266,
376.5,,,83.0,,
376.7,5729.0,,,,
376.8,,114.0,,0.5153837301932362,
377.0,,,83.0,,
377.1,5798.0,,,,
377.2,,115.0,,0.5433865230491739,
377.4,,,83.0,,
377.5,5854.0,,,,
377.8,,117.0,,0.8439122288343758,
378.0,,,83.0,,
378.1,5904.0,,,,
378.2,,118.0,,0.7784679986440955,
378.4,,,83.0,,
378.5,5958.0,,,,
378.7,,119.0,,0.7544403309943389,
378.9,,,84.0,,
379.1,6003.0,,,,
379.2,,119.0,,0.5552671775468966,
379.4,,,84.0,,
379.5,6003.0,,,,
379.7,,120.0,,0.4388565483795546,
379.8,,,84.0,,
380.0,5867.0,,,,
380.1,,116.0,,,
380.3,,,84.0,,
380.4,5903.0,,,,
380.5,,117.0,,,
380.7,,,84.0,,
380.8,5941.0,,,,
381.0,,118.0,,,
381.2,,,84.0,,
381.3,5730.0,,,,
381.5,,113.0,,,
381.7,,,84.0,,
381.8,5746.0,,,,
382.0,,113.0,,,
382.1,,,84.0,,
382.3,5637.0,,,,
382.5,,110.0,,-1.0030203636977058,
382.6,,,84.0,,
382.8,5681.0,,,,
383.0,,112.0,,,
383.1,,,83.0,,
383.2,5698.0,,,,
383.3,,113.0,,,
383.5,,,83.0,,
383.6,5513.0,,,,
383.7,,109.0,,,
383.9,,,83.0,,
384.0,5510.0,,,,
384.1,,110.0,,,
384.2,,,83.0,,
384.3,5585.0,,,,
384.4,,110.0,,,
384.6,,,83.0,,
384.8,5508.0,,,,
384.9,,108.0,,,
385.1,,,83.0,,
385.3,5470.0,,,,
385.5,,109.0,,,
385.6,,,82.0,,
385.7,5523.0,,,,
386.0,,110.0,,,
386.3,,,82.0,,
386.4,5362.0,,,,
386.6,,106.0,,,
386.7,,,82.0,,
386.9,4192.0,,,,
387.1,,104.0,,,
387.3,,,82.0,,
387.4,2433.0,,,,
387.6,,100.0,,-1.1840413205792821,
387.8,,,83.0,,
387.9,5050.0,,,,
388.1,,99.0,,-1.4756827102515295,
388.4,,,82.0,,
388.5,4903.0,,,,
388.7,,97.0,,-1.190947578870265,
388.9,,,83.0,,
389.0,4942.0,,,,
389.2,,98.0,,,
389.3,,,83.0,,
389.5,4972.0,,,,
389.7,,99.0,,,
389.8,,,83.0,,
390.0,5016.0,,,,
390.1,,99.0,,,
390.3,,,83.0,,
390.5,5126.0,,,,
390.6,,101.0,,0.5710316848293858,
390.8,,,83.0,,
390.9,5210.0,,,,
391.0,,103.0,,0.7502678216037423,
391.2,,,83.0,,
391.4,5528.0,,,,
391.5,,103.0,,0.5985597383748057,
391.7,,,83.0,,
391.8,5254.0,,,,
392.0,,104.0,,0.744307182886451,
392.2,,,83.0,,
392.3,5258.0,,,,
392.5,,103.0,83.0,,
392.7,5102.0,,,,
392.8,,101.0,,,
393.0,,,83.0,,
393.1,5171.0,,,,
393.3,,102.0,,,
393.5,,,83.0,,
393.6,5010.0,,,,
393.8,,99.0,,,
393.9,,,83.0,,
394.0,5159.0,,,,
394.2,,101.0,,,
394.3,,,83.0,,
394.5,5194.0,,,,
394.7,,104.0,,,
394.8,,,83.0,,
394.9,5341.0,,,,
395.0,,106.0,,,
395.1,,,83.0,,
395.3,5404.0,,,,
395.4,,107.0,,1.3337852998200306,
395.6,,,83.0,,
395.8,5444.0,,,,
396.0,,108.0,,1.0623509043623274,
396.2,5570.0,,83.0,,
396.4,,110.0,,0.9559591895668602,
396.6,,,83.0,,
396.7,5608.0,,,,
396.9,,112.0,,0.8657266606585236,
397.1,,,83.0,,
397.2,5652.0,,,,
397.4,,114.0,,1.0045568997100907,
397.6,,,83.0,,
397.7,5748.0,,,,
397.8,,114.0,,0.9210628165946192,
398.0,,,83.0,,
398.1,5869.0,,,,
398.3,,116.0,,0.8770032266527314,
398.5,5899.0,,83.0,,
398.7,,118.0,,0.9200286953269957,
398.9,5961.0,,83.0,,
399.0,,119.0,,0.8379314991937893,
399.2,,,83.0,,
399.4,6018.0,,,,
399.6,,118.0,,,
399.8,,,83.0,,
399.9,5944.0,,,,
400.1,,117.0,,,
400.2,,,83.0,,
400.4,6001.0,,,,
400.6,,119.0,,,
400.7,,,83.0,,
400.8,6018.0,,,,
400.9,,120.0,83.0,,
401.1,6056.0,,,,
401.3,,121.0,,,
401.4,,,83.0,,
401.6,6094.0,,,,
401.7,,122.0,,0.864837387531876,
401.8,,,84.0,,
402.0,6138.0,,,,
402.1,,121.0,,,
402.3,,,84.0,,
402.5,5977.0,,,,
402.6,,118.0,,,
402.8,,,84.0,,
402.9,5823.0,,,,
403.1,,117.0,,-0.6079778365327559,
403.3,,,83.0,,
403.4,5821.0,,,,
403.6,,113.0,,-1.3189218436459305,
403.8,,,83.0,,
403.9,5673.0,,,,
404.1,,114.0,,,
404.2,,,83.0,,
404.4,5560.0,,,,
404.6,,111.0,,,
404.7,,,83.0,,
404.9,5712.0,113.0,,,
405.0,,,83.0,,
405.2,5724.0,,,,
405.3,,114.0,,,
405.4,,,83.0,,
405.6,5796.0,,,,
405.7,,114.0,,,
405.9,,,83.0,,
406.0,5801.0,,,,
406.1,,116.0,,0.9099051650249866,
406.2,,,83.0,,
406.5,5886.0,,,,
406.6,,117.0,,0.6554368185878107,
406.8,,,83.0,,
407.0,5956.0,,,,
407.1,,118.0,,0.6239374812647173,
407.3,,,83.0,,
407.4,5993.0,,,,
407.6,,120.0,,0.8522252496103839,
407.8,,,83.0,,
408.0,6051.0,,,,
408.2,,120.0,,0.5335996123462848,
408.3,,,83.0,,
408.5,6096.0,,,,
408.7,,121.0,,0.5399502115149664,
408.9,,,83.0,,
409.0,5885.0,,,,
409.2,,118.0,,,
409.4,,,83.0,,
409.6,5823.0,,,,
409.7,,114.0,,,
409.9,,,83.0,,
410.1,5642.0,,,,
410.2,,111.0,,-1.204403859353186,
410.4,,,83.0,,
410.7,5435.0,,,,
410.8,,110.0,,-1.4610148767175724,
410.9,,,83.0,,
411.0,5550.0,,,,
411.2,,110.0,,-1.118187729887866,
411.4,,,83.0,,
411.5,5462.0,,,,
411.7,,107.0,,-0.995106232452119,
412.0,5293.0,,84.0,,
412.2,,104.0,,-0.9808206353631652,
412.5,,,84.0,,
412.7,3486.0,,,,
412.8,,99.0,,-1.4940146161677341,
412.9,,,84.0,,
413.0,2292.0,,,,
413.2,,98.0,,-1.67805985404571,
413.5,,,84.0,,
413.6,1498.0,,,,
413.8,,90.0,,-2.2647968865938446,
413.9,,,84.0,,
414.1,1624.0,,,,
414.2,,86.0,,-2.464962529611595,
414.4,,,83.0,,
414.5,1572.0,,,,
414.7,,83.0,,-2.4010792130739005,
414.9,,,83.0,,
415.1,1560.0,,,,
415.3,,77.0,,-2.746480197297093,
415.4,,,83.0,,
415.5,1499.0,,,,
415.7,,75.0,,-2.1732231679567877,
415.9,,,83.0,,
416.1,1596.0,,,,
416.2,,70.0,,-2.232064398584561,
416.5,,,83.0,,
416.6,3826.0,,,,
416.7,,70.0,,-1.768911579289211,
416.9,,,83.0,,
417.0,3264.0,,,,
417.1,,69.0,,-1.2287909454032455,
417.3,,,83.0,,
417.5,3624.0,,,,
417.6,,71.0,,,
417.7,,,83.0,,
417.8,3707.0,,,,
418.0,,73.0,,,
418.1,,,83.0,,
418.3,3802.0,,,,
418.5,,75.0,,,
418.7,,,83.0,,
418.8,3903.0,,,,
419.0,,77.0,,1.1962782897160997,
419.1,,,83.0,,
419.3,3977.0,,,,
419.4,,79.0,,1.2021410805844215,
419.6,,,83.0,,
419.7,4090.0,,,,
419.9,,80.0,,1.0103891153401843,
420.1,,,82.0,,
420.2,4276.0,,,,
420.4,,82.0,,0.9989415101593607,
420.5,,,82.0,,
420.6,4253.0,,,,
420.8,,85.0,,1.2326194722432493,
421.0,,,82.0,,
421.1,4358.0,,,,
421.3,,87.0,,1.2102465841712977,
421.4,,,82.0,,
421.5,4442.0,,,,
421.6,,88.0,,1.3047531845371927,
421.7,,,82.0,,
421.9,4532.0,,,,
422.0,,90.0,,1.3817360730313286,
422.2,,,82.0,,
422.4,4583.0,,,,
422.5,,91.0,,0.9420547937127036,
422.7,,,82.0,,
422.8,4644.0,,,,
423.0,,,81.0,,
423.2,4757.0,,,,
423.4,,94.0,,0.928166386988919,
423.7,4658.0,,,,
423.9,,95.0,,0.8674959819197182,
424.0,,,82.0,,
424.2,4884.0,,,,
424.3,,96.0,,0.7225336944556738,
424.5,,,82.0,,
424.7,4970.0,,,,
424.8,,98.0,,0.8554927966039967,
425.0,,,81.0,,
425.1,5058.0,,,,
425.3,,99.0,,0.7208846553466899,
425.5,,,82.0,,
425.6,5056.0,,,,
425.8,,100.0,,0.7236416482097523,
425.9,,,82.0,,
426.1,5072.0,,,,
426.3,,101.0,,0.7255623630718708,
426.4,,,82.0,,
426.5,5057.0,,,,
426.6,,98.0,,,
426.8,,,82.0,,
427.0,4913.0,,,,
427.1,,97.0,,,
427.4,,,82.0,,
427.5,3978.0,,,,
427.7,,93.0,,-1.0183722560155961,
427.8,,,82.0,,
428.0,2454.0,,,,
428.3,,89.0,,-1.65982437265527,
428.5,,,82.0,,
428.7,1752.0,,,,
428.8,,86.0,,-1.5339407554652085,
428.9,,,82.0,,
429.2,4449.0,,,,
429.4,,89.0,,,
429.6,,,82.0,,
429.7,4485.0,,,,
429.9,,87.0,,,
430.0,,,82.0,,
430.2,4271.0,,,,
430.4,,84.0,,,
430.5,,,82.0,,
430.7,4210.0,,,,
430.8,,83.0,,-0.4112152478087531,
431.0,,,82.0,,
431.1,4136.0,,,,
431.2,,82.0,,-1.0460778837024287,
431.4,,,82.0,,
431.6,4311.0,,,,
431.7,,84.0,,,
431.9,,,82.0,,
432.1,4361.0,,,,
432.2,,87.0,,,
432.3,,,82.0,,
432.4,4401.0,,,,
432.6,,89.0,,,
432.7,,,82.0,,
432.8,4507.0,,,,
433.0,,90.0,,1.270707456655581,
433.1,,,82.0,,
433.2,4568.0,,,,
433.4,,91.0,,1.1463257805595894,
433.5,,,82.0,,
433.6,4684.0,,,,
433.9,,93.0,,0.9991241477895646,
434.0,,,82.0,,
434.1,4785.0,,,,
434.3,,95.0,,0.9918172498165285,
434.5,,,82.0,,
434.6,4864.0,,,,
434.7,,97.0,,1.1165086969551743,
434.9,,,82.0,,
435.1,4952.0,,,,
435.2,,99.0,,1.232021244875785,
435.3,,,82.0,,
435.4,5011.0,,,,
435.5,,100.0,,1.2067066909900122,
435.6,,,82.0,,
435.8,5070.0,,,,
435.9,,102.0,,1.1744118423019374,
436.1,,,82.0,,
436.3,5119.0,,,,
436.4,,103.0,,0.9874969066659397,
436.6,,,82.0,,
436.7,5013.0,,,,
436.8,,99.0,,,
437.0,,,82.0,,
437.1,3338.0,,,,
437.3,,96.0,,,
437.4,,,82.0,,
437.6,4677.0,,,,
437.8,,95.0,,-1.056896201209459,
437.9,,,82.0,,
438.1,3509.0,,,,
438.2,,92.0,,-1.685304262656005,
438.4,,,82.0,,
438.5,2403.0,,,,
438.6,,90.0,,-1.372555252623461,
438.8,,,82.0,,
438.9,4473.0,,,,
439.1,,90.0,,-0.958092442545735,
439.2,3904.0,,82.0,,
439.4,,88.0,,-1.1915997231049082,
439.6,,,82.0,,
439.8,2442.0,,,,
439.9,,83.0,,-1.516233278676156,
440.0,,,82.0,,
440.1,1716.0,,,,
440.3,,79.0,,-1.8798835358145636,
440.4,,,82.0,,
440.5,1578.0,,,,
440.7,,77.0,,-2.158729923404875,
440.9,,,82.0,,
441.1,3864.0,,,,
441.2,,77.0,,-1.6784421283652031,
441.4,,,82.0,,
441.6,3675.0,,,,
441.7,,74.0,,-1.366996216646591,
441.9,,,82.0,,
442.0,2097.0,,,,
442.2,,72.0,,-1.0069074136262595,
442.4,,,83.0,,
442.5,1597.0,,,,
442.6,,70.0,,-1.036280579847897,
442.7,,,82.0,,
442.8,1588.0,,,,
443.0,,68.0,,-1.4128964326004037,
443.1,,,83.0,,
443.3,1528.0,,,,
443.4,,67.0,,-1.1687719053735017,
443.5,,,83.0,,
443.6,1540.0,,,,
443.8,,63.0,,-1.5785058520263153,
444.0,,,82.0,,
444.1,1471.0,,,,
444.3,,59.0,,-1.8263855071700872,
444.5,,,83.0,,
444.6,1499.0,,,,
444.7,,57.0,,-1.753486468303478,
444.9,,,83.0,,
445.1,3005.0,59.0,,,
445.3,,,82.0,,
445.4,3116.0,,,,
445.5,,61.0,,,
445.7,,,83.0,,
445.8,3066.0,,,,
445.9,,61.0,,,
446.1,,,82.0,,
446.2,3911.0,,,,
446.4,,62.0,,0.8506530027567826,
446.6,,,82.0,,
446.7,3714.0,,,,
446.9,,64.0,,0.8049913741310303,
447.0,,,82.0,,
447.1,3797.0,,,,
447.3,,68.0,,1.1076337108990821,
447.4,,,82.0,,
447.6,3951.0,,,,
447.7,,70.0,,1.3729635792303783,
447.9,,,82.0,,
448.1,4137.0,72.0,,1.5667882995759392,
448.3,,,82.0,,
448.5,4246.0,,,,
448.6,,75.0,,1.736321541443378,
448.8,,,82.0,,
448.9,4377.0,,,,
449.0,,77.0,,1.4401422722311306,
449.2,,,82.0,,
449.3,4503.0,,,,
449.4,,78.0,,1.3210658628879217,
449.6,,,82.0,,
449.8,4512.0,,,,
449.9,,79.0,,1.1211275206382119,
450.0,,,82.0,,
450.1,3469.0,,,,
450.3,,77.0,,,
450.4,,,82.0,,
450.6,2276.0,,,,
450.8,,73.0,,,
450.9,,,82.0,,
451.0,1654.0,,,,
451.1,,72.0,,-1.0051120602451302,
451.3,,,82.0,,
451.5,4131.0,,,,
451.6,,72.0,,-1.1021027124712646,
451.8,,,82.0,,
452.0,4239.0,,,,
452.2,,75.0,,,
452.4,,,82.0,,
452.6,4388.0,,,,
452.7,,78.0,82.0,,
452.8,4478.0,,,,
453.0,,79.0,,1.0108336413199035,
453.3,,,82.0,,
453.4,4999.0,,,,
453.6,,81.0,,1.3050608432415727,
453.7,,,82.0,,
453.8,4790.0,,,,
454.0,,84.0,,1.3992546450356824,
454.2,,,82.0,,
454.4,4874.0,,,,
454.6,,86.0,,1.131351268135879,
454.9,,,82.0,,
455.0,5009.0,,,,
455.1,,88.0,,1.186073654509744,
455.3,,,82.0,,
455.4,5035.0,,,,
455.6,,89.0,,1.1091877241380694,
455.7,,,82.0,,
455.9,5105.0,,,,
456.0,,90.0,,0.8362294887331372,
456.2,,,82.0,,
456.3,5143.0,,,,
456.5,,90.0,,0.5943502845006224,
456.6,,,82.0,,
456.8,5219.0,,,,
457.0,,92.0,,0.5934026584296681,
457.1,,,82.0,,
457.3,5194.0,,,,
457.4,,90.0,,,
457.6,,,82.0,,
457.8,5122.0,,,,
457.9,,89.0,,,
458.1,,,82.0,,
458.3,5149.0,,,,
458.4,,91.0,,,
458.6,,,82.0,,
458.7,5221.0,,,,
458.9,,92.0,,,
459.0,,,82.0,,
459.1,5270.0,,,,
459.3,,92.0,,,
459.5,,,82.0,,
459.6,5255.0,,,,
459.8,,92.0,,0.44022867379104574,
460.0,,,82.0,,
460.2,5323.0,92.0,,0.15202101942340338,
460.4,,,82.0,,
460.6,5348.0,,,,
460.8,,93.0,,0.14494411783896485,
461.0,,,82.0,,
461.1,5323.0,,,,
461.3,,94.0,,0.2749997849501682,
461.6,5417.0,,82.0,,
461.7,,93.0,,,
461.9,,,82.0,,
462.1,5307.0,,,,
462.2,,93.0,,,
462.4,,,82.0,,
462.6,5371.0,,,,
462.8,,94.0,,,
463.0,,,82.0,,
463.1,5390.0,,,,
463.3,,95.0,,,
463.5,,,82.0,,
463.7,5493.0,,,,
463.8,,96.0,,0.40077881262607795,
464.0,,,82.0,,
464.1,5546.0,,,,
464.2,,97.0,,0.5656751156863594,
464.3,,,82.0,,
464.4,5570.0,,,,
464.6,,98.0,,0.6173454107826241,
464.7,,,82.0,,
464.9,5622.0,,,,
465.0,,98.0,,0.48499598006231964,
465.1,,,82.0,,
465.2,5692.0,,,,
465.4,,100.0,,0.7111748778953628,
465.5,,,82.0,,
465.6,5720.0,,,,
465.8,,101.0,,0.710552582674605,
466.0,,,82.0,,
466.1,5837.0,,,,
466.3,,102.0,,0.6490674873372125,
466.4,,,82.0,,
466.6,5974.0,,,,
466.8,,105.0,,1.1011048989918724,
466.9,,,82.0,,
467.1,5990.0,,,,
467.2,,105.0,,0.7594731977959237,
467.4,,,83.0,,
467.5,6114.0,,,,
467.7,,106.0,,0.7267335808064661,
467.9,,,83.0,,
468.0,5702.0,,,,
468.2,,102.0,,,
468.3,,,83.0,,
468.5,5155.0,,,,
468.7,,103.0,,,
468.8,,,83.0,,
469.0,5185.0,,,,
469.1,,104.0,,,
469.3,,,83.0,,
469.4,5299.0,,,,
469.6,,104.0,,,
469.8,,,83.0,,
469.9,5334.0,,,,
470.0,,105.0,,0.45111253734850915,
470.2,,,83.0,,
470.3,5304.0,,,,
470.4,,106.0,,0.4789020744677784,
470.6,,,83.0,,
470.7,5143.0,,,,
470.9,,103.0,,,
471.0,,,83.0,,
471.2,5082.0,,,,
471.3,,100.0,,,
471.4,,,83.0,,
471.6,4922.0,,,,
471.7,,97.0,,-1.279843355364301,
471.9,,,83.0,,
472.0,4798.0,,,,
472.1,,94.0,,-1.8996668896115727,
472.2,,,83.0,,
472.4,4681.0,,,,
472.6,,92.0,,-1.7933089023362276,
472.7,,,83.0,,
472.9,4518.0,,,,
473.1,,89.0,,-1.7053961512470823,
473.2,,,84.0,,
473.3,4422.0,,,,
473.4,,87.0,,-1.6437219195176809,
473.6,,,83.0,,
473.8,4263.0,,,,
473.9,,84.0,,-1.573058842871003,
474.1,,,84.0,,
474.2,4147.0,,,,
474.4,,81.0,,-1.6891688216314689,
474.6,,,83.0,,
474.7,4132.0,,,,
474.9,,83.0,,,
475.1,,,83.0,,
475.3,4186.0,,,,
475.4,,83.0,,,
475.6,,,83.0,,
475.8,4045.0,,,,
475.9,,81.0,,,
476.2,,,83.0,,
476.4,3939.0,,,,
476.7,,77.0,,-0.48741937212322956,
476.9,,,83.0,,
477.0,3740.0,,,,
477.1,,74.0,,-1.1489687637675183,
477.3,,,83.0,,
477.5,3587.0,,,,
477.7,,70.0,,-1.589276901308682,
477.8,,,83.0,,
478.0,3489.0,,,,
478.1,,68.0,,-1.647142303384475,
478.3,,,83.0,,
478.5,3372.0,,,,
478.6,,66.0,,-1.5784356984757333,
478.7,,,83.0,,
478.9,3271.0,,,,
479.0,,64.0,,-1.4410236847805649,
479.2,,,83.0,,
479.3,3182.0,,,,
479.5,,63.0,,-1.0584517456566824,
479.7,,,83.0,,
479.8,3103.0,,,,
480.0,,61.0,,-1.025030621032608,
480.2,,,83.0,,
480.4,3007.0,,,,
480.5,,59.0,,-1.0059902465279122,
480.7,,,83.0,,
480.9,2922.0,,,,
481.0,,58.0,,-0.8368915871389513,
481.2,,,83.0,,
481.3,2856.0,,,,
481.5,,59.0,,,
481.7,,,82.0,,
481.9,3018.0,,,,
482.0,,59.0,,,
482.1,,,82.0,,
482.2,3010.0,,,,
482.4,,61.0,,,
482.5,,,82.0,,
482.6,3100.0,,,,
482.8,,63.0,,0.7902478059702159,
482.9,,,82.0,,
483.0,3214.0,,,,
483.2,,64.0,,0.8371985618857611,
483.3,,,82.0,,
483.5,3333.0,,,,
483.6,,66.0,,1.1714637168701527,
483.7,,,82.0,,
483.9,3373.0,,,,
484.1,,67.0,,0.9831465286108715,
484.3,3530.0,,82.0,,
484.5,,66.0,,,
484.7,,,82.0,,
484.8,3261.0,,,,
484.9,,65.0,,,
485.1,3241.0,,82.0,,
485.3,,64.0,,-0.33345078803891215,
485.5,,,82.0,,
485.6,3174.0,,,,
485.7,,65.0,,,
485.8,,,82.0,,
486.0,3247.0,,,,
486.2,,64.0,,,
486.3,,,82.0,,
486.5,3195.0,,,,
486.7,,63.0,,,
486.8,,,82.0,,
486.9,3119.0,,,,
487.0,,62.0,,-0.33485504188859105,
487.1,,,82.0,,
487.2,3070.0,,,,
487.4,,60.0,,-0.8377588446959705,
487.5,,,82.0,,
487.7,2994.0,,,,
487.8,,59.0,,-0.8276978860602611,
488.0,,,82.0,,
488.2,2996.0,59.0,,-0.7056334087951813,
488.3,,,82.0,,
488.5,2932.0,,,,
488.6,,57.0,,-0.820749309451078,
488.8,,,82.0,,
489.0,2836.0,,,,
489.1,,57.0,,-0.4716350475927869,
489.3,,,82.0,,
489.4,2922.0,,,,
489.6,,58.0,,,
489.8,,,82.0,,
489.9,2950.0,,,,
490.1,,59.0,,,
490.3,,,82.0,,
490.4,3131.0,,,,
490.5,,59.0,,0.3012592655375024,
490.7,,,82.0,,
490.8,3113.0,,,,
491.0,,62.0,,0.7546183123672595,
491.1,,,82.0,,
491.3,2683.0,,,,
491.4,,60.0,,,
491.6,,,82.0,,
491.7,3578.0,,,,
491.9,,63.0,,,
492.0,,,82.0,,
492.2,3740.0,,,,
492.3,,66.0,,,
492.5,,,82.0,,
492.6,3922.0,,,,
492.8,,69.0,,,
493.0,,,82.0,,
493.1,4025.0,,,,
493.3,,71.0,,1.5972748052348444,
493.4,,,82.0,,
493.6,4132.0,,,,
493.8,,74.0,,1.6044175975789279,
493.9,,,81.0,,
494.0,4162.0,,,,
494.2,,72.0,,,
494.3,,,81.0,,
494.5,4308.0,,,,
494.6,,75.0,,,
494.8,,,81.0,,
495.0,4259.0,,,,
495.1,,74.0,,,
495.3,,,81.0,,
495.4,4243.0,,,,
495.6,,74.0,,,
495.8,,,81.0,,
495.9,4316.0,,,,
496.1,,77.0,,,
496.2,,,81.0,,
496.4,4347.0,,,,
496.5,,76.0,,,
496.7,,,81.0,,
496.9,4336.0,,,,
497.0,,76.0,,,
497.2,,,81.0,,
497.3,4315.0,,,,
497.5,,75.0,,0.14654813173788375,
497.7,,,81.0,,
497.8,4219.0,,,,
498.0,,74.0,,-0.43786346170228985,
498.1,,,81.0,,
498.3,4162.0,,,,
498.5,,72.0,,-0.5747723209008586,
498.6,,,81.0,,
498.8,4087.0,,,,
498.9,,71.0,,-0.7582493035389156,
499.0,,,81.0,,
499.2,3987.0,,,,
499.4,,69.0,,-0.88826179974525,
499.5,,,81.0,,
499.6,3172.0,,,,
499.7,,67.0,,-1.109839425387804,
499.8,,,81.0,,
499.9,2282.0,,,,
500.0,,65.0,,-1.2940075420231352,
500.1,,,81.0,,
500.3,1615.0,,,,
500.5,,60.0,,-1.8962836157902943,
500.6,,,81.0,,
500.7,1692.0,,,,
500.8,,61.0,,,
501.0,,,81.0,,
501.2,3939.0,,,,
501.3,,60.0,,,
501.5,,,81.0,,
501.6,3627.0,64.0,,,
501.8,,,81.0,,
501.9,3781.0,,,,
502.0,,65.0,,,
502.1,,,81.0,,
502.3,3914.0,,,,
502.4,,68.0,,,
502.6,,,81.0,,
502.7,3803.0,,,,
502.8,,66.0,,,
503.0,,,81.0,,
503.1,3743.0,,,,
503.3,,65.0,,,
503.5,,,81.0,,
503.7,3652.0,,,,
503.8,,66.0,,,
503.9,,,81.0,,
504.0,3773.0,,,,
504.2,,67.0,,,
504.3,,,81.0,,
504.5,3940.0,,,,
504.7,,69.0,,,
504.8,,,80.0,,
505.0,4090.0,,,,
505.2,,71.0,,0.8830313066034104,
505.3,,,80.0,,
505.5,3993.0,,,,
505.6,,70.0,,,
506.0,4147.0,,,,
506.2,,73.0,,,
506.4,,,80.0,,
506.6,4307.0,,,,
506.8,,77.0,,,
507.0,,,80.0,,
507.1,4534.0,,,,
507.2,,79.0,,,
507.4,,,80.0,,
507.5,,82.0,,1.7392623464885744,
507.6,,,80.0,,
507.7,4667.0,,,,
507.9,,84.0,,1.800459640978527,
508.0,,,80.0,,
508.2,4922.0,,,,
508.3,,86.0,,1.6356345359129079,
508.5,,,80.0,,
508.8,4989.0,,,,
509.0,,87.0,,1.2852401358413998,
509.1,,,80.0,,
509.2,5019.0,,,,
509.3,,87.0,,0.7965504649289823,
509.4,,,80.0,,
509.6,4964.0,,,,
509.7,,86.0,,,
509.9,,,80.0,,
510.1,5018.0,,,,
510.2,,87.0,,,
510.4,,,80.0,,
510.5,4962.0,,,,
510.6,,87.0,,,
510.7,,,80.0,,
510.8,5001.0,,,,
511.0,,87.0,,,
511.2,,,80.0,,
511.3,5032.0,,,,
511.4,,89.0,,0.5027039439738464,
511.6,,,80.0,,
511.7,5101.0,,,,
512.0,,90.0,,0.4723451547722032,
512.2,,,80.0,,
512.4,5168.0,91.0,,0.5991886530254659,
512.6,,,80.0,,
512.8,5136.0,,,,
512.9,,89.0,,,
513.1,,,80.0,,
513.2,5010.0,,,,
513.4,,88.0,,,
513.6,5048.0,,80.0,,
513.8,,89.0,,,
514.0,,,80.0,,
514.1,5083.0,,,,
514.3,,89.0,,,
514.4,,,80.0,,
514.7,5043.0,88.0,,,
514.9,,,80.0,,
515.2,,82.0,,-0.9463919139517757,
515.4,,,80.0,,
515.5,2297.0,,,,
515.6,,79.0,,-1.522272540027669,
515.8,,,80.0,,
516.0,4483.0,,,,
516.2,,78.0,,-1.572189133643863,
516.4,,,80.0,,
516.5,4492.0,,,,
516.6,,80.0,,,
516.8,,,80.0,,
517.0,4485.0,,,,
517.3,,79.0,80.0,,
517.4,4634.0,,,,
517.6,,80.0,,,
517.8,,,80.0,,
518.0,4767.0,,,,
518.1,,82.0,,,
518.3,,,80.0,,
518.4,4739.0,,,,
518.5,,84.0,,,
518.7,,,80.0,,
518.9,4872.0,,,,
519.1,,86.0,,1.0685021751162964,
519.3,,,80.0,,
519.4,4970.0,,,,
519.6,,85.0,,,
519.8,,,80.0,,
519.9,4420.0,,,,
520.0,,88.0,,,
520.2,,,80.0,,
520.3,4524.0,,,,
520.4,,89.0,,,
520.6,,,80.0,,
520.8,4541.0,,,,
521.0,,90.0,,,
521.2,,,80.0,,
521.3,4416.0,,,,
521.5,,88.0,,,
521.7,,,80.0,,
521.8,4271.0,,,,
522.0,,84.0,,,
522.2,,,80.0,,
522.4,2947.0,79.0,,-1.4012167235619508,
522.5,,,80.0,,
522.6,2319.0,,,,
522.8,,76.0,,-2.140768783588509,
523.0,,,80.0,,
523.2,1871.0,,,,
523.3,,74.0,,-2.10751556912073,
523.5,,,80.0,,
523.6,3852.0,,,,
523.7,,76.0,,,
523.9,,,80.0,,
524.2,3955.0,,,,
524.3,,78.0,80.0,,
524.4,3866.0,,,,
524.7,,75.0,,,
524.9,,,81.0,,
525.0,2303.0,,,,
525.3,,69.0,,,
525.4,,,81.0,,
525.6,1662.0,,,,
525.8,,64.0,,-1.5954917784308655,
526.0,,,81.0,,
526.2,1660.0,,,,
526.4,,59.0,,-2.5128670962897024,
526.6,,,81.0,,
526.7,1790.0,,,,
526.8,,56.0,,-2.5265397307574586,
527.0,,,81.0,,
527.1,3027.0,,,,
527.3,,58.0,,,
527.6,,,81.0,,
527.7,3048.0,,,,
527.9,,60.0,,,
528.0,,,81.0,,
528.1,2175.0,,,,
528.3,,57.0,,,
528.4,,,81.0,,
528.7,2818.0,,,,
528.8,,56.0,,,
529.0,,,81.0,,
529.1,1780.0,,,,
529.2,,54.0,,-0.5718803078534637,
529.4,,,81.0,,
529.5,1529.0,,,,
529.7,,52.0,,-1.2244597141917564,
529.9,,,81.0,,
530.0,1559.0,,,,
530.3,,50.0,,-0.9614584069192392,
530.5,,,81.0,,
530.6,1563.0,49.0,,-1.0768549401692626,
530.8,,,81.0,,
531.0,4425.0,,,,
531.2,,51.0,,,
531.4,,,81.0,,
531.5,4438.0,,,,
531.7,,54.0,,,
531.8,,,81.0,,
532.0,4734.0,,,,
532.2,,56.0,,,
532.4,,,81.0,,
532.5,3816.0,,,,
532.6,,58.0,,1.259279504742497,
532.9,,,81.0,,
533.1,4204.0,,,,
533.2,,62.0,,1.5305726800201285,
533.4,,,81.0,,
533.6,4165.0,,,,
533.8,,63.0,,1.1842859279308957,
534.0,2769.0,,81.0,,
534.1,,62.0,,,
534.3,,,81.0,,
534.5,1847.0,,,,
534.7,,62.0,,,
534.9,,,81.0,,
535.1,1654.0,,,,
535.3,,61.0,,-0.13255239401129132,
535.5,,,81.0,,
535.7,4126.0,,,,
535.8,,62.0,,,
535.9,,,81.0,,
536.0,4252.0,,,,
536.2,,63.0,,,
536.4,,,81.0,,
536.5,4343.0,,,,
536.7,,65.0,,,
536.9,,,81.0,,
537.0,4475.0,,,,
537.1,,65.0,,0.5875990971187314,
537.3,,,81.0,,
537.5,4366.0,,,,
537.6,,64.0,,,
537.8,,,81.0,,
537.9,4355.0,,,,
538.1,,64.0,,0.14605148751921104,
538.3,,,81.0,,
538.4,4285.0,,,,
538.6,,63.0,,-0.29580765360535666,
538.8,,,81.0,,
538.9,2738.0,,,,
539.1,,60.0,,-0.7276759115911956,
539.3,,,81.0,,
539.4,1698.0,,,,
539.5,,57.0,,-1.0251831315383362,
539.7,,,81.0,,
539.9,1735.0,,,,
540.0,,55.0,,-1.325459186778831,
540.2,,,81.0,,
540.4,1531.0,,,,
540.5,,54.0,,-1.324316398469641,
540.6,,,81.0,,
540.7,3656.0,,,,
540.9,,54.0,,-0.9131488929631156,
541.0,,,81.0,,
541.2,3782.0,,,,
541.4,,58.0,,,
541.7,,,81.0,,
541.8,4019.0,,,,
542.0,,60.0,,,
542.2,,,81.0,,
542.3,4118.0,,,,
542.5,,61.0,,0.9530380429369235,
542.7,,,81.0,,
542.9,3579.0,,,,
543.1,,58.0,,,
543.2,,,81.0,,
543.4,2127.0,,,,
543.6,,52.0,,,
543.7,,,81.0,,
543.9,1669.0,,,,
544.1,,48.0,,-1.6253498667172475,
544.2,,,81.0,,
544.4,3581.0,,,,
544.5,,48.0,,-1.8113666916072353,
544.7,,,81.0,,
544.8,3392.0,49.0,,,
545.0,,,81.0,,
545.2,3504.0,,,,
545.3,,51.0,,,
545.5,,,81.0,,
545.6,3605.0,,,,
545.7,,53.0,,0.8248538848879187,
545.9,,,81.0,,
546.1,3647.0,,,,
546.2,,54.0,,0.983662545514066,
546.4,,,81.0,,
546.5,2760.0,,,,
546.7,,52.0,,,
546.8,,,81.0,,
546.9,1838.0,,,,
547.0,,49.0,,,
547.2,,,81.0,,
547.4,1697.0,,,,
547.5,,48.0,,-0.8063370558173797,
547.6,,,81.0,,
547.8,1696.0,,,,
547.9,,47.0,,-1.1203934104605755,
548.1,,,81.0,,
548.3,1588.0,,,,
548.4,,44.0,,-1.269996354538964,
548.6,,,81.0,,
548.7,1485.0,,,,
548.9,,44.0,,-0.729359618753808,
549.0,,,81.0,,
549.2,1542.0,,,,
549.4,,42.0,,-0.8672984311282564,
549.5,,,81.0,,
549.7,1487.0,,,,
549.8,,38.0,,-1.3181199096845329,
550.0,,,82.0,,
550.2,1568.0,,,,
550.4,,36.0,,-1.1484680194609285,
553.0,1552.0,,,,
553.3,,25.0,82.0,-1.2097366348334786,
553.4,1383.0,,,,
553.6,,23.0,,-1.253815658003645,
553.8,,,82.0,,
553.9,1544.0,,,,
556.5,,,82.0,,
556.6,2425.0,,,,
556.8,,29.0,,,
556.9,,,82.0,,
557.0,2584.0,,,,
559.7,,,82.0,,
559.8,3146.0,,,,
560.0,,43.0,,,
560.2,,,82.0,,
560.4,1764.0,,,,
560.5,,40.0,,,
560.7,,,82.0,,
560.8,1476.0,,,,
561.0,,39.0,,,
561.2,,,83.0,,
561.3,1485.0,,,,
561.5,,34.0,,0.29530336511154265,
561.7,,,83.0,,
561.9,1515.0,,,,
562.0,,31.0,,-1.6524385920357314,
562.2,,,83.0,,
562.3,1504.0,,,,
565.0,,,83.0,,
565.2,2626.0,,,,
565.3,,31.0,,-0.522562055707289,
565.4,,,83.0,,
565.5,2714.0,,,,
565.6,,31.0,,-0.47954877682668395,
565.8,,,83.0,,
566.0,3046.0,,,,
566.2,,33.0,,,
566.3,,,83.0,,
566.4,2856.0,,,,
566.5,,34.0,,0.1860513866934515,
566.7,,,83.0,,
566.8,3155.0,,,,
567.0,,36.0,,0.8270631525375267,
567.2,,,83.0,,
567.3,3265.0,,,,
567.5,,40.0,,1.32918704952854,
567.6,,,83.0,,
567.8,3466.0,,,,
568.0,,42.0,,1.337939770768103,
568.2,,,83.0,,
568.3,3707.0,,,,
568.4,,45.0,,1.5767653545180875,
568.6,,,83.0,,
568.8,3905.0,,,,
568.9,,46.0,,1.4595049180674513,
569.1,,,84.0,,
569.2,4122.0,,,,
569.4,,50.0,,1.5049863176576908,
569.5,,,84.0,,
569.7,3432.0,,,,
569.9,,48.0,,,
570.0,,,84.0,,
570.2,2203.0,,,,
570.3,,46.0,,,
570.5,,,84.0,,
570.6,1691.0,,,,
570.7,,45.0,,-0.14969180194404624,
570.9,,,84.0,,
571.0,1669.0,,,,
571.2,,45.0,,-0.7560796409291894,
571.4,,,84.0,,
571.6,1692.0,,,,
571.8,,43.0,,-0.7159226612231344,
572.1,,,84.0,,
572.2,1554.0,,,,
572.3,,41.0,,-0.6978309131915259,
572.5,,,84.0,,
572.7,1732.0,,,,
572.9,,40.0,,-0.6536568148086757,
573.0,,,84.0,,
573.2,3502.0,,,,
573.3,,42.0,,,
573.6,,,84.0,,
573.8,3187.0,,,,
573.9,,41.0,,,
574.1,,,84.0,,
574.3,1736.0,,,,
574.4,,40.0,,,
574.5,,,84.0,,
574.7,1674.0,,,,
575.0,,39.0,,-0.13055799620673664,
575.2,,,84.0,,
575.3,1598.0,,,,
575.5,,38.0,,-0.5151382227121393,
575.8,,,84.0,,
575.9,1571.0,,,,
576.1,,37.0,,-0.5134800977553141,
576.2,,,84.0,,
576.3,1599.0,,,,
576.4,,36.0,,-0.533476919713228,
576.7,,,84.0,,
576.8,1365.0,,,,
576.9,,36.0,,-0.4345246068764631,
577.1,,,84.0,,
577.3,1440.0,,,,
577.5,,34.0,,-0.5613833320640457,
577.6,,,84.0,,
577.8,2850.0,,,,
577.9,,35.0,,,
578.1,,,84.0,,
578.3,3242.0,,,,
578.4,,39.0,,,
578.6,,,84.0,,
578.7,3561.0,,,,
579.0,,,84.0,,
579.1,3634.0,,,,
579.3,,44.0,,,
579.5,,,84.0,,
579.6,3857.0,,,,
579.8,,47.0,,1.5666481377986297,
579.9,,,84.0,,
580.1,4131.0,,,,
580.3,,49.0,,1.6752864702768544,
580.4,,,84.0,,
580.7,,48.0,,,
580.8,,,84.0,,
581.0,3564.0,48.0,,,
581.2,,,84.0,,
581.4,2468.0,,,,
581.5,,47.0,,0.0,
581.7,,,83.0,,
581.8,3213.0,,,,
581.9,,48.0,,,
582.1,,,83.0,,
582.3,4184.0,,,,
582.4,,49.0,,,
582.6,4168.0,,,,
582.8,,49.0,,,
583.1,,,83.0,,
583.3,3576.0,,,,
583.5,,53.0,,0.8366782054631339,
583.6,,,83.0,,
583.8,3322.0,,,,
583.9,,53.0,,0.6984970193763129,
584.2,,,83.0,,
584.3,1851.0,,,,
584.5,,50.0,,,
584.7,,,84.0,,
584.8,1707.0,,,,
585.0,,48.0,,-0.1289688440007153,
585.1,,,84.0,,
585.2,2261.0,,,,
585.3,,49.0,,,
585.6,,,84.0,,
585.7,3512.0,,,,
586.0,,52.0,,,
586.1,,,84.0,,
586.3,3726.0,,,,
586.5,,55.0,,,
586.6,,,84.0,,
586.8,3840.0,,,,
586.9,,56.0,,1.1312652232593492,
587.1,,,84.0,,
587.3,2807.0,,,,
587.4,,56.0,,0.9370825180246884,
587.6,1873.0,,84.0,,
587.8,,55.0,,,
588.0,,,84.0,,
588.1,1734.0,,,,
588.3,,53.0,,-0.29875438363053985,
588.4,,,84.0,,
588.6,1677.0,,,,
588.8,,50.0,,-0.8940917878205742,
589.0,,,84.0,,
589.1,1596.0,,,,
589.2,,49.0,,-1.0656147210423432,
589.4,,,84.0,,
589.6,1519.0,,,,
589.7,,46.0,,-1.3082925442605835,
589.9,,,84.0,,
590.0,1620.0,,,,
590.3,,41.0,,-1.701374102884576,
590.4,,,84.0,,
590.6,1570.0,,,,
590.8,,40.0,,-1.416047764582535,
590.9,,,84.0,,
591.1,1570.0,,,,
591.3,,36.0,,-1.791979607647002,
591.4,,,84.0,,
591.5,1558.0,,,,
591.6,,33.0,,-1.8869625149845146,
591.8,,,84.0,,
591.9,1583.0,,,,
592.1,,31.0,,-1.518119493966565,
592.3,,,85.0,,
592.4,1472.0,,,,
592.6,,28.0,,-1.83276875808125,
592.7,,,85.0,,
592.8,1538.0,,,,
593.0,,26.0,,-1.584144342365985,
593.2,,,85.0,,
593.3,1520.0,,,,
593.5,,25.0,,-1.2080729158502737,
593.6,,,85.0,,
593.8,2540.0,,,,
594.0,,25.0,,-0.9068471219891654,
594.1,,,85.0,,
594.3,2313.0,,,,
594.4,,27.0,,,
594.6,2427.0,,,,
594.8,,29.0,,,
594.9,,,85.0,,
595.1,1879.0,,,,
595.3,,27.0,,,
595.5,,,85.0,,
595.6,1670.0,,,,
595.7,,22.0,,,
595.9,,,85.0,,
596.0,1507.0,,,,
596.2,,21.0,,-0.9010723481801222,
596.4,,,84.0,,
596.6,2191.0,,,,
596.7,,24.0,,,
596.8,,,84.0,,
596.9,2374.0,,,,
597.1,,27.0,,,
597.3,,,84.0,,
597.5,2239.0,,,,
597.7,,27.0,,,
597.8,,,84.0,,
598.0,1800.0,,,,
598.1,,26.0,,,
598.2,,,84.0,,
598.4,3196.0,,,,
598.6,,28.0,,,
598.7,,,84.0,,
598.9,2621.0,,,,
599.0,,32.0,,,
599.1,,,84.0,,
599.3,,34.0,,,
599.6,,,84.0,,
599.8,2698.0,,,,
600.0,,33.0,,,
600.1,,,84.0,,
600.3,1663.0,33.0,,,
600.5,,,84.0,,
600.6,1661.0,,,,
600.7,,31.0,,-0.15888927498982713,
600.8,,,84.0,,
601.0,2763.0,,,,
601.1,,31.0,,-0.48112630976293613,
601.2,,,84.0,,
601.3,3783.0,,,,
601.5,,33.0,,,
601.6,,,84.0,,
601.8,3150.0,,,,
601.9,,37.0,,,
602.1,,,84.0,,
602.2,3502.0,,,,
602.3,,41.0,,1.8149266844757437,
602.4,,,84.0,,
602.6,3821.0,,,,
602.7,,45.0,,2.401070114416753,
602.9,,,84.0,,
603.1,4078.0,,,,
603.2,,51.0,,2.9633680883069466,
603.3,,,84.0,,
603.4,4317.0,,,,
603.5,,52.0,,2.7256431296697903,
603.6,,,84.0,,
603.8,3849.0,,,,
603.9,,53.0,,2.101517766567441,
604.0,,,85.0,,
604.1,3787.0,,,,
604.3,,57.0,,2.119463563772009,
604.4,,,85.0,,
604.6,4024.0,,,,
604.8,,59.0,,1.3942943939675019,
604.9,,,85.0,,
605.1,4304.0,,,,
605.2,,63.0,,1.7597127585669934,
605.4,4676.0,,85.0,,
605.5,,62.0,,,
605.7,,,85.0,,
605.8,4313.0,,,,
606.0,,64.0,,,
606.2,,,85.0,,
606.3,4227.0,,,,
606.5,,65.0,,,
606.6,,,85.0,,
606.8,4362.0,,,,
606.9,,64.0,,,
607.0,,,85.0,,
607.3,3074.0,,,,
607.4,,61.0,,,
607.6,,,85.0,,
607.7,2415.0,,,,
607.8,,57.0,,-1.0926705780527062,
608.1,4010.0,,,,
608.2,,61.0,,,
608.4,,,85.0,,
608.5,4140.0,,,,
608.7,,60.0,,,
608.9,,,85.0,,
609.0,4010.0,,,,
609.2,,59.0,,,
609.4,,,85.0,,
609.6,2491.0,,,,
609.7,,56.0,,-0.1441178445850458,
609.9,,,85.0,,
610.0,1643.0,,,,
610.1,,53.0,,-1.1958475533060706,
610.3,,,85.0,,
610.4,1577.0,,,,
610.6,,47.0,,-1.895435296659623,
610.9,,,85.0,,
611.0,1529.0,,,,
611.1,,43.0,,-2.2719002752100477,
611.3,,,85.0,,
611.4,1475.0,,,,
611.6,,39.0,,-2.5874658587685033,
611.8,1583.0,,85.0,,
612.0,,33.0,,-2.8990197104002227,
612.2,,,85.0,,
612.3,1564.0,,,,
612.5,,30.0,,-2.5203674600872383,
612.7,,,85.0,,
612.8,1494.0,,,,
613.0,,26.0,,-2.558775494555311,
613.1,,,85.0,,
613.3,1564.0,,,,
613.5,,25.0,,-2.036067161292534,
613.6,,,85.0,,
613.8,1523.0,,,,
613.9,,25.0,,-1.163242461820972,
614.1,,,85.0,,
614.3,2771.0,,,,
614.4,,25.0,,-0.7147180656220736,
614.7,,,85.0,,
614.8,3086.0,,,,
615.0,,29.0,,,
615.2,,,85.0,,
615.3,2666.0,,,,
615.5,,28.0,,,
615.6,,,85.0,,
615.8,1497.0,,,,
615.9,,23.0,,,
616.1,,,85.0,,
616.3,1539.0,,,,
616.5,,22.0,,-0.40278015619460006,
616.8,2677.0,,,,
617.0,,26.0,,,
617.1,,,85.0,,
617.3,3022.0,,,,
617.4,,28.0,,,
617.6,,,85.0,,
617.8,2085.0,,,,
617.9,,28.0,,,
618.1,,,85.0,,
618.2,1549.0,,,,
618.3,,26.0,,,
618.5,,,85.0,,
618.7,1586.0,,,,
618.9,,25.0,,-0.1471493532738836,
619.0,,,85.0,,
619.1,2887.0,,,,
619.3,,27.0,,,
619.5,,,85.0,,
619.6,3023.0,,,,
619.7,,29.0,,,
619.8,,,85.0,,
620.0,3314.0,,,,
620.2,,31.0,,,
620.3,,,85.0,,
620.4,3538.0,,,,
620.6,,34.0,,1.417874979724388,
620.8,,,85.0,,
621.0,3857.0,,,,
621.1,,36.0,,1.367007802552455,
621.3,,,85.0,,
621.4,3060.0,,,,
621.5,,35.0,,,
621.7,,,85.0,,
621.8,1873.0,,,,
622.0,,34.0,,,
622.2,,,85.0,,
622.3,1601.0,,,,
622.5,,33.0,,-0.15063578363162897,
622.6,,,85.0,,
622.7,1590.0,,,,
622.9,,29.0,,-1.108535381643204,
623.0,,,85.0,,
623.2,1529.0,,,,
623.4,,26.0,,-1.3604870587205806,
623.5,,,85.0,,
623.7,2924.0,,,,
623.9,,28.0,,,
624.1,,,85.0,,
624.3,3178.0,,,,
624.4,,29.0,,,
624.6,,,85.0,,
624.8,2279.0,,,,
624.9,,28.0,,,
625.0,,,86.0,,
625.2,1599.0,,,,
625.3,,26.0,,,
625.5,,,86.0,,
625.7,1585.0,,,,
625.8,,25.0,,-0.42356497288455636,
626.0,,,86.0,,
626.1,2753.0,,,,
626.3,,26.0,,,
626.5,,,86.0,,
626.6,2977.0,,,,
626.8,,27.0,,,
626.9,,,86.0,,
627.1,2069.0,,,,
627.3,,26.0,,,
627.4,,,86.0,,
627.5,2996.0,,,,
627.7,,27.0,,,
627.8,,,86.0,,
628.0,2967.0,,,,
628.2,,27.0,,,
628.3,,,86.0,,
628.4,3079.0,,,,
628.6,,29.0,,,
628.7,,,86.0,,
628.9,3264.0,,,,
629.0,,29.0,,0.46941956833678633,
629.2,,,86.0,,
629.4,3022.0,,,,
629.7,,29.0,,0.28019063946957,
629.8,,,86.0,,
629.9,3211.0,,,,
630.1,,29.0,,0.2878367064139799,
630.3,,,86.0,,
630.4,3204.0,,,,
630.6,,30.0,,0.13593968423636515,
630.8,,,86.0,,
630.9,3476.0,,,,
631.1,,33.0,,0.5502328233159267,
631.3,,,86.0,,
631.5,3858.0,,,,
631.6,,36.0,,0.9828126178673132,
631.8,,,86.0,,
632.0,2891.0,,,,
632.1,,35.0,,,
632.3,,,86.0,,
632.5,1692.0,,,,
632.7,,35.0,,,
632.9,,,87.0,,
633.0,1600.0,,,,
633.1,,34.0,,0.13532690213341944,
633.3,,,87.0,,
633.7,,34.0,,-0.2671070770890844,
633.9,,,87.0,,
634.1,4075.0,,,,
634.2,,37.0,,,
634.3,,,87.0,,
634.5,3451.0,,,,
634.7,,42.0,,,
634.9,,,87.0,,
635.0,3891.0,,,,
635.2,,47.0,,1.719527426457161,
635.5,,,87.0,,
635.6,4295.0,,,,
635.8,,52.0,,2.443876378957247,
635.9,,,87.0,,
636.1,4040.0,,,,
636.2,,52.0,,2.1227033241568023,
636.4,,,87.0,,
636.5,2559.0,,,,
636.7,,48.0,,,
636.9,,,87.0,,
637.1,1644.0,,,,
637.2,,46.0,,-0.13779075171402877,
637.4,1666.0,,87.0,,
637.6,,46.0,,-0.9193439341043687,
637.7,,,87.0,,
637.9,1538.0,,,,
638.0,,44.0,,-1.2181422678708855,
638.2,,,87.0,,
638.3,1480.0,,,,
638.5,,43.0,,-0.7909727407444024,
638.7,,,87.0,,
638.9,3868.0,,,,
639.1,,42.0,,-0.6055284566432997,
639.2,,,87.0,,
639.4,3780.0,,,,
639.5,,46.0,,,
639.7,,,87.0,,
639.8,3891.0,,,,
640.0,,46.0,,,
640.2,,,87.0,,
640.3,2482.0,,,,
640.5,,44.0,,,
640.7,,,87.0,,
640.8,1652.0,,,,
640.9,,42.0,,0.0,
641.0,,,87.0,,
641.1,3130.0,,,,
641.2,,40.0,,-0.9931477374594887,
641.4,,,87.0,,
641.5,3636.0,,,,
641.7,,44.0,,,
641.8,,,87.0,,
641.9,3504.0,,,,
642.1,,43.0,,,
642.2,,,87.0,,
642.4,3239.0,,,,
642.5,,42.0,,,
642.7,,,87.0,,
642.8,2122.0,,,,
642.9,,39.0,,-0.15853849927355124,
643.1,,,87.0,,
643.2,1563.0,,,,
643.4,,35.0,,-1.4844674823241488,
643.5,,,87.0,,
643.7,1490.0,,,,
643.8,,32.0,,-1.7729236546452514,
644.1,,,87.0,,
644.3,2946.0,,,,
644.4,,35.0,,,
644.6,,,87.0,,
644.7,2838.0,,,,
644.8,,35.0,,,
645.0,,,87.0,,
645.1,1917.0,,,,
645.2,,33.0,,,
645.4,,,87.0,,
645.5,1509.0,,,,
645.7,,27.0,,-0.7310441323798342,
645.9,,,87.0,,
646.0,1578.0,,,,
646.2,,24.0,,-1.7757616490319328,
646.4,,,87.0,,
646.6,1544.0,,,,
646.8,,22.0,,-1.8632473772600266,
646.9,,,87.0,,
647.1,2125.0,,,,
647.2,,24.0,,,
647.4,,,87.0,,
647.6,2239.0,,,,
647.7,,26.0,,,
647.8,,,87.0,,
648.0,2330.0,,,,
648.2,,27.0,,,
648.4,,,87.0,,
648.5,2333.0,,,,
648.7,,27.0,,0.7125396744940916,
649.0,,,87.0,,
649.2,1664.0,,,,
649.4,,26.0,,,
649.6,2539.0,,87.0,,
649.8,,27.0,,,
650.1,,,87.0,,
650.2,1876.0,,,,
650.4,,26.0,,,
650.6,,,87.0,,
650.8,1650.0,,,,
651.0,,24.0,,,
651.1,,,87.0,,
651.4,,24.0,,-0.27805683561800404,
651.6,,,87.0,,
651.8,2803.0,,,,
651.9,,26.0,,,
652.1,,,87.0,,
652.4,2701.0,,,,
652.5,,25.0,,,
652.7,,,87.0,,
653.0,3192.0,,,,
653.1,,30.0,,,
653.4,,,87.0,,
653.6,2244.0,,,,
653.7,,27.0,,,
653.9,,,87.0,,
654.2,,31.0,,,
654.5,,,87.0,,
654.6,4002.0,,,,
654.8,,40.0,,,
654.9,,,87.0,,
655.1,3627.0,,,,
655.2,,38.0,,,
655.4,,,87.0,,
655.5,3518.0,,,,
655.7,,43.0,,,
655.8,,,87.0,,
655.9,3845.0,,,,
656.1,,47.0,,,
656.3,,,88.0,,
656.4,4116.0,,,,
656.6,,49.0,,,
656.8,,,88.0,,
656.9,4295.0,,,,
657.1,,52.0,,2.1324824850074293,
657.2,4267.0,,88.0,,
657.4,,51.0,,,
657.6,,,88.0,,
657.7,4436.0,,,,
657.9,,53.0,,,
658.1,,,88.0,,
658.2,4285.0,,,,
658.3,,53.0,,,
658.4,,,88.0,,
658.5,3445.0,,,,
658.6,,52.0,,,
658.8,,,88.0,,
658.9,2044.0,,,,
659.1,,51.0,,0.0,
659.3,,,88.0,,
659.4,2843.0,,,,
659.6,,50.0,,-0.4891856797975648,
659.7,,,88.0,,
659.9,4361.0,,,,
660.1,,52.0,,,
660.2,,,88.0,,
660.3,4494.0,,,,
660.5,,54.0,,,
660.6,,,88.0,,
660.8,4023.0,,,,
660.9,,54.0,,,
661.1,,,88.0,,
661.2,3790.0,,,,
661.3,,54.0,,0.6337852900601723,
661.5,,,88.0,,
661.8,3765.0,,,,
661.9,,57.0,,0.7608336889317828,
662.0,,,88.0,,
662.2,4021.0,,,,
662.3,,60.0,,0.9373637424629861,
662.4,,,88.0,,
662.5,4187.0,,,,
662.7,,63.0,,1.4589354603133957,
662.8,,,88.0,,
662.9,4416.0,,,,
663.1,,64.0,,1.6058573144517143,
663.3,,,88.0,,
663.4,3838.0,,,,
663.5,,67.0,,1.6746358567965558,
663.7,,,88.0,,
663.9,3967.0,,,,
664.0,,70.0,,1.6133960089926305,
664.2,,,88.0,,
664.3,4162.0,,,,
664.5,,73.0,,1.5114371994548692,
664.7,,,88.0,,
664.8,4353.0,,,,
665.0,,77.0,,1.8573312648263611,
665.1,,,87.0,,
665.3,4501.0,,,,
665.4,,79.0,,1.7464996915157593,
665.6,,,87.0,,
665.8,4681.0,,,,
665.9,,81.0,,1.6011786071941188,
666.1,,,87.0,,
666.2,4281.0,,,,
666.5,,82.0,,1.27444428748955,
666.6,,,87.0,,
666.7,4223.0,,,,
666.9,,84.0,,1.0388484008113157,
667.1,,,87.0,,
667.2,4390.0,,,,
667.4,,88.0,,1.257937839353891,
667.6,,,87.0,,
667.8,4539.0,,,,
668.1,,89.0,,1.041865402492192,
668.2,,,87.0,,
668.3,4550.0,,,,
668.5,,91.0,,1.2465492400661868,
668.6,,,87.0,,
668.8,4595.0,,,,
669.0,,90.0,,,
669.2,,,87.0,,
669.3,3339.0,,,,
669.5,,87.0,,,
669.6,,,87.0,,
669.7,2094.0,,,,
669.9,,82.0,,-1.0413570303111004,
670.1,,,87.0,,
670.2,1674.0,,,,
670.4,,78.0,,-1.8869888420840177,
670.6,,,87.0,,
670.7,1676.0,,,,
670.9,,72.0,,-2.6837296047955883,
671.0,,,87.0,,
671.2,1550.0,,,,
671.3,,70.0,,-2.501867290727734,
671.5,,,87.0,,
671.7,1545.0,,,,
671.8,,65.0,,-2.4808263643126556,
672.0,,,87.0,,
672.2,1497.0,,,,
672.4,,60.0,,-2.499373282149501,
672.5,,,87.0,,
672.7,1505.0,,,,
672.9,,58.0,,-1.9404323095795422,
673.0,,,87.0,,
673.1,1503.0,,,,
673.3,,56.0,,-1.9716257702191278,
673.4,,,87.0,,
673.6,3045.0,,,,
673.8,,56.0,,-1.2925329286981448,
673.9,,,87.0,,
674.1,2826.0,,,,
674.2,,56.0,,-0.600316375134125,
674.6,2023.0,,,,
674.7,,52.0,,-0.9120757516124404,
675.1,1580.0,,,,
675.3,,47.0,,-1.2839721043193437,
675.4,,,87.0,,
675.7,1547.0,44.0,,-1.6830394426688937,
675.9,,,86.0,,
676.0,2642.0,,,,
676.1,,45.0,,,
676.3,,,86.0,,
676.4,2669.0,,,,
676.5,,46.0,,,
676.7,,,86.0,,
676.8,1770.0,,,,
677.0,,44.0,,,
677.2,,,86.0,,
677.4,1632.0,,,,
677.5,,42.0,,,
677.6,3286.0,,86.0,,
677.9,,44.0,,,
678.0,,,86.0,,
678.2,2713.0,,,,
678.5,,44.0,,,
678.6,,,86.0,,
678.7,1672.0,,,,
678.8,,41.0,,,
679.0,,,86.0,,
679.1,2815.0,,,,
679.2,,41.0,,-0.15723481965584432,
679.4,,,86.0,,
679.5,2467.0,,,,
679.6,,44.0,,,
679.8,,,86.0,,
679.9,2534.0,,,,
680.0,,43.0,,,
680.2,,,86.0,,
680.3,1891.0,,,,
680.5,,44.0,,,
680.6,,,86.0,,
680.7,3030.0,,,,
680.9,,45.0,,,
681.1,,,86.0,,
681.2,3159.0,,,,
681.4,,47.0,,,
681.5,,,86.0,,
681.6,3271.0,,,,
681.8,,49.0,,0.9656955767144606,
682.0,,,86.0,,
682.2,3435.0,,,,
682.3,,51.0,,1.0707852174466181,
682.5,,,86.0,,
682.6,3454.0,,,,
682.7,,51.0,,0.9110092129086287,
682.9,,,86.0,,
683.1,3458.0,,,,
683.2,,51.0,,0.6093527840448189,
683.3,,,86.0,,
683.4,3519.0,,,,
683.6,,52.0,,0.457960130174251,
683.7,,,86.0,,
683.9,3639.0,,,,
684.1,,55.0,,0.6391857571158169,
684.2,,,86.0,,
684.4,3889.0,,,,
684.5,,58.0,,1.0641800997968638,
684.7,,,86.0,,
684.9,4073.0,,,,
685.0,,61.0,,1.5244046513854246,
685.2,,,86.0,,
685.3,4269.0,,,,
685.5,,63.0,,1.581087870901726,
685.7,4412.0,,86.0,,
685.9,,66.0,,1.6627379796000672,
686.1,,,86.0,,
686.2,4456.0,,,,
686.4,,65.0,,,
686.5,,,86.0,,
686.7,3155.0,,,,
686.9,,63.0,,,
687.0,,,87.0,,
687.2,1949.0,,,,
687.4,,59.0,,-0.6041731252773759,
687.5,,,87.0,,
687.6,1656.0,,,,
687.8,,55.0,,-1.6084411835551264,
688.0,,,87.0,,
688.1,1647.0,,,,
688.3,,50.0,,-2.1916931637986785,
688.4,,,87.0,,
688.6,1535.0,,,,
688.8,,46.0,,-2.4594541051223,
689.0,,,87.0,,
689.1,1522.0,,,,
689.3,,43.0,,-2.34196847555862,
689.4,,,87.0,,
689.6,1568.0,41.0,,-2.1092454895020625,
689.8,,,87.0,,
689.9,1578.0,,,,
690.0,,40.0,,-1.589257100052183,
690.2,,,87.0,,
690.4,1598.0,,,,
690.5,,38.0,,-1.285146334568918,
690.7,,,87.0,,
690.8,1516.0,,,,
691.0,,37.0,,-0.9623034557741306,
691.2,,,87.0,,
691.3,1544.0,,,,
691.5,,34.0,,-1.0665712774073697,
691.6,,,87.0,,
691.8,1483.0,,,,
692.0,,31.0,,-1.297666333962321,
692.1,,,87.0,,
692.3,1390.0,,,,
692.4,,29.0,,-1.2831761339915102,
692.6,,,87.0,,
692.8,1600.0,,,,
692.9,,28.0,,-1.2960681594987098,
693.1,,,87.0,,
693.3,2692.0,,,,
693.5,,31.0,,,
693.7,,,87.0,,
693.8,2715.0,,,,
694.0,,34.0,,,
694.1,,,87.0,,
694.2,2928.0,,,,
694.4,,35.0,,,
694.5,,,87.0,,
694.7,3236.0,,,,
694.9,,39.0,,1.573582157986195,
695.0,,,87.0,,
695.1,3524.0,,,,
695.3,,43.0,,1.809014587423289,
695.5,,,86.0,,
695.6,3877.0,,,,
695.8,,47.0,,1.971284821700078,
696.0,,,86.0,,
696.1,4259.0,,,,
696.2,,51.0,,2.415387263206453,
696.4,,,86.0,,
696.5,4025.0,,,,
696.7,,51.0,,1.8346390643017874,
696.8,,,86.0,,
697.0,3591.0,,,,
697.2,,54.0,,1.6747353895247248,
697.3,,,86.0,,
697.5,3740.0,,,,
697.7,,55.0,,1.1821396781370568,
697.9,,,86.0,,
698.0,2861.0,,,,
698.2,,52.0,,,
698.3,,,87.0,,
698.6,1782.0,,,,
698.8,,48.0,,,
698.9,,,87.0,,
699.1,1642.0,47.0,,-0.9760630302462412,
699.2,,,87.0,,
699.3,1749.0,,,,
699.5,,45.0,,-1.5271363423355881,
699.7,,,87.0,,
699.8,3193.0,,,,
700.0,,47.0,,,
700.1,,,87.0,,
700.3,3330.0,,,,
700.4,,50.0,,,
700.6,,,87.0,,
700.8,3424.0,,,,
700.9,,50.0,,,
701.1,,,87.0,,
701.5,,51.0,,0.8382818367579912,
701.6,,,87.0,,
701.8,2035.0,,,,
702.0,,49.0,,,
702.1,,,87.0,,
702.3,1649.0,,,,
702.4,,46.0,,,
702.6,,,87.0,,
702.8,1670.0,,,,
703.0,,44.0,,-0.8053800028494343,
703.1,,,87.0,,
703.4,1399.0,,,,
703.6,,36.0,,-1.9764676074431113,
703.8,,,87.0,,
703.9,1550.0,,,,
704.1,,32.0,,-2.255767771287483,
704.3,,,87.0,,
704.4,1531.0,,,,
704.6,,30.0,,-2.0359892660609904,
704.7,,,87.0,,
704.9,1557.0,,,,
705.1,,29.0,,-2.002158615298132,
705.2,,,87.0,,
705.3,1564.0,,,,
705.5,,27.0,,-1.2913665380172885,
705.7,,,87.0,,
705.8,1532.0,,,,
706.0,,25.0,,-1.00030426397698,
706.2,,,87.0,,
706.4,1449.0,,,,
706.5,,23.0,,-1.0080375441567246,
706.7,,,87.0,,
706.8,1544.0,,,,
706.9,,21.0,,-1.1836388163081566,
707.1,,,87.0,,
707.3,1531.0,,,,
707.5,,17.0,,-1.4381963728860059,
707.6,,,87.0,,
707.8,1563.0,,,,
707.9,,15.0,,-1.488013025375586,
708.1,,,87.0,,
708.2,1872.0,,,,
708.4,,15.0,,-1.199290180917781,
708.6,,,87.0,,
708.7,2517.0,,,,
708.9,,17.0,,,
709.0,,,87.0,,
709.2,2083.0,,,,
709.3,,20.0,,,
709.5,,,87.0,,
709.6,2539.0,,,,
709.7,,24.0,,1.3698972423639737,
709.9,,,87.0,,
710.0,3077.0,,,,
710.2,,29.0,,2.130630904404362,
710.4,,,86.0,,
710.5,3108.0,,,,
710.7,,31.0,,2.1559509988557934,
710.8,,,87.0,,
711.0,2929.0,36.0,,2.5837938057612986,
711.2,,,86.0,,
711.4,3343.0,,,,
711.5,,42.0,,2.746249008329483,
711.7,,,86.0,,
711.9,3780.0,,,,
712.0,,45.0,,2.4059581484422163,
712.3,,,86.0,,
712.4,4285.0,,,,
712.6,,53.0,,3.165632512081924,
713.1,,,87.0,,
713.2,4994.0,,,,
713.4,,59.0,,2.759498738158013,
713.5,,,87.0,,
713.6,4314.0,,,,
713.8,,61.0,,2.3196888065677723,
714.0,,,87.0,,
714.1,4351.0,,,,
714.3,,66.0,,2.598622436093303,
714.5,,,87.0,,
714.6,4406.0,,,,
714.7,,65.0,,,
714.8,,,87.0,,
714.9,3524.0,,,,
715.1,,64.0,,,
715.3,,,87.0,,
715.5,2203.0,,,,
715.7,,61.0,,0.0,
715.9,,,87.0,,
716.0,4322.0,,,,
716.1,,65.0,,,
716.2,,,87.0,,
716.4,4574.0,,,,
716.6,,68.0,,,
716.7,,,87.0,,
716.8,4761.0,,,,
716.9,,71.0,,,
717.1,,,87.0,,
717.2,4903.0,,,,
717.3,,72.0,,1.8523022419485002,
717.5,,,87.0,,
717.6,4031.0,,,,
717.7,,70.0,,,
717.9,,,87.0,,
718.1,2697.0,,,,
718.2,,68.0,,,
718.4,,,87.0,,
718.5,1736.0,,,,
718.7,,67.0,,-0.629655955545131,
718.9,,,87.0,,
719.0,1671.0,,,,
719.2,,65.0,,-1.052798468877286,
719.3,,,87.0,,
719.5,1662.0,,,,
719.7,,61.0,,-1.294341954996869,
719.8,,,87.0,,
720.0,1533.0,,,,
720.1,,58.0,,-1.4604329430092622,
720.3,,,87.0,,
720.4,1567.0,,,,
720.6,,57.0,,-1.460163407237343,
720.8,,,87.0,,
720.9,1518.0,,,,
721.0,,53.0,,-1.8265692915271075,
721.2,,,87.0,,
721.3,1545.0,,,,
721.5,,49.0,,-1.8237769336973373,
721.6,,,87.0,,
721.8,1592.0,,,,
722.0,,47.0,,-1.660998494205205,
722.1,,,86.0,,
722.3,1538.0,,,,
722.5,,42.0,,-2.240911905575932,
722.6,,,87.0,,
722.8,1582.0,40.0,,-1.94925302674762,
723.0,,,87.0,,
723.2,1522.0,,,,
723.3,,36.0,,-1.9846744053091079,
723.4,,,86.0,,
723.5,1507.0,,,,
723.6,,32.0,,-2.5175159698122043,
723.7,,,87.0,,
723.9,1494.0,,,,
724.1,,29.0,,-2.1855480534096836,
724.3,,,86.0,,
724.5,1513.0,,,,
724.6,,27.0,,-2.0354741686553566,
724.8,,,87.0,,
724.9,1548.0,,,,
725.1,,25.0,,-1.687029480576383,
725.3,,,86.0,,
725.4,1542.0,,,,
725.6,,23.0,,-1.2778987010721978,
725.8,,,86.0,,
725.9,1562.0,,,,
726.1,,21.0,,-1.146316969836268,
726.2,,,86.0,,
726.4,1589.0,,,,
726.5,,20.0,,-1.0566097320663532,
726.6,,,86.0,,
726.8,1532.0,,,,
726.9,,18.0,,-1.0686660174306877,
727.1,,,86.0,,
727.3,1511.0,,,,
727.4,,15.0,,-1.2109015700434722,
727.6,,,86.0,,
727.7,1533.0,,,,
727.9,,13.0,,-1.1876457337811566,
728.1,,,86.0,,
728.2,1557.0,,,,
728.4,,11.0,,-1.3107090275241555,
728.5,,,86.0,,
728.7,1515.0,,,,
728.8,,10.0,,-1.1630229303636241,
729.0,,,86.0,,
729.2,1571.0,,,,
729.3,,10.0,,-0.7531984421204958,
729.4,,,86.0,,
729.5,1555.0,,,,
729.7,,9.0,,-0.6404718053487312,
729.8,,,86.0,,
730.0,1452.0,,,,
730.1,,9.0,,-0.3133400568589374,
730.3,,,86.0,,
730.4,2700.0,,,,
730.5,,10.0,,,
730.7,,,86.0,,
730.8,2009.0,,,,
731.0,,13.0,,,
731.2,,,86.0,,
731.3,2249.0,,,,
731.5,,14.0,,0.7649345391051549,
731.6,,,86.0,,
731.7,2505.0,,,,
731.9,,16.0,,1.1197878028988413,
732.0,,,86.0,,
732.1,2719.0,,,,
732.3,,17.0,,1.0988172299941563,
732.4,,,86.0,,
732.6,3107.0,,,,
732.7,,19.0,,0.9599974072390024,
732.9,,,86.0,,
733.0,3333.0,,,,
733.2,,21.0,,1.153714285571131,
733.3,,,86.0,,
733.5,3134.0,,,,
733.6,,21.0,,0.8083231521799024,
733.8,,,86.0,,
733.9,2354.0,,,,
734.1,,22.0,,0.7723508575664902,
734.2,,,86.0,,
734.4,2070.0,,,,
734.6,,19.0,,,
734.8,,,86.0,,
734.9,1528.0,15.0,,,
735.1,,,87.0,,
735.2,1585.0,,,,
735.3,,12.0,,-1.4390466189513347,
735.5,,,87.0,,
735.7,1543.0,,,,
735.8,,8.0,,-2.2595367282175447,
736.0,1465.0,,,,
736.1,,7.0,,-2.135961146524991,
736.2,,,87.0,,
736.4,1502.0,,,,
736.5,,5.0,,-1.7708831770539555,
736.6,,,87.0,,
736.8,1522.0,,,,
736.9,,5.0,,-1.2432440873051749,
737.0,,,87.0,,
737.1,1543.0,,,,
737.3,,4.0,,-0.7270627991259048,
737.5,,,87.0,,
737.6,1509.0,,,,
737.8,,4.0,,-0.4922970574794425,
738.0,,,87.0,,
738.1,1808.0,,,,
738.3,,3.0,,-0.31244969559900854,
738.4,,,87.0,,
738.6,1878.0,,,,
738.7,,4.0,,,
738.9,,,87.0,,
739.0,1991.0,,,,
739.1,,4.0,,,
739.2,,,88.0,,
739.3,2072.0,,,,
739.5,,4.0,,,
739.6,,,88.0,,
739.8,2197.0,,,,
739.9,,4.0,,0.17691797341112517,
740.0,,,88.0,,
740.1,3069.0,,,,
740.2,,4.0,,0.0,
740.4,,,88.0,,
740.5,2135.0,,,,
740.6,,4.0,,0.0,
740.8,,,88.0,,
741.0,1930.0,,,,
741.2,,2.0,,-0.3275873722039075,
741.3,,,88.0,,
741.6,,0.0,,-0.6371516852617475,
741.8,,,88.0,,
742.0,2367.0,,,,
742.1,,0.0,,-0.5884120115509515,
742.3,,,88.0,,
742.4,2564.0,,,,
742.8,,,88.0,,
742.9,1724.0,,,,
743.1,,0.0,,-0.45554554266452785,
743.2,,,88.0,,
743.3,1491.0,,,,
743.5,,2.0,,,
743.8,,,88.0,,
743.9,1752.0,,,,
744.0,,2.0,,0.22971830732837098,
744.2,,,88.0,,
744.3,1384.0,,,,
744.5,,2.0,,0.2339596010726767,
744.7,,,88.0,,
744.8,2562.0,,,,
745.0,,4.0,,0.5813715633041223,
745.2,,,88.0,,
745.3,2005.0,,,,
745.5,,5.0,,0.4194505600336097,
745.6,,,88.0,,
745.7,2039.0,,,,
745.9,,7.0,,0.7544454946325729,
746.0,,,88.0,,
746.1,2015.0,,,,
746.3,,8.0,,0.9418922022835573,
746.4,,,88.0,,
746.5,1907.0,,,,
746.7,,7.0,,,
746.8,,,88.0,,
747.0,1494.0,,,,
747.1,,6.0,,,
747.2,,,89.0,,
747.4,2312.0,,,,
747.5,,5.0,,-0.3313492669387866,
747.7,,,89.0,,
747.9,2339.0,,,,
748.0,,5.0,,-0.47913562706290647,
748.2,,,89.0,,
748.4,3061.0,,,,
748.6,,6.0,,,
748.8,,,89.0,,
749.0,1937.0,,,,
749.1,,7.0,,,
749.3,,,89.0,,
749.5,2492.0,,,,
749.6,,11.0,,0.7989008657976286,
749.8,,,89.0,,
749.9,2247.0,,,,
750.0,,13.0,,1.1097131499704358,
750.2,,,89.0,,
750.3,1876.0,,,,
750.5,,13.0,,1.0419620442997606,
750.7,,,89.0,,
750.8,2536.0,,,,
751.0,,14.0,,1.0652560387934353,
751.1,,,89.0,,
751.3,2310.0,,,,
751.4,,15.0,,0.616522271601957,
751.6,,,89.0,,
751.7,3239.0,,,,
751.8,,18.0,,0.7647951175675481,
751.9,,,89.0,,
752.1,2347.0,,,,
752.2,,21.0,,1.3260074603566534,
752.3,,,89.0,,
752.5,2584.0,,,,
752.7,,23.0,,1.4714727635394478,
752.8,,,90.0,,
753.0,1874.0,,,,
753.1,,23.0,,1.2937771827437758,
753.3,,,90.0,,
753.4,1524.0,,,,
753.6,,22.0,,,
753.7,,,90.0,,
753.8,1508.0,,,,
754.0,,18.0,,-0.4620850783283188,
754.2,,,90.0,,
754.3,1550.0,,,,
754.5,,16.0,,-1.0710366528878108,
754.6,,,90.0,,
754.8,1534.0,,,,
755.0,,16.0,,-1.0749856947046523,
755.1,,,90.0,,
755.3,2119.0,,,,
755.4,,16.0,,-0.8940239239013987,
755.6,,,90.0,,
755.8,2698.0,,,,
755.9,,18.0,,,
756.1,,,90.0,,
756.2,2226.0,,,,
756.4,,23.0,,1.0138115075531215,
756.6,,,90.0,,
756.7,2667.0,,,,
756.9,,26.0,,1.455021507953328,
757.0,,,90.0,,
757.1,3002.0,,,,
757.3,,28.0,90.0,1.829949591842553,
757.4,3130.0,,,,
757.6,,29.0,,1.8278169452362711,
757.8,,,90.0,,
757.9,3163.0,,,,
758.0,,30.0,,1.232383257390356,
758.1,,,90.0,,
758.3,2756.0,,,,
758.4,,30.0,90.0,0.7424346797059579,
758.5,2656.0,,,,
758.6,,30.0,,0.4104616056964125,
758.8,,,90.0,,
758.9,2592.0,,,,
759.1,,30.0,,0.18444658727111674,
759.2,,,90.0,,
759.4,2598.0,,,,
759.5,,30.0,,0.0,
759.7,,,90.0,,
759.9,1811.0,,,,
760.1,,30.0,,0.0,
760.2,,,90.0,,
760.3,1484.0,30.0,,0.0,
760.5,,,90.0,,
761.0,1513.0,,,,
761.2,,29.0,,-0.13391872314132786,
761.3,,,90.0,,
761.5,1429.0,,,,
761.7,,28.0,,-0.2619731103149958,
761.8,,,90.0,,
761.9,1411.0,,,,
762.1,,28.0,,-0.26929476381699324,
762.3,,,90.0,,
762.4,1553.0,,,,
762.6,,27.0,,-0.3695311241284608,
762.7,,,90.0,,
762.9,1522.0,,,,
763.1,,27.0,,-0.2915209652170536,
763.2,,,90.0,,
763.4,1927.0,,,,
763.5,,25.0,,-0.44675810339676614,
763.7,,,90.0,,
763.8,2296.0,,,,
763.9,,26.0,,,
764.0,,,90.0,,
764.2,2453.0,,,,
764.3,,29.0,,,
764.5,,,90.0,,
764.7,2619.0,,,,
764.8,,31.0,,,
765.0,,,90.0,,
765.2,1839.0,,,,
765.3,,29.0,,,
765.5,,,90.0,,
765.6,1420.0,,,,
765.8,,21.0,,,
766.0,,,90.0,,
766.2,1510.0,,,,
766.4,,17.0,,-1.6542696526035383,
766.5,,,90.0,,
766.7,1275.0,16.0,,-2.1856082140262263,
766.9,,,90.0,,
767.1,1583.0,,,,
767.2,,16.0,,-1.8884393473548968,
767.5,,,90.0,,
767.7,1503.0,,,,
767.9,,17.0,,,
768.0,,,90.0,,
768.2,1648.0,,,,
768.3,,17.0,,,
768.5,,,90.0,,
768.6,1460.0,,,,
768.7,,16.0,,,
768.9,,,90.0,,
769.0,1550.0,,,,
769.2,,15.0,,-0.14593944225330965,
769.3,,,90.0,,
769.4,1636.0,,,,
769.6,,15.0,,-0.3159066165130795,
769.8,,,90.0,,
769.9,1723.0,,,,
770.1,,14.0,,-0.4776689023864109,
770.3,2348.0,,90.0,,
770.4,,14.0,,-0.3157198351939935,
770.6,,,90.0,,
770.8,2278.0,,,,
770.9,,15.0,,,
771.0,,,90.0,,
771.2,2512.0,,,,
771.3,,14.0,,,
771.4,,,90.0,,
771.5,2185.0,,,,
771.7,,15.0,,,
771.9,,,90.0,,
772.0,2255.0,,,,
772.2,,16.0,,,
772.3,,,90.0,,
772.4,2366.0,,,,
772.6,,16.0,,,
772.8,,,90.0,,
772.9,1465.0,,,,
773.0,,15.0,,,
773.1,,,90.0,,
773.3,2115.0,,,,
773.5,,16.0,,,
773.6,,,90.0,,
773.8,2223.0,,,,
773.9,,16.0,,,
774.1,,,90.0,,
774.2,1574.0,,,,
774.3,,13.0,,,
774.5,,,90.0,,
774.6,1493.0,,,,
774.8,,11.0,,-0.6272679657386238,
774.9,,,90.0,,
775.0,1464.0,,,,
775.2,,9.0,,-1.152405692320429,
775.3,,,90.0,,
775.4,1560.0,,,,
775.5,,6.0,,-1.659766122621224,
775.7,,,90.0,,
775.8,1677.0,,,,
776.0,,5.0,,-1.3172322763268796,
776.2,,,90.0,,
776.3,2762.0,,,,
776.5,,9.0,,,
776.6,,,90.0,,
776.7,2781.0,,,,
776.9,,12.0,,,
777.1,,,90.0,,
777.2,2908.0,,,,
777.4,,17.0,,,
777.5,,,90.0,,
777.7,2375.0,,,,
777.8,,23.0,,2.741369346885201,
778.0,,,90.0,,
778.2,2493.0,,,,
778.4,,25.0,,2.297853425180603,
778.6,,,90.0,,
778.7,2325.0,,,,
778.9,,29.0,,2.3413905153564696,
779.1,,,90.0,,
779.2,2614.0,,,,
779.4,,32.0,,2.043901265964647,
779.5,,,90.0,,
779.7,2906.0,,,,
779.9,,35.0,,1.6545616454840582,
780.0,,,90.0,,
780.2,3197.0,,,,
780.3,,39.0,,2.0428574687137546,
780.6,3390.0,,91.0,,
780.8,,41.0,,1.7255512765335,
781.0,3736.0,,91.0,,
781.2,,44.0,,1.8306863713692658,
781.4,,,91.0,,
781.5,3783.0,,,,
781.6,,46.0,,1.739652985282795,
781.8,,,91.0,,
781.9,2627.0,,,,
782.1,,45.0,,,
782.3,,,91.0,,
782.4,1727.0,,,,
782.6,,44.0,,,
782.7,,,91.0,,
782.8,1612.0,,,,
783.0,,43.0,,-0.1582051616813404,
783.1,,,91.0,,
783.3,1624.0,,,,
783.4,,38.0,,-1.2227288293444405,
783.6,,,91.0,,
783.8,1544.0,,,,
783.9,,33.0,,-1.8395595064388262,
784.1,,,91.0,,
784.3,1537.0,,,,
784.4,,29.0,,-2.291929642673867,
784.5,,,90.0,,
784.6,1583.0,,,,
784.9,,27.0,,-2.3350234700214045,
785.0,,,90.0,,
785.3,1572.0,23.0,,-2.174116956743439,
785.4,,,90.0,,
785.6,1572.0,,,,
785.8,,21.0,,-1.8095107086662785,
785.9,,,90.0,,
786.1,1532.0,,,,
786.2,,18.0,,-1.6582902806503133,
786.4,,,90.0,,
786.5,1480.0,,,,
786.7,,15.0,,-1.8225007805315216,
786.9,,,90.0,,
787.2,1589.0,,,,
787.4,,8.0,,-2.0229488168864767,
787.6,,,90.0,,
787.8,1467.0,,,,
787.9,,5.0,,-2.0451002794726674,
788.1,,,90.0,,
788.3,1377.0,,,,
788.5,,3.0,,-1.837079608948359,
788.6,,,90.0,,
788.7,1417.0,,,,
788.9,,3.0,,-1.5207362808943468,
789.0,,,90.0,,
789.2,1656.0,,,,
789.3,,2.0,,-0.873665992843033,
789.4,,,90.0,,
789.5,1738.0,,,,
789.7,,2.0,,-0.47190509256191876,
789.8,,,90.0,,
789.9,1920.0,,,,
790.1,,2.0,,-0.17608382322494212,
790.3,,,90.0,,
790.4,2071.0,,,,
790.6,,3.0,,,
790.7,,,90.0,,
790.8,2316.0,,,,
790.9,,3.0,,0.17774021629334893,
791.1,,,90.0,,
791.3,2167.0,,,,
791.4,,3.0,,0.15930313112916805,
791.6,,,90.0,,
791.8,1966.0,,,,
791.9,,2.0,,0.0,
792.1,,,90.0,,
792.2,1526.0,,,,
792.4,,0.0,,-0.4539454871753863,
792.6,,,90.0,,
792.7,2052.0,,,,
792.9,,0.0,,-0.4199644162470256,
793.0,,,90.0,,
793.2,2793.0,,,,
793.4,,0.0,,-0.4301180939120534,
793.6,,,90.0,,
793.8,3241.0,,,,
793.9,,0.0,,-0.27283334189757197,
794.2,,,90.0,,
794.3,2503.0,,,,
794.5,,0.0,,0.0,
794.6,,,90.0,,
794.8,2495.0,,,,
794.9,,4.0,,0.5337513844977162,
795.2,,,90.0,,
795.3,2253.0,,,,
795.5,,4.0,,0.5301027767504386,
795.6,,,91.0,,
795.8,2772.0,,,,
796.0,,4.0,,0.5481246840266744,
796.2,,,91.0,,
796.4,3584.0,,,,
796.5,,5.0,,0.6812960773822406,
796.7,,,91.0,,
796.8,1599.0,,,,
797.0,,6.0,,0.27142645306143093,
797.2,,,91.0,,
797.3,1588.0,,,,
797.5,,5.0,,,
797.6,,,91.0,,
797.8,2818.0,,,,
798.0,,6.0,,,
798.1,,,91.0,,
798.3,2257.0,,,,
798.4,,9.0,,,
798.6,,,92.0,,
798.8,2066.0,,,,
799.0,,13.0,,,
799.1,,,92.0,,
799.2,2767.0,,,,
799.4,,14.0,,1.3141952165501964,
799.6,,,92.0,,
799.7,3259.0,,,,
799.9,,23.0,,2.4646343813480645,
800.0,,,92.0,,
800.2,2608.0,,,,
800.3,,24.0,,2.262970291164801,
800.4,,,92.0,,
800.6,3009.0,,,,
800.7,,26.0,,2.181008147461276,
800.8,,,92.0,,
800.9,2384.0,,,,
801.1,,26.0,,2.0155614647786577,
801.2,,,92.0,,
801.4,1640.0,,,,
801.5,,26.0,,0.4995238937863543,
801.7,,,92.0,,
801.8,1584.0,,,,
802.0,,23.0,,-0.1586276127768248,
802.2,,,92.0,,
802.3,1583.0,,,,
802.5,,22.0,,-0.6037140682668277,
802.6,,,92.0,,
802.8,1604.0,,,,
803.0,,19.0,,-1.0183853234171234,
803.1,,,92.0,,
803.3,2328.0,,,,
803.5,,22.0,,,
803.6,,,92.0,,
803.8,1933.0,,,,
803.9,,20.0,,,
804.1,,,93.0,,
804.2,2437.0,,,,
804.3,,20.0,,,
804.5,,,93.0,,
804.6,2503.0,,,,
804.7,,21.0,,,
804.9,,,93.0,,
805.0,3070.0,,,,
805.2,,28.0,,,
805.4,,,93.0,,
805.5,3325.0,,,,
805.7,,32.0,,1.885809839160033,
805.8,,,92.0,,
805.9,3608.0,,,,
806.1,,32.0,,1.9094999743267727,
806.2,,,92.0,,
806.4,3026.0,,,,
806.5,,37.0,,2.414155031073133,
806.7,,,93.0,,
806.9,3424.0,,,,
807.0,,41.0,,1.9492078886950237,
807.2,,,92.0,,
807.3,3731.0,,,,
807.5,,45.0,,1.9760950264576322,
807.7,,,93.0,,
807.8,3977.0,,,,
808.0,,48.0,,2.328915305309414,
808.1,,,93.0,,
808.3,3023.0,,,,
808.5,,46.0,,,
808.6,,,93.0,,
808.8,1891.0,,,,
809.0,,42.0,,,
809.1,,,93.0,,
809.2,1733.0,,,,
809.4,,39.0,,-0.9053822493979343,
809.5,,,93.0,,
809.6,1747.0,,,,
809.7,,38.0,,-1.5755547909703265,
809.9,,,93.0,,
810.1,3164.0,,,,
810.3,,38.0,,-1.2378595761575002,
810.4,,,93.0,,
810.5,3341.0,,,,
810.7,,40.0,,,
810.8,,,93.0,,
811.0,3578.0,,,,
811.2,,44.0,,,
811.3,,,92.0,,
811.6,3027.0,41.0,,,
811.7,,,93.0,,
811.9,2030.0,,,,
812.0,,35.0,,,
812.2,,,93.0,,
812.4,1629.0,,,,
812.5,,26.0,,-2.112562942832049,
812.7,,,93.0,,
812.8,1629.0,,,,
813.0,,19.0,,-3.7600203866500554,
813.2,,,92.0,,
813.3,1580.0,,,,
813.5,,13.0,,-4.154375945432106,
813.6,,,92.0,,
813.8,1709.0,,,,
814.0,,12.0,,-3.3305090616490545,
814.1,,,92.0,,
814.3,2489.0,,,,
814.4,,16.0,,,
814.5,,,92.0,,
814.6,2883.0,,,,
814.7,,16.0,,,
814.9,,,92.0,,
815.0,2953.0,,,,
815.1,,19.0,,,
815.3,,,92.0,,
815.4,2546.0,,,,
815.6,,25.0,,2.2385820554008835,
815.8,,,92.0,,
815.9,3036.0,,,,
816.1,,30.0,,2.4051237767403033,
816.2,,,92.0,,
816.4,3521.0,,,,
816.5,,33.0,,2.668827299011197,
816.7,,,92.0,,
816.8,3938.0,,,,
816.9,,37.0,,2.676933814310524,
817.1,,,92.0,,
817.3,4448.0,,,,
817.4,,42.0,,2.5265676915578528,
817.6,,,92.0,,
817.7,4090.0,,,,
817.9,,42.0,,1.7832774052957097,
818.1,,,92.0,,
818.2,2749.0,,,,
818.4,,40.0,,,
818.6,,,92.0,,
818.7,1693.0,,,,
818.8,,37.0,,0.0,
818.9,,,92.0,,
819.1,1644.0,,,,
819.2,,33.0,,-1.394398467098722,
819.4,,,92.0,,
819.6,1557.0,,,,
819.8,,28.0,,-2.0930346235647925,
819.9,,,92.0,,
820.0,1559.0,,,,
820.2,,24.0,,-2.464433389735588,
820.4,,,93.0,,
820.5,1569.0,,,,
820.7,,20.0,,-2.500049221557321,
820.9,,,93.0,,
821.0,1611.0,,,,
821.1,,19.0,,-2.131410610962214,
821.2,,,93.0,,
821.3,1547.0,,,,
821.5,,17.0,,-1.7839242335851189,
821.6,,,93.0,,
821.8,1655.0,,,,
822.0,,15.0,,-1.4245470424750923,
822.1,,,92.0,,
822.2,2517.0,,,,
822.4,,14.0,,-0.9859823870022278,
822.5,,,93.0,,
822.7,2012.0,,,,
822.8,,15.0,,,
823.0,,,93.0,,
823.2,2059.0,,,,
823.4,,19.0,,,
823.6,,,92.0,,
823.7,2209.0,,,,
823.9,,22.0,,,
824.0,,,93.0,,
824.2,2419.0,,,,
824.4,,23.0,,1.2395730216352596,
824.5,,,93.0,,
824.6,2699.0,,,,
824.7,,24.0,,1.3618819378011087,
824.8,,,93.0,,
824.9,2844.0,,,,
825.1,,26.0,,1.160475691320071,
825.2,,,92.0,,
825.4,2979.0,,,,
825.6,,28.0,,0.9723629555539893,
825.7,,,93.0,,
825.8,3098.0,,,,
825.9,,28.0,,0.8929106728519802,
826.1,,,92.0,,
826.3,3146.0,,,,
826.4,,29.0,,0.7896820322554281,
826.6,,,93.0,,
826.7,3213.0,,,,
826.9,,29.0,,0.4511907447134251,
827.1,,,93.0,,
827.2,2563.0,,,,
827.4,,28.0,,,
827.5,,,93.0,,
827.7,1643.0,,,,
827.9,,26.0,,-0.2804919298881475,
828.1,,,93.0,,
828.3,1487.0,,,,
828.4,,22.0,,-0.9753543288106153,
828.6,,,93.0,,
828.8,1522.0,,,,
828.9,,21.0,,-1.1105969047442146,
829.1,,,93.0,,
829.3,2033.0,,,,
829.5,,21.0,,-0.9272546376667196,
829.6,,,93.0,,
829.8,2354.0,,,,
829.9,,22.0,,,
830.1,,,93.0,,
830.3,2676.0,,,,
830.4,,24.0,,,
830.6,,,93.0,,
830.7,2772.0,,,,
830.9,,27.0,,0.8381607621509799,
831.0,,,92.0,,
831.1,3089.0,,,,
831.3,,29.0,,1.2169607774880074,
831.4,,,92.0,,
831.5,3096.0,,,,
831.6,,30.0,,1.3331152623387201,
831.8,,,92.0,,
831.9,2270.0,,,,
832.1,,29.0,,,
832.2,,,92.0,,
832.4,1477.0,,,,
832.6,,28.0,,,
832.7,,,92.0,,
832.9,1525.0,,,,
833.1,,24.0,,-0.7814801996455594,
833.2,,,92.0,,
833.4,1565.0,,,,
833.5,,21.0,,-1.2891894912079598,
833.7,,,92.0,,
833.9,1484.0,,,,
834.0,,18.0,,-1.5943283929908407,
834.2,,,92.0,,
834.3,1485.0,,,,
834.5,,18.0,,-1.4607683318888087,
834.6,,,92.0,,
834.7,1933.0,,,,
834.9,,16.0,,-1.205279083818193,
835.1,,,92.0,,
835.2,5311.0,,,,
835.4,,16.0,,-0.7606547219290963,
835.5,,,92.0,,
835.9,,14.0,,-0.603575215014315,
836.0,,,92.0,,
836.2,3736.0,,,,
836.3,,19.0,,,
836.4,,,92.0,,
836.5,2245.0,,,,
836.8,,21.0,,,
836.9,,,92.0,,
837.0,2209.0,,,,
837.2,,21.0,,,
837.3,,,92.0,,
837.4,2286.0,,,,
837.6,,21.0,,1.120181831499471,
837.8,,,92.0,,
837.9,2420.0,,,,
838.1,,23.0,,0.6307212209491304,
838.2,,,92.0,,
838.5,2559.0,,,,
838.6,,24.0,,0.4491002850637113,
838.8,,,92.0,,
839.0,2693.0,,,,
839.1,,25.0,,0.578425095615982,
839.3,,,92.0,,
839.4,2990.0,,,,
839.5,,25.0,,0.5795899631687387,
839.7,,,92.0,,
839.8,3094.0,,,,
839.9,,30.0,,1.0547983218677057,
840.1,,,92.0,,
840.2,3303.0,,,,
840.4,,31.0,,1.0900775967065455,
840.6,,,92.0,,
840.7,3675.0,,,,
840.9,,35.0,,1.5759600780314569,
841.0,,,93.0,,
841.2,3564.0,,,,
841.4,,35.0,,1.4576507956365303,
841.6,,,92.0,,
841.7,3218.0,,,,
841.9,,39.0,,1.2544406572044708,
842.1,,,93.0,,
842.2,2818.0,,,,
842.4,,39.0,,1.116165891584329,
842.6,,,93.0,,
842.7,1647.0,,,,
842.9,,35.0,,,
843.0,,,93.0,,
843.2,1594.0,,,,
843.3,,30.0,,-0.7201732084550685,
843.5,,,93.0,,
843.7,1564.0,,,,
843.8,,28.0,,-1.5950674528504731,
844.0,,,93.0,,
844.2,1523.0,,,,
844.3,,25.0,,-1.9999616807341971,
844.5,,,93.0,,
844.6,1592.0,,,,
844.8,,22.0,,-1.841087532331409,
845.0,,,93.0,,
845.2,1505.0,,,,
845.4,,18.0,,-1.6627800015520389,
845.5,,,93.0,,
845.7,1445.0,,,,
845.8,,15.0,,-1.7925139411255029,
846.0,,,93.0,,
846.2,1508.0,,,,
846.3,,10.0,,-2.125353484540842,
846.5,,,93.0,,
846.6,1840.0,,,,
846.8,,10.0,,-1.6581752342010845,
847.0,,,93.0,,
847.3,1927.0,,,,
847.5,,12.0,,,
847.8,,,93.0,,
848.0,2400.0,,,,
848.1,,15.0,,,
848.3,,,93.0,,
848.5,2572.0,,,,
848.6,,18.0,,0.9618042709457262,
848.8,,,93.0,,
849.0,2350.0,,,,
849.1,,18.0,,0.9737368516373781,
849.2,,,93.0,,
849.3,2379.0,,,,
849.5,,22.0,,1.4034646410921838,
849.7,,,93.0,,
849.8,2558.0,,,,
849.9,,23.0,,1.2666231784264586,
850.1,,,93.0,,
850.2,2947.0,,,,
850.4,,29.0,,1.7408487915325215,
850.5,,,93.0,,
850.7,3396.0,,,,
850.8,,32.0,,2.2955250261220908,
850.9,,,93.0,,
851.0,3648.0,,,,
851.2,,34.0,,2.0033001164137727,
851.4,,,93.0,,
851.5,3546.0,,,,
851.6,,35.0,,1.8807760984954918,
851.8,,,93.0,,
852.0,2170.0,,,,
852.1,,33.0,,,
852.3,,,93.0,,
852.4,3832.0,,,,
852.5,,33.0,,,
852.7,,,93.0,,
852.8,3880.0,37.0,,,
853.0,,,93.0,,
853.3,,36.0,,,
853.5,,,93.0,,
853.7,3308.0,,,,
853.8,,39.0,,,
854.0,,,93.0,,
854.1,3528.0,,,,
854.3,,43.0,,,
854.4,,,93.0,,
854.6,3814.0,,,,
854.7,,46.0,,,
854.8,,,93.0,,
855.0,3986.0,,,,
855.1,,47.0,,1.7421373224857093,
855.2,,,93.0,,
855.5,2907.0,,,,
855.6,,45.0,,,
855.8,,,93.0,,
856.0,1798.0,,,,
856.2,,42.0,,,
856.3,,,93.0,,
856.5,1592.0,,,,
856.6,,38.0,,-1.1572260483876367,
856.8,,,93.0,,
856.9,1544.0,,,,
857.0,,34.0,,-1.8214122239536288,
857.2,,,93.0,,
857.4,1537.0,,,,
857.5,,30.0,,-2.1756805285016934,
857.7,,,93.0,,
857.9,1572.0,,,,
858.0,,28.0,,-2.1282390635616775,
858.2,,,93.0,,
858.3,1450.0,,,,
858.4,,24.0,,-2.1095644869211885,
858.7,,,93.0,,
859.0,1459.0,,,,
859.2,,15.0,,-2.5097919665669925,
859.3,,,93.0,,
859.5,1440.0,,,,
859.7,,9.0,,-2.6845459266211122,
859.9,,,93.0,,
860.1,1644.0,,,,
860.3,,10.0,,,
860.4,,,93.0,,
860.5,2891.0,,,,
860.7,,11.0,,,
860.8,,,93.0,,
861.0,2382.0,,,,
861.2,,11.0,,,
861.3,,,93.0,,
861.5,1561.0,,,,
861.6,,10.0,,,
861.8,,,93.0,,
862.0,2384.0,,,,
862.1,,12.0,,,
862.3,,,93.0,,
862.4,2347.0,,,,
862.6,,15.0,,,
862.8,,,93.0,,
862.9,2580.0,,,,
863.1,,16.0,,,
863.2,,,93.0,,
863.4,2906.0,,,,
863.6,,16.0,,0.8370974256173642,
863.8,,,93.0,,
863.9,3518.0,,,,
864.0,,19.0,,1.0124377163503466,
864.3,,,93.0,,
864.4,2515.0,,,,
864.6,,26.0,,1.5497366943819886,
864.8,,,93.0,,
864.9,2710.0,,,,
865.1,,24.0,,,
865.2,,,93.0,,
865.5,,23.0,,,
865.6,,,93.0,,
865.7,1564.0,,,,
865.9,,19.0,,0.0,
866.0,,,94.0,,
866.1,1540.0,,,,
866.2,,14.0,,-2.0514378343151307,
866.3,,,94.0,,
866.4,1506.0,,,,
866.6,,9.0,,-2.664566050691472,
866.7,,,94.0,,
866.8,1483.0,,,,
866.9,,5.0,,-3.4701962541729974,
867.1,1676.0,,94.0,,
867.3,,3.0,,-3.053621525277387,
867.5,,,94.0,,
867.7,3674.0,,,,
867.8,,7.0,,,
868.0,,,94.0,,
868.1,2362.0,,,,
868.3,,12.0,,,
868.4,,,94.0,,
868.5,2332.0,,,,
868.6,,15.0,,,
868.8,,,94.0,,
868.9,2972.0,,,,
869.1,,20.0,,2.681169560733708,
869.2,,,94.0,,
869.4,3234.0,,,,
869.6,,21.0,,2.2276527304011733,
869.7,,,94.0,,
869.8,2521.0,,,,
869.9,,24.0,,1.99185014594286,
870.1,,,94.0,,
870.2,2849.0,,,,
870.3,,26.0,,1.8075833683084281,
870.4,,,94.0,,
870.6,3277.0,,,,
870.7,,31.0,,1.8230466105287635,
870.8,,,94.0,,
870.9,3499.0,,,,
871.0,,33.0,,2.3228405515371184,
871.1,,,94.0,,
871.2,3342.0,,,,
871.4,,33.0,,1.7263576698204228,
871.6,,,94.0,,
871.7,2334.0,,,,
871.9,,31.0,,,
872.0,,,94.0,,
872.2,1523.0,,,,
872.4,,25.0,,-1.0332795366675362,
872.5,,,95.0,,
872.7,1557.0,,,,
872.8,,20.0,,-1.9387993467833033,
873.0,,,95.0,,
873.2,1537.0,,,,
873.3,,17.0,,-2.3338098389572024,
873.5,,,95.0,,
873.6,1550.0,,,,
873.8,,11.0,,-2.8881054267535626,
874.0,,,95.0,,
874.1,1542.0,,,,
874.3,,8.0,,-2.483403850316076,
874.5,,,95.0,,
874.6,1533.0,,,,
874.8,,6.0,,-2.028669422909684,
874.9,,,95.0,,
875.1,2110.0,,,,
875.2,,8.0,,,
875.4,,,95.0,,
875.5,2262.0,,,,
875.6,,13.0,,,
875.8,,,95.0,,
876.0,2572.0,,,,
876.1,,17.0,,,
876.3,,,95.0,,
876.4,3147.0,,,,
876.6,,20.0,,2.158246732604064,
876.7,,,95.0,,
876.9,2449.0,,,,
877.0,,23.0,,2.4285896527081827,
877.1,,,95.0,,
877.2,2784.0,,,,
877.4,,27.0,,2.2426923647429513,
877.5,,,95.0,,
877.6,3188.0,,,,
877.8,,30.0,,2.1535001238395095,
877.9,,,95.0,,
878.0,3481.0,,,,
878.2,,32.0,,2.0910789511532735,
878.3,,,95.0,,
878.5,3806.0,,,,
878.6,,35.0,,1.9806948408227463,
878.9,,,95.0,,
879.0,4084.0,,,,
879.1,,38.0,,1.7378792057166543,
879.3,,,95.0,,
879.4,3238.0,,,,
879.5,,41.0,,1.7568734623643811,
879.7,,,95.0,,
879.8,3668.0,,,,
879.9,,45.0,,2.044925078601257,
880.1,,,95.0,,
880.2,3944.0,,,,
880.3,,47.0,,1.9966280147435802,
880.5,,,95.0,,
880.6,2976.0,,,,
880.8,,47.0,,1.4969237916696432,
881.0,,,95.0,,
881.1,1945.0,,,,
881.3,,46.0,,,
881.4,,,95.0,,
881.6,1590.0,,,,
881.8,,45.0,,0.0,
881.9,,,95.0,,
882.1,1605.0,,,,
882.2,,45.0,,-0.29252384636844164,
882.4,,,95.0,,
882.5,1617.0,,,,
882.6,,44.0,,-0.4553677576422048,
882.8,,,95.0,,
882.9,1587.0,,,,
883.0,,44.0,,-0.3132600550400423,
883.2,,,95.0,,
883.3,1612.0,,,,
883.5,,41.0,,-0.6313183325153027,
883.7,,,95.0,,
883.9,1655.0,,,,
884.1,,35.0,,-1.4850443206131325,
884.2,,,95.0,,
884.3,1582.0,,,,
884.4,,35.0,,-1.3757085311648058,
884.6,,,95.0,,
884.7,1599.0,,,,
884.9,,33.0,,-1.6814361572998566,
885.0,,,95.0,,
885.2,1540.0,,,,
885.4,,32.0,,-1.365572720926042,
885.5,,,95.0,,
885.7,1560.0,,,,
885.9,,32.0,,-0.46351359135874204,
886.0,,,95.0,,
886.1,1547.0,,,,
886.3,,32.0,,-0.4579366251246709,
886.5,,,95.0,,
886.6,1555.0,,,,
886.8,,31.0,,-0.29115676600603607,
886.9,,,95.0,,
887.1,1596.0,,,,
887.2,,31.0,,-0.14722953010717862,
887.4,,,95.0,,
887.5,1499.0,,,,
887.6,,30.0,,-0.3175682543732896,
887.8,,,95.0,,
887.9,1565.0,,,,
888.0,,29.0,,-0.4683505818422315,
888.3,,,94.0,,
888.4,2703.0,,,,
888.6,,32.0,,,
888.8,,,94.0,,
888.9,1974.0,,,,
889.1,,32.0,,,
889.2,,,94.0,,
889.4,2195.0,,,,
889.6,,32.0,,,
889.7,,,94.0,,
890.0,3338.0,,,,
890.1,,33.0,,0.5408945808956499,
890.3,,,94.0,,
890.4,2975.0,,,,
890.6,,36.0,,0.5574056965435228,
890.7,,,94.0,,
890.8,2484.0,,,,
891.0,,35.0,,,
891.2,,,94.0,,
891.4,1517.0,,,,
891.5,,35.0,,,
891.7,,,94.0,,
891.9,1568.0,32.0,,-0.15048008383450126,
892.1,,,94.0,,
892.2,1625.0,,,,
892.3,,26.0,,-1.600491466115483,
892.5,,,94.0,,
892.6,1523.0,,,,
892.7,,21.0,,-2.2299229745103113,
892.9,,,94.0,,
893.0,1594.0,,,,
893.1,,18.0,,-2.9968914408583007,
893.3,,,94.0,,
893.5,1584.0,,,,
893.6,,15.0,,-2.837805715140395,
893.8,,,94.0,,
893.9,1518.0,,,,
894.0,,14.0,,-1.9664487271206883,
894.2,,,94.0,,
894.3,1546.0,,,,
894.5,,12.0,,-1.4438648450097722,
894.6,,,94.0,,
894.8,2481.0,,,,
895.0,,16.0,,,
895.1,,,94.0,,
895.3,3025.0,,,,
895.4,,19.0,,,
895.6,,,94.0,,
895.7,2869.0,,,,
895.8,,19.0,,,
896.0,,,94.0,,
896.1,2328.0,,,,
896.4,,24.0,,1.7614605467186015,
896.5,,,94.0,,
896.6,2716.0,,,,
896.8,,27.0,,1.6730108454661905,
897.0,,,94.0,,
897.1,3175.0,,,,
897.3,,30.0,,1.637291805992757,
897.4,,,94.0,,
897.6,3551.0,,,,
897.7,,32.0,,1.9002861503508508,
897.9,,,94.0,,
898.1,2459.0,,,,
898.2,,31.0,,,
898.4,,,94.0,,
898.5,1594.0,,,,
898.7,,30.0,,,
898.8,,,94.0,,
898.9,2059.0,,,,
899.1,,29.0,,-0.15396117184232705,
899.3,,,94.0,,
899.4,3437.0,,,,
899.6,,32.0,,,
899.7,,,94.0,,
899.9,3638.0,,,,
900.0,,34.0,,,
900.2,,,94.0,,
900.3,3001.0,,,,
900.4,,34.0,,,
900.6,,,94.0,,
900.7,2246.0,,,,
900.8,,34.0,,0.8127407740479413,
901.0,,,94.0,,
901.2,1610.0,,,,
901.3,,33.0,,0.1603299770497258,
901.5,,,94.0,,
901.6,1634.0,,,,
901.8,,33.0,,-0.1585911513204385,
901.9,,,94.0,,
902.0,1565.0,,,,
902.2,,32.0,,-0.31712695360668613,
902.4,,,94.0,,
902.5,1557.0,,,,
902.6,,32.0,,-0.3025947206807442,
902.7,,,94.0,,
902.9,1552.0,,,,
903.1,,32.0,,-0.15240220996371998,
903.3,,,94.0,,
903.5,1616.0,,,,
903.6,,31.0,,-0.2991999238452418,
903.8,,,94.0,,
904.0,1557.0,,,,
904.2,,29.0,,-0.40235313494974034,
904.4,,,94.0,,
904.6,1545.0,,,,
904.8,,26.0,,-0.7931069488858432,
904.9,,,94.0,,
905.1,1576.0,,,,
905.2,,23.0,,-1.186411263010245,
905.4,,,94.0,,
905.6,1511.0,,,,
905.8,,20.0,,-1.4145226104495259,
906.0,,,94.0,,
906.1,1497.0,,,,
906.3,,18.0,,-1.4515043451732645,
906.5,,,94.0,,
906.7,1484.0,,,,
906.8,,14.0,,-1.5936890931870809,
907.0,,,94.0,,
907.1,1547.0,,,,
907.2,,12.0,,-1.5419886682448891,
907.4,,,94.0,,
907.5,1506.0,,,,
907.7,,11.0,,-1.3208594885526392,
907.9,,,94.0,,
908.0,1525.0,,,,
908.2,,11.0,,-1.0674319189787211,
908.3,,,94.0,,
908.5,1906.0,,,,
908.7,,11.0,,-0.450059458255149,
908.9,,,94.0,,
909.0,2047.0,,,,
909.1,,13.0,,,
909.4,,,94.0,,
909.5,2319.0,,,,
909.7,,14.0,,0.4142841187000228,
909.8,,,94.0,,
909.9,2463.0,,,,
910.1,,15.0,,0.5791147545305132,
910.2,,,94.0,,
910.4,2528.0,,,,
910.6,,15.0,,0.5877322817157163,
910.7,,,94.0,,
910.9,1847.0,,,,
911.0,,15.0,,0.29747133185482943,
911.1,,,94.0,,
911.2,2029.0,,,,
911.4,,14.0,,0.0,
911.5,,,94.0,,
911.7,2399.0,,,,
911.8,,15.0,,,
911.9,,,93.0,,
912.0,2624.0,,,,
912.2,,16.0,,,
912.3,,,94.0,,
912.5,2813.0,,,,
912.7,,18.0,,,
912.8,,,94.0,,
913.0,3008.0,,,,
913.1,,19.0,,0.8007116981801168,
913.3,,,94.0,,
913.4,3155.0,,,,
913.6,,19.0,,0.6049024707882616,
913.7,,,94.0,,
913.8,2953.0,,,,
914.0,,19.0,,0.458750966450661,
914.1,,,94.0,,
914.2,2043.0,,,,
914.4,,19.0,,0.1606204967674579,
914.6,,,94.0,,
914.7,2233.0,,,,
914.9,,19.0,,0.0,
915.1,,,94.0,,
915.2,2237.0,,,,
915.4,,21.0,,0.3167707347226036,
915.5,,,94.0,,
915.7,1915.0,,,,
915.9,,20.0,,,
916.0,,,94.0,,
916.1,1498.0,,,,
916.3,,17.0,,,
916.5,,,95.0,,
916.6,1498.0,,,,
916.8,,15.0,,-0.5848008310768356,
916.9,,,95.0,,
917.0,1607.0,,,,
917.1,,14.0,,-1.1099335667339691,
917.3,,,95.0,,
917.5,1596.0,,,,
917.6,,13.0,,-1.1210792351769396,
917.8,,,95.0,,
918.0,2489.0,,,,
918.2,,12.0,,-0.7469470139272334,
918.3,,,95.0,,
918.5,2162.0,,,,
918.6,,13.0,,,
918.8,,,95.0,,
918.9,2354.0,,,,
919.1,,14.0,,,
919.4,2386.0,,,,
919.6,,14.0,,,
919.8,,,95.0,,
919.9,2480.0,,,,
920.0,,16.0,,0.5939853694869657,
920.2,,,95.0,,
920.4,2382.0,,,,
920.5,,20.0,,1.020587881947725,
920.7,,,95.0,,
920.9,2617.0,,,,
921.0,,24.0,,1.469249722868648,
921.2,,,95.0,,
921.4,2975.0,,,,
921.6,,27.0,,1.8196181101965878,
921.7,,,95.0,,
921.9,1725.0,,,,
922.1,,27.0,,1.5178626436307885,
922.2,,,95.0,,
922.4,3009.0,,,,
922.6,,28.0,,1.0992512889545802,
922.8,,,95.0,,
922.9,3156.0,,,,
923.0,,29.0,,0.6999882110785443,
923.2,,,95.0,,
923.3,2429.0,,,,
923.5,,27.0,,,
923.6,,,95.0,,
923.8,1608.0,,,,
923.9,,23.0,,,
924.1,,,95.0,,
924.3,1566.0,,,,
924.5,,21.0,,-0.9956565422107937,
924.7,,,95.0,,
924.8,2585.0,,,,
924.9,,23.0,,,
925.1,,,95.0,,
925.2,2846.0,,,,
925.4,,27.0,,,
925.6,,,95.0,,
925.7,3401.0,,,,
925.9,,32.0,,,
926.0,,,95.0,,
926.2,4021.0,,,,
926.3,,39.0,,2.726538247442289,
926.5,,,95.0,,
926.6,4281.0,,,,
926.7,,40.0,,2.6819757121794034,
926.9,,,95.0,,
927.1,3644.0,42.0,,2.380773346796702,
927.2,,,95.0,,
927.4,3618.0,,,,
927.6,,44.0,,1.9575379098259769,
927.7,,,95.0,,
927.9,3372.0,,,,
928.1,,44.0,,0.7833462983412479,
928.3,,,95.0,,
928.4,2016.0,,,,
928.6,,42.0,,,
928.7,,,95.0,,
928.9,1601.0,,,,
929.1,,41.0,,-0.14410200965123787,
929.2,,,95.0,,
929.4,1603.0,,,,
929.5,,41.0,95.0,-0.4414471244169631,
929.6,1638.0,,,,
929.8,,40.0,,-0.6668187680276538,
929.9,,,95.0,,
930.0,1626.0,,,,
930.2,,40.0,,-0.35279882505008264,
930.4,,,95.0,,
930.5,1540.0,,,,
930.7,,36.0,,-0.861620061465218,
930.8,,,95.0,,
931.0,1586.0,,,,
931.2,,29.0,,-1.962746136216466,
931.3,,,95.0,,
931.5,1549.0,,,,
931.6,,26.0,,-2.1039395805779613,
931.8,,,95.0,,
931.9,1470.0,,,,
932.1,,23.0,,-2.4587280228186623,
932.3,,,95.0,,
932.4,1531.0,,,,
932.7,,19.0,,-2.38146393541555,
932.8,,,95.0,,
932.9,1511.0,,,,
933.1,,16.0,,-1.8895125501220094,
933.2,,,95.0,,
933.4,1550.0,,,,
933.5,,13.0,,-1.887031933341439,
933.7,,,95.0,,
933.8,1522.0,,,,
933.9,,11.0,,-1.826370332966306,
934.1,,,95.0,,
934.3,1590.0,,,,
934.4,,11.0,,-1.2483019972082976,
934.6,,,95.0,,
934.7,1494.0,,,,
934.8,,8.0,,-1.2604411160732156,
935.0,,,95.0,,
935.1,2159.0,,,,
935.3,,10.0,,,
935.5,,,95.0,,
935.7,2045.0,,,,
935.9,,14.0,,,
936.1,,,95.0,,
936.2,2905.0,,,,
936.4,,17.0,,,
936.5,,,95.0,,
936.6,2689.0,,,,
936.7,,22.0,,2.0277674361638534,
936.9,,,95.0,,
937.1,2782.0,,,,
937.2,,27.0,,2.473106220947985,
937.4,,,95.0,,
937.5,2863.0,,,,
937.7,,29.0,,2.292101615869294,
937.9,,,95.0,,
938.0,2701.0,,,,
938.1,,33.0,,2.5680348180323915,
938.2,,,95.0,,
938.4,2930.0,,,,
938.6,,36.0,,2.149033033990224,
938.7,,,95.0,,
938.8,3268.0,,,,
938.9,,39.0,,1.920928217102385,
939.1,,,95.0,,
939.3,3495.0,,,,
939.4,,42.0,,2.0954189441694577,
939.6,,,95.0,,
939.8,3872.0,,,,
940.0,,48.0,,2.1885604122337377,
940.2,,,95.0,,
940.3,4153.0,,,,
940.5,,49.0,,1.8772466671507075,
940.6,,,95.0,,
940.9,3457.0,,,,
941.0,,52.0,,1.7322517707597276,
941.2,,,95.0,,
941.3,3695.0,,,,
941.5,,55.0,,1.7634766226457865,
941.6,,,95.0,,
941.7,3780.0,,,,
941.9,,57.0,,1.307310054254936,
942.0,,,95.0,,
942.2,2979.0,,,,
942.3,,55.0,,,
942.5,,,95.0,,
942.6,2060.0,,,,
942.8,,52.0,,,
943.0,,,95.0,,
943.2,1635.0,,,,
943.3,,44.0,,-1.6828493128259234,
943.5,,,95.0,,
943.6,1647.0,,,,
943.8,,38.0,,-2.786531887692323,
943.9,,,95.0,,
944.0,1542.0,,,,
944.1,,36.0,,-3.020284529751014,
944.2,,,95.0,,
944.3,1582.0,,,,
944.4,,34.0,,-3.035344461513198,
944.6,,,95.0,,
944.8,1530.0,,,,
944.9,,30.0,,-2.375607312979958,
945.1,,,95.0,,
945.2,1564.0,,,,
945.4,,27.0,,-1.9308737372173523,
945.5,,,95.0,,
945.7,1548.0,,,,
945.9,,23.0,,-2.04155087461233,
946.0,,,95.0,,
946.2,1578.0,,,,
946.3,,20.0,,-2.035134302757348,
946.5,,,95.0,,
946.7,1509.0,,,,
946.8,,15.0,,-2.216749511029393,
947.0,,,95.0,,
947.1,1560.0,,,,
947.3,,14.0,,-1.845202499051424,
947.5,,,95.0,,
947.6,2383.0,,,,
947.8,,13.0,,-1.4571770888139584,
947.9,,,95.0,,
948.1,2428.0,,,,
948.3,,14.0,,,
948.5,,,95.0,,
948.7,2646.0,,,,
948.8,,16.0,,,
949.0,,,95.0,,
949.1,1952.0,,,,
949.3,,18.0,,,
949.5,,,95.0,,
949.6,1960.0,,,,
949.8,,19.0,,0.8278790179990502,
949.9,,,95.0,,
950.0,1810.0,,,,
950.1,,18.0,,,
950.3,,,95.0,,
950.4,1656.0,,,,
950.6,,17.0,,,
950.8,,,94.0,,
950.9,2048.0,,,,
951.0,,19.0,,,
951.2,,,95.0,,
951.3,2244.0,,,,
951.5,,22.0,,,
951.6,,,94.0,,
951.8,2670.0,,,,
952.0,,25.0,,,
952.2,,,94.0,,
952.4,3173.0,,,,
952.5,,30.0,,1.8473613427418027,
952.7,,,95.0,,
952.8,3310.0,,,,
952.9,,31.0,,1.7413421209815199,
953.1,,,95.0,,
953.2,2883.0,,,,
953.4,,35.0,,1.8568281512973288,
953.5,,,95.0,,
953.6,3158.0,,,,
953.8,,39.0,,2.1988281979637945,
954.0,,,95.0,,
954.1,3525.0,,,,
954.3,,43.0,,2.086433291720224,
954.4,,,95.0,,
954.6,3884.0,,,,
954.7,,48.0,,2.552369885648304,
954.9,,,95.0,,
955.0,4146.0,,,,
957.6,,,95.0,,
957.9,3572.0,,,,
958.0,,40.0,,,
958.2,,,95.0,,
958.4,3587.0,,,,
958.5,,43.0,,,
958.7,,,95.0,,
958.8,3271.0,,,,
959.0,,44.0,,,
959.2,,,95.0,,
959.3,2091.0,,,,
959.5,,40.0,,,
959.6,,,95.0,,
959.8,1611.0,,,,
959.9,,35.0,,,
960.1,,,95.0,,
960.3,1601.0,,,,
960.4,,30.0,,-1.8824458443933543,
960.6,,,95.0,,
960.7,1578.0,,,,
960.9,,28.0,,-2.343670772941918,
961.0,,,95.0,,
961.1,1618.0,,,,
961.3,,27.0,,-1.9680752756698179,
961.4,,,95.0,,
961.5,1654.0,,,,
961.7,,26.0,,-1.4399949496497126,
961.9,,,95.0,,
962.0,2638.0,,,,
962.1,,26.0,,-0.6483737606043799,
962.3,,,95.0,,
962.5,1747.0,,,,
962.7,,22.0,,-0.9214445316376688,
962.9,,,95.0,,
963.1,1506.0,,,,
963.3,,21.0,,-0.8449322249444811,
963.4,,,95.0,,
963.6,1577.0,,,,
963.7,,18.0,,-1.0741651471660765,
963.9,,,95.0,,
964.1,1588.0,,,,
964.3,,13.0,,-1.6500214030622427,
964.5,,,95.0,,
964.6,1488.0,,,,
964.8,,9.0,,-1.7083113821891152,
965.1,,,95.0,,
965.3,1495.0,,,,
965.5,,8.0,,-1.620475171485788,
965.7,,,95.0,,
965.9,1514.0,,,,
966.1,,6.0,,-1.407707236535836,
966.3,,,95.0,,
966.4,1917.0,,,,
966.6,,9.0,,,
966.8,,,94.0,,
966.9,2097.0,,,,
967.1,,13.0,,,
967.3,,,94.0,,
967.4,2511.0,,,,
967.6,,17.0,,,
967.7,,,95.0,,
967.9,2982.0,,,,
968.0,,19.0,,1.8689318765072613,
968.2,,,94.0,,
968.4,2759.0,,,,
968.5,,22.0,,1.9144681150460323,
968.7,,,95.0,,
968.8,2808.0,,,,
969.0,,26.0,,1.884986236584495,
969.2,,,94.0,,
969.3,3312.0,,,,
969.5,,30.0,,1.914742908265062,
969.7,,,95.0,,
969.9,2519.0,,,,
970.1,,30.0,,1.4632445240215346,
970.3,,,95.0,,
970.5,1534.0,,,,
970.6,,29.0,,,
970.8,,,95.0,,
971.0,1624.0,,,,
971.2,,23.0,,-0.3734649507475917,
971.5,,,95.0,,
971.7,1591.0,,,,
971.8,,18.0,,-1.3969444271339748,
972.0,,,95.0,,
972.2,1606.0,,,,
972.3,,16.0,,-1.779810708079587,
972.5,,,95.0,,
972.6,2155.0,,,,
972.8,,15.0,,-1.8009678215830782,
972.9,,,95.0,,
973.1,2522.0,,,,
973.3,,18.0,,,
973.4,,,95.0,,
973.5,3045.0,,,,
973.6,,23.0,,,
973.8,,,95.0,,
973.9,2733.0,,,,
974.2,,25.0,,,
974.3,,,95.0,,
974.4,2486.0,,,,
974.6,,26.0,,1.7466667342467903,
974.8,,,95.0,,
974.9,2446.0,,,,
975.0,,29.0,,1.8104652740383438,
975.1,,,95.0,,
975.3,2728.0,,,,
975.5,,34.0,,1.6364596448813542,
975.7,2932.0,,95.0,,
975.9,,35.0,,1.580061384879183,
976.0,,,95.0,,
976.1,2097.0,,,,
976.3,,34.0,,,
976.5,,,95.0,,
976.6,1471.0,,,,
976.8,,31.0,,,
976.9,,,95.0,,
977.1,1680.0,,,,
977.3,,25.0,,-1.4342812612931721,
977.4,,,95.0,,
977.5,1611.0,,,,
977.6,,21.0,,-2.3595752551504794,
977.7,,,95.0,,
977.9,1649.0,,,,
978.1,,18.0,,-2.5269329356547354,
978.3,,,95.0,,
978.4,1570.0,,,,
978.5,,17.0,,-2.1996341166318407,
978.7,,,95.0,,
978.8,1967.0,,,,
978.9,,16.0,,-1.4789962419297091,
979.1,,,95.0,,
979.3,2086.0,,,,
979.6,,17.0,,,
979.7,,,95.0,,
979.8,2290.0,,,,
979.9,,19.0,,,
980.0,,,95.0,,
980.3,,23.0,,,
980.5,,,95.0,,
980.7,2807.0,,,,
980.9,,27.0,,1.5988977071295232,
981.0,,,95.0,,
981.2,2665.0,,,,
981.5,,28.0,,1.6068606287680698,
981.7,,,95.0,,
981.8,2621.0,,,,
982.0,,31.0,,1.6084722220948848,
982.1,,,95.0,,
982.2,2722.0,,,,
982.4,,32.0,,1.19493460529183,
982.5,,,95.0,,
982.6,1864.0,,,,
982.8,,29.0,,,
983.0,,,95.0,,
983.1,1594.0,,,,
983.2,,29.0,,,
983.4,,,95.0,,
983.6,1614.0,,,,
983.7,,29.0,,-0.3169782930982643,
983.9,,,95.0,,
984.0,2725.0,,,,
984.2,,31.0,,,
984.4,,,95.0,,
984.5,2753.0,,,,
984.7,,33.0,,0.5686953177415048,
984.9,,,95.0,,
985.1,2916.0,,,,
985.3,,35.0,,0.8235845628627271,
985.4,,,95.0,,
985.6,3082.0,,,,
985.8,,37.0,,1.0815734483928472,
985.9,,,95.0,,
986.1,2142.0,,,,
986.2,,35.0,,,
986.4,,,95.0,,
986.6,1608.0,33.0,,,
986.8,,,95.0,,
986.9,1630.0,,,,
987.0,,32.0,,-0.4712245769628482,
987.2,,,95.0,,
987.3,1594.0,,,,
987.5,,32.0,,-0.8093247785243896,
987.7,,,95.0,,
987.8,1633.0,,,,
988.0,,31.0,,-0.6321348707283242,
988.1,,,95.0,,
988.3,2867.0,,,,
988.5,,32.0,,,
988.6,,,95.0,,
988.7,2801.0,,,,
988.9,,34.0,,,
989.1,,,95.0,,
989.2,3025.0,,,,
989.4,,37.0,,,
989.7,,,95.0,,
989.8,2080.0,36.0,,,
990.0,,,95.0,,
990.2,1597.0,,,,
990.3,,34.0,,,
990.5,,,95.0,,
990.6,1629.0,,,,
990.8,,31.0,,-0.44145711006671773,
990.9,,,95.0,,
991.0,1627.0,,,,
991.2,,28.0,,-1.4195783591071034,
991.4,,,95.0,,
991.5,1546.0,,,,
991.7,,24.0,,-1.8123598264273995,
991.9,,,95.0,,
992.1,1566.0,,,,
992.2,,18.0,,-2.360997901261746,
992.4,,,95.0,,
992.5,1504.0,,,,
992.7,,15.0,,-2.32323776172072,
992.9,,,95.0,,
993.0,1514.0,,,,
993.2,,15.0,,-1.8099370511690256,
993.3,,,95.0,,
993.4,2197.0,,,,
993.6,,15.0,,-1.3306134883969971,
993.7,,,95.0,,
993.9,2358.0,,,,
994.0,,17.0,,,
994.2,,,95.0,,
994.4,2146.0,,,,
994.5,,20.0,,0.763752291791502,
994.7,,,95.0,,
994.9,2440.0,,,,
995.0,,22.0,,1.062601994231917,
995.2,,,95.0,,
995.3,1854.0,,,,
995.5,,22.0,,1.0198876399694525,
995.6,,,95.0,,
995.8,2001.0,,,,
995.9,,24.0,,1.0226882571702618,
996.1,,,95.0,,
996.3,2170.0,,,,
996.4,,26.0,,0.8732971121129924,
996.6,,,95.0,,
996.7,2227.0,,,,
996.9,,26.0,,0.5831433379445393,
997.1,,,95.0,,
997.2,1773.0,,,,
997.4,,24.0,,,
997.6,,,95.0,,
997.7,1533.0,,,,
997.9,,20.0,,-0.5816607822953626,
998.0,,,95.0,,
998.2,1534.0,,,,
998.3,,17.0,,-1.318887123045574,
998.5,,,95.0,,
998.6,1511.0,,,,
998.8,,13.0,,-1.92116880457878,
999.0,,,95.0,,
999.1,1535.0,,,,
999.3,,10.0,,-2.024710972653276,
999.4,,,95.0,,
999.6,1509.0,,,,
999.7,,9.0,,-1.62227092220539,
1000.0,2148.0,,95.0,,
1000.2,,9.0,,-1.1791162268011905,
1000.4,,,95.0,,
1000.5,1803.0,,,,
1000.6,,11.0,,,
1000.8,2271.0,,95.0,,
1001.0,,12.0,,,
1001.1,,,95.0,,
1001.2,2267.0,,,,
1001.3,,13.0,,0.7096980285277176,
1001.5,,,95.0,,
1001.7,2412.0,,,,
1001.9,,16.0,,1.1395309478340379,
1002.1,,,95.0,,
1002.2,2978.0,,,,
1002.5,,19.0,,1.2022967860238387,
1002.7,,,95.0,,
1002.8,3586.0,,,,
1003.0,,22.0,,1.3792008990536215,
1003.1,,,95.0,,
1003.2,3401.0,,,,
1003.4,,21.0,,,
1003.5,,,95.0,,
1003.7,2131.0,,,,
1003.8,,20.0,,,
1004.0,,,95.0,,
1004.2,1619.0,,,,
1004.3,,18.0,,-0.14871774902433127,
1004.5,,,95.0,,
1004.6,1639.0,,,,
1004.7,,16.0,,-0.95642718590716,
1004.9,,,95.0,,
1005.0,1618.0,,,,
1005.3,,12.0,95.0,-1.3503501944180196,
1005.4,1632.0,,,,
1005.5,,9.0,,-1.833052729621483,
1005.6,,,95.0,,
1005.7,1509.0,,,,
1005.8,,7.0,,-2.027191642957739,
1006.0,,,95.0,,
1006.1,1591.0,,,,
1006.3,,6.0,,-1.8093859260447664,
1006.4,,,95.0,,
1006.6,2173.0,,,,
1006.7,,6.0,,-1.133520894768749,
1006.9,,,95.0,,
1007.1,1786.0,,,,
1007.2,,6.0,,-0.49295651894771053,
1007.4,,,96.0,,
1007.5,1573.0,,,,
1007.7,,5.0,,-0.3006581973176695,
1007.8,,,96.0,,
1008.1,1537.0,,,,
1008.2,,3.0,,-0.42086653591521817,
1008.4,,,96.0,,
1008.6,1577.0,,,,
1008.7,,2.0,,-0.5605665722582869,
1008.9,,,96.0,,
1009.1,1520.0,,,,
1009.2,,0.0,,-0.8375526303415735,
1009.3,,,96.0,,
1009.5,1556.0,,,,
1009.6,,0.0,,-0.7311208283503062,
1009.7,,,96.0,,
1009.8,1533.0,,,,
1009.9,,0.0,,-0.4961418718079348,
1010.0,,,96.0,,
1010.1,1525.0,,,,
1010.3,,0.0,,-0.3523561839560306,
1010.5,,,96.0,,
1010.7,1502.0,,,,
1010.8,,0.0,,0.0,
1011.0,,,96.0,,
1011.2,1497.0,,,,
1011.4,,0.0,,0.0,
1011.6,,,96.0,,
1011.7,515.0,,,,
1011.9,,0.0,,0.0,
1012.0,,,96.0,,
1012.2,0.0,,,,
1012.4,,0.0,,0.0,
1012.5,,,96.0,,
1012.7,0.0,,,,
1012.8,,0.0,,0.0,
1013.0,,,96.0,,
1013.2,0.0,,,,
1013.3,,0.0,,0.0,
1013.4,,,96.0,,
1013.5,0.0,,,,
1013.7,,0.0,,0.0,
1013.8,,,96.0,,
1013.9,0.0,,,,
1014.1,,0.0,,0.0,
1014.2,,,96.0,,
1014.3,0.0,,,,
1014.5,,0.0,,0.0,
1014.6,,,96.0,,
21752.5,,,,,
